date,home_team,away_team,home_goals,away_goals,result,home_shots,away_shots,home_shots_target,away_shots_target,season,League
2010-08-14,Aston Villa,West Ham,3,0,H,23,12,11,2,2010_11,EPL
2010-08-14,Blackburn,Everton,1,0,H,7,17,2,12,2010_11,EPL
2010-08-14,Bolton,Fulham,0,0,D,13,12,9,7,2010_11,EPL
2010-08-14,Chelsea,West Brom,6,0,H,18,10,13,4,2010_11,EPL
2010-08-14,Sunderland,Birmingham,2,2,D,6,13,2,7,2010_11,EPL
2010-08-14,Tottenham,Man City,0,0,D,22,11,18,7,2010_11,EPL
2010-08-14,Wigan,Blackpool,0,4,A,11,9,6,7,2010_11,EPL
2010-08-14,Wolves,Stoke,2,1,H,13,10,7,6,2010_11,EPL
2010-08-15,Liverpool,Arsenal,1,1,D,7,14,4,7,2010_11,EPL
2010-08-16,Man United,Newcastle,3,0,H,18,7,10,3,2010_11,EPL
2010-08-21,Arsenal,Blackpool,6,0,H,26,3,16,1,2010_11,EPL
2010-08-21,Birmingham,Blackburn,2,1,H,10,7,7,2,2010_11,EPL
2010-08-21,Everton,Wolves,1,1,D,14,9,6,4,2010_11,EPL
2010-08-21,Stoke,Tottenham,1,2,A,15,7,10,6,2010_11,EPL
2010-08-21,West Brom,Sunderland,1,0,H,11,10,5,4,2010_11,EPL
2010-08-21,West Ham,Bolton,1,3,A,17,12,10,8,2010_11,EPL
2010-08-21,Wigan,Chelsea,0,6,A,17,10,12,8,2010_11,EPL
2010-08-22,Fulham,Man United,2,2,D,16,14,8,7,2010_11,EPL
2010-08-22,Newcastle,Aston Villa,6,0,H,20,3,14,1,2010_11,EPL
2010-08-23,Man City,Liverpool,3,0,H,8,13,3,7,2010_11,EPL
2010-08-28,Blackburn,Arsenal,1,2,A,15,14,7,9,2010_11,EPL
2010-08-28,Blackpool,Fulham,2,2,D,14,12,5,7,2010_11,EPL
2010-08-28,Chelsea,Stoke,2,0,H,15,9,6,3,2010_11,EPL
2010-08-28,Man United,West Ham,3,0,H,18,7,11,2,2010_11,EPL
2010-08-28,Tottenham,Wigan,0,1,A,12,13,7,5,2010_11,EPL
2010-08-28,Wolves,Newcastle,1,1,D,5,11,2,6,2010_11,EPL
2010-08-29,Aston Villa,Everton,1,0,H,12,15,6,9,2010_11,EPL
2010-08-29,Bolton,Birmingham,2,2,D,11,9,8,5,2010_11,EPL
2010-08-29,Liverpool,West Brom,1,0,H,11,14,7,5,2010_11,EPL
2010-08-29,Sunderland,Man City,1,0,H,12,9,4,7,2010_11,EPL
2010-09-11,Arsenal,Bolton,4,1,H,23,7,14,6,2010_11,EPL
2010-09-11,Everton,Man United,3,3,D,23,13,14,8,2010_11,EPL
2010-09-11,Fulham,Wolves,2,1,H,13,4,6,2,2010_11,EPL
2010-09-11,Man City,Blackburn,1,1,D,20,4,14,2,2010_11,EPL
2010-09-11,Newcastle,Blackpool,0,2,A,16,7,13,4,2010_11,EPL
2010-09-11,West Brom,Tottenham,1,1,D,15,16,8,9,2010_11,EPL
2010-09-11,West Ham,Chelsea,1,3,A,13,17,7,9,2010_11,EPL
2010-09-11,Wigan,Sunderland,1,1,D,17,4,4,2,2010_11,EPL
2010-09-12,Birmingham,Liverpool,0,0,D,15,14,3,8,2010_11,EPL
2010-09-13,Stoke,Aston Villa,2,1,H,20,10,12,6,2010_11,EPL
2010-09-18,Aston Villa,Bolton,1,1,D,13,13,6,7,2010_11,EPL
2010-09-18,Blackburn,Fulham,1,1,D,9,9,5,4,2010_11,EPL
2010-09-18,Everton,Newcastle,0,1,A,6,9,3,4,2010_11,EPL
2010-09-18,Stoke,West Ham,1,1,D,9,13,3,6,2010_11,EPL
2010-09-18,Sunderland,Arsenal,1,1,D,16,16,5,7,2010_11,EPL
2010-09-18,Tottenham,Wolves,3,1,H,20,5,11,2,2010_11,EPL
2010-09-18,West Brom,Birmingham,3,1,H,16,6,10,3,2010_11,EPL
2010-09-19,Chelsea,Blackpool,4,0,H,27,11,15,4,2010_11,EPL
2010-09-19,Man United,Liverpool,3,2,H,16,7,7,1,2010_11,EPL
2010-09-19,Wigan,Man City,0,2,A,9,11,3,5,2010_11,EPL
2010-09-25,Arsenal,West Brom,2,3,A,24,7,12,5,2010_11,EPL
2010-09-25,Birmingham,Wigan,0,0,D,10,17,4,10,2010_11,EPL
2010-09-25,Blackpool,Blackburn,1,2,A,11,13,8,8,2010_11,EPL
2010-09-25,Fulham,Everton,0,0,D,12,15,2,7,2010_11,EPL
2010-09-25,Liverpool,Sunderland,2,2,D,13,10,5,1,2010_11,EPL
2010-09-25,Man City,Chelsea,1,0,H,8,15,6,4,2010_11,EPL
2010-09-25,West Ham,Tottenham,1,0,H,22,17,15,11,2010_11,EPL
2010-09-26,Bolton,Man United,2,2,D,15,12,9,6,2010_11,EPL
2010-09-26,Newcastle,Stoke,1,2,A,11,8,7,2,2010_11,EPL
2010-09-26,Wolves,Aston Villa,1,2,A,14,10,12,8,2010_11,EPL
2010-10-02,Birmingham,Everton,0,2,A,6,11,3,6,2010_11,EPL
2010-10-02,Stoke,Blackburn,1,0,H,18,7,11,4,2010_11,EPL
2010-10-02,Sunderland,Man United,0,0,D,14,10,8,4,2010_11,EPL
2010-10-02,Tottenham,Aston Villa,2,1,H,19,13,10,4,2010_11,EPL
2010-10-02,West Brom,Bolton,1,1,D,17,10,9,5,2010_11,EPL
2010-10-02,West Ham,Fulham,1,1,D,12,17,5,5,2010_11,EPL
2010-10-02,Wigan,Wolves,2,0,H,24,2,17,0,2010_11,EPL
2010-10-03,Chelsea,Arsenal,2,0,H,11,13,6,5,2010_11,EPL
2010-10-03,Liverpool,Blackpool,1,2,A,19,11,10,7,2010_11,EPL
2010-10-03,Man City,Newcastle,2,1,H,9,8,5,4,2010_11,EPL
2010-10-16,Arsenal,Birmingham,2,1,H,18,6,13,4,2010_11,EPL
2010-10-16,Aston Villa,Chelsea,0,0,D,11,13,5,6,2010_11,EPL
2010-10-16,Bolton,Stoke,2,1,H,11,8,6,3,2010_11,EPL
2010-10-16,Fulham,Tottenham,1,2,A,11,14,5,6,2010_11,EPL
2010-10-16,Man United,West Brom,2,2,D,16,7,9,2,2010_11,EPL
2010-10-16,Newcastle,Wigan,2,2,D,9,8,4,4,2010_11,EPL
2010-10-16,Wolves,West Ham,1,1,D,9,9,5,7,2010_11,EPL
2010-10-17,Blackpool,Man City,2,3,A,16,13,5,8,2010_11,EPL
2010-10-17,Everton,Liverpool,2,0,H,9,15,6,9,2010_11,EPL
2010-10-18,Blackburn,Sunderland,0,0,D,9,16,3,7,2010_11,EPL
2010-10-23,Birmingham,Blackpool,2,0,H,17,14,8,6,2010_11,EPL
2010-10-23,Chelsea,Wolves,2,0,H,17,12,10,9,2010_11,EPL
2010-10-23,Sunderland,Aston Villa,1,0,H,13,11,6,7,2010_11,EPL
2010-10-23,Tottenham,Everton,1,1,D,13,7,8,3,2010_11,EPL
2010-10-23,West Brom,Fulham,2,1,H,14,9,7,3,2010_11,EPL
2010-10-23,West Ham,Newcastle,1,2,A,5,13,1,8,2010_11,EPL
2010-10-23,Wigan,Bolton,1,1,D,15,9,9,2,2010_11,EPL
2010-10-24,Liverpool,Blackburn,2,1,H,17,4,10,2,2010_11,EPL
2010-10-24,Man City,Arsenal,0,3,A,9,12,6,8,2010_11,EPL
2010-10-24,Stoke,Man United,1,2,A,6,12,2,5,2010_11,EPL
2010-10-30,Arsenal,West Ham,1,0,H,20,6,13,3,2010_11,EPL
2010-10-30,Blackburn,Chelsea,1,2,A,13,16,6,9,2010_11,EPL
2010-10-30,Everton,Stoke,1,0,H,18,9,10,1,2010_11,EPL
2010-10-30,Fulham,Wigan,2,0,H,15,8,9,3,2010_11,EPL
2010-10-30,Man United,Tottenham,2,0,H,18,11,10,5,2010_11,EPL
2010-10-30,Wolves,Man City,2,1,H,10,17,6,9,2010_11,EPL
2010-10-31,Aston Villa,Birmingham,0,0,D,7,10,3,6,2010_11,EPL
2010-10-31,Bolton,Liverpool,0,1,A,14,10,10,4,2010_11,EPL
2010-10-31,Newcastle,Sunderland,5,1,H,16,11,12,5,2010_11,EPL
2010-11-01,Blackpool,West Brom,2,1,H,21,12,8,5,2010_11,EPL
2010-11-06,Birmingham,West Ham,2,2,D,8,16,5,8,2010_11,EPL
2010-11-06,Blackburn,Wigan,2,1,H,10,16,3,10,2010_11,EPL
2010-11-06,Blackpool,Everton,2,2,D,11,20,8,14,2010_11,EPL
2010-11-06,Bolton,Tottenham,4,2,H,18,11,8,6,2010_11,EPL
2010-11-06,Fulham,Aston Villa,1,1,D,14,15,10,8,2010_11,EPL
2010-11-06,Man United,Wolves,2,1,H,14,8,10,6,2010_11,EPL
2010-11-06,Sunderland,Stoke,2,0,H,14,11,7,5,2010_11,EPL
2010-11-07,Arsenal,Newcastle,0,1,A,11,7,8,2,2010_11,EPL
2010-11-07,Liverpool,Chelsea,2,0,H,9,11,7,7,2010_11,EPL
2010-11-07,West Brom,Man City,0,2,A,13,9,7,5,2010_11,EPL
2010-11-09,Stoke,Birmingham,3,2,H,19,14,12,10,2010_11,EPL
2010-11-09,Tottenham,Sunderland,1,1,D,20,8,12,4,2010_11,EPL
2010-11-10,Aston Villa,Blackpool,3,2,H,19,12,12,6,2010_11,EPL
2010-11-10,Chelsea,Fulham,1,0,H,19,5,10,3,2010_11,EPL
2010-11-10,Everton,Bolton,1,1,D,23,10,12,5,2010_11,EPL
2010-11-10,Man City,Man United,0,0,D,6,7,4,4,2010_11,EPL
2010-11-10,Newcastle,Blackburn,1,2,A,9,7,3,5,2010_11,EPL
2010-11-10,West Ham,West Brom,2,2,D,8,14,5,6,2010_11,EPL
2010-11-10,Wigan,Liverpool,1,1,D,10,8,8,3,2010_11,EPL
2010-11-10,Wolves,Arsenal,0,2,A,14,12,7,8,2010_11,EPL
2010-11-13,Aston Villa,Man United,2,2,D,12,16,6,10,2010_11,EPL
2010-11-13,Man City,Birmingham,0,0,D,21,5,11,3,2010_11,EPL
2010-11-13,Newcastle,Fulham,0,0,D,13,10,7,8,2010_11,EPL
2010-11-13,Stoke,Liverpool,2,0,H,14,10,7,6,2010_11,EPL
2010-11-13,Tottenham,Blackburn,4,2,H,20,12,12,8,2010_11,EPL
2010-11-13,West Ham,Blackpool,0,0,D,17,16,4,5,2010_11,EPL
2010-11-13,Wigan,West Brom,1,0,H,13,12,4,6,2010_11,EPL
2010-11-13,Wolves,Bolton,2,3,A,10,13,6,7,2010_11,EPL
2010-11-14,Chelsea,Sunderland,0,3,A,14,19,7,9,2010_11,EPL
2010-11-14,Everton,Arsenal,1,2,A,14,13,7,8,2010_11,EPL
2010-11-20,Arsenal,Tottenham,2,3,A,12,10,7,6,2010_11,EPL
2010-11-20,Birmingham,Chelsea,1,0,H,1,24,1,9,2010_11,EPL
2010-11-20,Blackpool,Wolves,2,1,H,13,19,9,10,2010_11,EPL
2010-11-20,Bolton,Newcastle,5,1,H,18,6,9,1,2010_11,EPL
2010-11-20,Liverpool,West Ham,3,0,H,19,6,11,1,2010_11,EPL
2010-11-20,Man United,Wigan,2,0,H,17,10,12,4,2010_11,EPL
2010-11-20,West Brom,Stoke,0,3,A,15,6,8,4,2010_11,EPL
2010-11-21,Blackburn,Aston Villa,2,0,H,14,16,5,11,2010_11,EPL
2010-11-21,Fulham,Man City,1,4,A,9,11,3,8,2010_11,EPL
2010-11-22,Sunderland,Everton,2,2,D,13,10,8,8,2010_11,EPL
2010-11-27,Aston Villa,Arsenal,2,4,A,6,17,4,10,2010_11,EPL
2010-11-27,Bolton,Blackpool,2,2,D,24,16,14,10,2010_11,EPL
2010-11-27,Everton,West Brom,1,4,A,12,7,4,3,2010_11,EPL
2010-11-27,Fulham,Birmingham,1,1,D,11,7,7,3,2010_11,EPL
2010-11-27,Man United,Blackburn,7,1,H,15,3,11,2,2010_11,EPL
2010-11-27,Stoke,Man City,1,1,D,16,9,9,4,2010_11,EPL
2010-11-27,West Ham,Wigan,3,1,H,15,10,9,10,2010_11,EPL
2010-11-27,Wolves,Sunderland,3,2,H,14,15,8,9,2010_11,EPL
2010-11-28,Newcastle,Chelsea,1,1,D,5,17,3,13,2010_11,EPL
2010-11-28,Tottenham,Liverpool,2,1,H,20,12,13,8,2010_11,EPL
2010-12-04,Arsenal,Fulham,2,1,H,15,11,9,7,2010_11,EPL
2010-12-04,Birmingham,Tottenham,1,1,D,13,10,5,5,2010_11,EPL
2010-12-04,Blackburn,Wolves,3,0,H,10,10,7,7,2010_11,EPL
2010-12-04,Chelsea,Everton,1,1,D,12,16,5,7,2010_11,EPL
2010-12-04,Man City,Bolton,1,0,H,19,7,10,2,2010_11,EPL
2010-12-04,Wigan,Stoke,2,2,D,15,11,8,7,2010_11,EPL
2010-12-05,Sunderland,West Ham,1,0,H,17,8,12,2,2010_11,EPL
2010-12-05,West Brom,Newcastle,3,1,H,20,11,12,7,2010_11,EPL
2010-12-06,Liverpool,Aston Villa,3,0,H,12,5,7,2,2010_11,EPL
2010-12-11,Aston Villa,West Brom,2,1,H,6,11,3,4,2010_11,EPL
2010-12-11,Everton,Wigan,0,0,D,16,5,8,4,2010_11,EPL
2010-12-11,Fulham,Sunderland,0,0,D,14,11,13,2,2010_11,EPL
2010-12-11,Newcastle,Liverpool,3,1,H,8,16,5,7,2010_11,EPL
2010-12-11,Stoke,Blackpool,0,1,A,16,10,5,5,2010_11,EPL
2010-12-11,West Ham,Man City,1,3,A,13,12,3,7,2010_11,EPL
2010-12-12,Bolton,Blackburn,2,1,H,12,16,7,11,2010_11,EPL
2010-12-12,Tottenham,Chelsea,1,1,D,10,13,3,7,2010_11,EPL
2010-12-12,Wolves,Birmingham,1,0,H,14,3,9,0,2010_11,EPL
2010-12-13,Man United,Arsenal,1,0,H,14,11,10,6,2010_11,EPL
2010-12-18,Blackburn,West Ham,1,1,D,13,11,5,3,2010_11,EPL
2010-12-18,Sunderland,Bolton,1,0,H,13,12,5,8,2010_11,EPL
2010-12-20,Man City,Everton,1,2,A,25,4,15,3,2010_11,EPL
2010-12-26,Aston Villa,Tottenham,1,2,A,26,13,15,8,2010_11,EPL
2010-12-26,Blackburn,Stoke,0,2,A,12,11,8,9,2010_11,EPL
2010-12-26,Bolton,West Brom,2,0,H,12,15,8,9,2010_11,EPL
2010-12-26,Fulham,West Ham,1,3,A,13,10,6,7,2010_11,EPL
2010-12-26,Man United,Sunderland,2,0,H,14,6,10,2,2010_11,EPL
2010-12-26,Newcastle,Man City,1,3,A,20,9,10,6,2010_11,EPL
2010-12-26,Wolves,Wigan,1,2,A,8,13,4,8,2010_11,EPL
2010-12-27,Arsenal,Chelsea,3,1,H,10,10,8,4,2010_11,EPL
2010-12-28,Birmingham,Man United,1,1,D,8,10,3,4,2010_11,EPL
2010-12-28,Man City,Aston Villa,4,0,H,11,9,8,4,2010_11,EPL
2010-12-28,Stoke,Fulham,0,2,A,14,4,8,3,2010_11,EPL
2010-12-28,Sunderland,Blackpool,0,2,A,32,9,16,4,2010_11,EPL
2010-12-28,Tottenham,Newcastle,2,0,H,13,12,8,8,2010_11,EPL
2010-12-28,West Brom,Blackburn,1,3,A,21,6,11,4,2010_11,EPL
2010-12-28,West Ham,Everton,1,1,D,11,13,2,5,2010_11,EPL
2010-12-29,Chelsea,Bolton,1,0,H,12,6,7,2,2010_11,EPL
2010-12-29,Liverpool,Wolves,0,1,A,9,7,5,3,2010_11,EPL
2010-12-29,Wigan,Arsenal,2,2,D,7,15,5,9,2010_11,EPL
2011-01-01,Birmingham,Arsenal,0,3,A,2,18,1,11,2010_11,EPL
2011-01-01,Liverpool,Bolton,2,1,H,16,10,7,4,2010_11,EPL
2011-01-01,Man City,Blackpool,1,0,H,15,8,4,6,2010_11,EPL
2011-01-01,Stoke,Everton,2,0,H,7,15,3,10,2010_11,EPL
2011-01-01,Sunderland,Blackburn,3,0,H,13,11,7,3,2010_11,EPL
2011-01-01,Tottenham,Fulham,1,0,H,13,12,9,4,2010_11,EPL
2011-01-01,West Brom,Man United,1,2,A,17,5,8,3,2010_11,EPL
2011-01-01,West Ham,Wolves,2,0,H,11,15,6,10,2010_11,EPL
2011-01-02,Chelsea,Aston Villa,3,3,D,15,16,10,10,2010_11,EPL
2011-01-02,Wigan,Newcastle,0,1,A,9,13,4,5,2010_11,EPL
2011-01-04,Blackpool,Birmingham,1,2,A,19,11,13,7,2010_11,EPL
2011-01-04,Fulham,West Brom,3,0,H,12,12,6,4,2010_11,EPL
2011-01-04,Man United,Stoke,2,1,H,18,5,7,1,2010_11,EPL
2011-01-05,Arsenal,Man City,0,0,D,13,5,8,0,2010_11,EPL
2011-01-05,Aston Villa,Sunderland,0,1,A,8,11,2,5,2010_11,EPL
2011-01-05,Blackburn,Liverpool,3,1,H,10,13,4,9,2010_11,EPL
2011-01-05,Bolton,Wigan,1,1,D,14,10,7,7,2010_11,EPL
2011-01-05,Everton,Tottenham,2,1,H,19,13,12,5,2010_11,EPL
2011-01-05,Newcastle,West Ham,5,0,H,11,13,7,6,2010_11,EPL
2011-01-05,Wolves,Chelsea,1,0,H,3,17,2,8,2010_11,EPL
2011-01-12,Blackpool,Liverpool,2,1,H,13,10,9,6,2010_11,EPL
2011-01-15,Chelsea,Blackburn,2,0,H,27,3,11,2,2010_11,EPL
2011-01-15,Man City,Wolves,4,3,H,15,10,12,7,2010_11,EPL
2011-01-15,Stoke,Bolton,2,0,H,12,13,5,6,2010_11,EPL
2011-01-15,West Brom,Blackpool,3,2,H,18,9,11,2,2010_11,EPL
2011-01-15,West Ham,Arsenal,0,3,A,7,19,6,13,2010_11,EPL
2011-01-15,Wigan,Fulham,1,1,D,8,14,5,5,2010_11,EPL
2011-01-16,Birmingham,Aston Villa,1,1,D,14,13,4,3,2010_11,EPL
2011-01-16,Liverpool,Everton,2,2,D,19,10,14,5,2010_11,EPL
2011-01-16,Sunderland,Newcastle,1,1,D,10,9,7,2,2010_11,EPL
2011-01-16,Tottenham,Man United,0,0,D,16,7,6,4,2010_11,EPL
2011-01-22,Arsenal,Wigan,3,0,H,23,3,15,1,2010_11,EPL
2011-01-22,Aston Villa,Man City,1,0,H,10,24,8,14,2010_11,EPL
2011-01-22,Blackpool,Sunderland,1,2,A,13,11,7,6,2010_11,EPL
2011-01-22,Everton,West Ham,2,2,D,11,13,6,5,2010_11,EPL
2011-01-22,Fulham,Stoke,2,0,H,10,9,7,1,2010_11,EPL
2011-01-22,Man United,Birmingham,5,0,H,23,6,9,1,2010_11,EPL
2011-01-22,Newcastle,Tottenham,1,1,D,13,14,6,9,2010_11,EPL
2011-01-22,Wolves,Liverpool,0,3,A,11,15,4,10,2010_11,EPL
2011-01-23,Blackburn,West Brom,2,0,H,17,24,12,20,2010_11,EPL
2011-01-24,Bolton,Chelsea,0,4,A,11,14,8,11,2010_11,EPL
2011-01-25,Blackpool,Man United,2,3,A,6,17,4,13,2010_11,EPL
2011-01-25,Wigan,Aston Villa,1,2,A,19,11,8,10,2010_11,EPL
2011-01-26,Liverpool,Fulham,1,0,H,11,12,7,8,2010_11,EPL
2011-02-01,Arsenal,Everton,2,1,H,19,4,10,4,2010_11,EPL
2011-02-01,Man United,Aston Villa,3,1,H,18,9,11,5,2010_11,EPL
2011-02-01,Sunderland,Chelsea,2,4,A,4,21,3,14,2010_11,EPL
2011-02-01,West Brom,Wigan,2,2,D,21,11,10,7,2010_11,EPL
2011-02-02,Birmingham,Man City,2,2,D,14,12,7,9,2010_11,EPL
2011-02-02,Blackburn,Tottenham,0,1,A,17,6,9,5,2010_11,EPL
2011-02-02,Blackpool,West Ham,1,3,A,13,12,8,10,2010_11,EPL
2011-02-02,Bolton,Wolves,1,0,H,13,11,8,5,2010_11,EPL
2011-02-02,Fulham,Newcastle,1,0,H,11,4,9,3,2010_11,EPL
2011-02-02,Liverpool,Stoke,2,0,H,13,6,9,1,2010_11,EPL
2011-02-05,Aston Villa,Fulham,2,2,D,10,13,5,9,2010_11,EPL
2011-02-05,Everton,Blackpool,5,3,H,23,11,16,7,2010_11,EPL
2011-02-05,Man City,West Brom,3,0,H,13,17,9,9,2010_11,EPL
2011-02-05,Newcastle,Arsenal,4,4,D,16,13,8,10,2010_11,EPL
2011-02-05,Stoke,Sunderland,3,2,H,18,11,9,7,2010_11,EPL
2011-02-05,Tottenham,Bolton,2,1,H,13,8,7,3,2010_11,EPL
2011-02-05,Wigan,Blackburn,4,3,H,11,9,7,5,2010_11,EPL
2011-02-05,Wolves,Man United,2,1,H,6,14,5,7,2010_11,EPL
2011-02-06,Chelsea,Liverpool,0,1,A,14,7,4,4,2010_11,EPL
2011-02-06,West Ham,Birmingham,0,1,A,16,9,9,3,2010_11,EPL
2011-02-12,Arsenal,Wolves,2,0,H,17,2,8,0,2010_11,EPL
2011-02-12,Birmingham,Stoke,1,0,H,10,15,4,5,2010_11,EPL
2011-02-12,Blackburn,Newcastle,0,0,D,4,12,0,6,2010_11,EPL
2011-02-12,Blackpool,Aston Villa,1,1,D,14,7,5,4,2010_11,EPL
2011-02-12,Liverpool,Wigan,1,1,D,13,8,5,2,2010_11,EPL
2011-02-12,Man United,Man City,2,1,H,11,13,6,8,2010_11,EPL
2011-02-12,Sunderland,Tottenham,1,2,A,16,11,10,5,2010_11,EPL
2011-02-12,West Brom,West Ham,3,3,D,15,18,11,11,2010_11,EPL
2011-02-13,Bolton,Everton,2,0,H,11,9,5,4,2010_11,EPL
2011-02-14,Fulham,Chelsea,0,0,D,12,23,8,9,2010_11,EPL
2011-02-15,Birmingham,Newcastle,0,2,A,11,10,5,7,2010_11,EPL
2011-02-20,West Brom,Wolves,1,1,D,19,6,11,2,2010_11,EPL
2011-02-22,Blackpool,Tottenham,3,1,H,8,25,4,10,2010_11,EPL
2011-02-23,Arsenal,Stoke,1,0,H,9,7,4,4,2010_11,EPL
2011-02-26,Aston Villa,Blackburn,4,1,H,17,5,10,2,2010_11,EPL
2011-02-26,Everton,Sunderland,2,0,H,17,12,9,7,2010_11,EPL
2011-02-26,Newcastle,Bolton,1,1,D,13,17,6,10,2010_11,EPL
2011-02-26,Wigan,Man United,0,4,A,10,14,4,9,2010_11,EPL
2011-02-26,Wolves,Blackpool,4,0,H,15,2,11,1,2010_11,EPL
2011-02-27,Man City,Fulham,1,1,D,14,11,4,5,2010_11,EPL
2011-02-27,West Ham,Liverpool,3,1,H,17,12,11,8,2010_11,EPL
2011-02-28,Stoke,West Brom,1,1,D,6,16,3,11,2010_11,EPL
2011-03-01,Chelsea,Man United,2,1,H,17,12,11,7,2010_11,EPL
2011-03-05,Arsenal,Sunderland,0,0,D,14,6,7,3,2010_11,EPL
2011-03-05,Birmingham,West Brom,1,3,A,9,9,4,5,2010_11,EPL
2011-03-05,Bolton,Aston Villa,3,2,H,15,10,9,6,2010_11,EPL
2011-03-05,Fulham,Blackburn,3,2,H,15,12,11,9,2010_11,EPL
2011-03-05,Man City,Wigan,1,0,H,7,12,3,5,2010_11,EPL
2011-03-05,Newcastle,Everton,1,2,A,10,13,8,8,2010_11,EPL
2011-03-05,West Ham,Stoke,3,0,H,15,7,10,5,2010_11,EPL
2011-03-06,Liverpool,Man United,3,1,H,17,12,10,7,2010_11,EPL
2011-03-06,Wolves,Tottenham,3,3,D,13,15,4,10,2010_11,EPL
2011-03-07,Blackpool,Chelsea,1,3,A,14,18,5,11,2010_11,EPL
2011-03-09,Everton,Birmingham,1,1,D,17,5,11,3,2010_11,EPL
2011-03-19,Aston Villa,Wolves,0,1,A,11,8,5,5,2010_11,EPL
2011-03-19,Blackburn,Blackpool,2,2,D,24,8,7,6,2010_11,EPL
2011-03-19,Everton,Fulham,2,1,H,16,12,12,6,2010_11,EPL
2011-03-19,Man United,Bolton,1,0,H,14,11,8,6,2010_11,EPL
2011-03-19,Stoke,Newcastle,4,0,H,8,14,6,9,2010_11,EPL
2011-03-19,Tottenham,West Ham,0,0,D,26,11,14,5,2010_11,EPL
2011-03-19,West Brom,Arsenal,2,2,D,4,18,3,11,2010_11,EPL
2011-03-19,Wigan,Birmingham,2,1,H,16,7,13,4,2010_11,EPL
2011-03-20,Chelsea,Man City,2,0,H,16,5,11,2,2010_11,EPL
2011-03-20,Sunderland,Liverpool,0,2,A,3,10,1,4,2010_11,EPL
2011-04-02,Arsenal,Blackburn,0,0,D,19,7,11,2,2010_11,EPL
2011-04-02,Birmingham,Bolton,2,1,H,9,19,6,12,2010_11,EPL
2011-04-02,Everton,Aston Villa,2,2,D,14,7,7,5,2010_11,EPL
2011-04-02,Newcastle,Wolves,4,1,H,17,13,13,9,2010_11,EPL
2011-04-02,Stoke,Chelsea,1,1,D,13,20,6,10,2010_11,EPL
2011-04-02,West Brom,Liverpool,2,1,H,17,13,14,9,2010_11,EPL
2011-04-02,West Ham,Man United,2,4,A,6,18,2,9,2010_11,EPL
2011-04-02,Wigan,Tottenham,0,0,D,14,10,5,6,2010_11,EPL
2011-04-03,Fulham,Blackpool,3,0,H,13,10,11,6,2010_11,EPL
2011-04-03,Man City,Sunderland,5,0,H,14,8,12,4,2010_11,EPL
2011-04-09,Blackburn,Birmingham,1,1,D,15,6,5,5,2010_11,EPL
2011-04-09,Bolton,West Ham,3,0,H,23,14,12,8,2010_11,EPL
2011-04-09,Chelsea,Wigan,1,0,H,21,11,13,7,2010_11,EPL
2011-04-09,Man United,Fulham,2,0,H,16,12,12,5,2010_11,EPL
2011-04-09,Sunderland,West Brom,2,3,A,7,12,4,8,2010_11,EPL
2011-04-09,Tottenham,Stoke,3,2,H,9,10,8,5,2010_11,EPL
2011-04-09,Wolves,Everton,0,3,A,11,9,7,6,2010_11,EPL
2011-04-10,Aston Villa,Newcastle,1,0,H,13,6,7,4,2010_11,EPL
2011-04-10,Blackpool,Arsenal,1,3,A,12,16,6,7,2010_11,EPL
2011-04-11,Liverpool,Man City,3,0,H,15,13,7,4,2010_11,EPL
2011-04-16,Birmingham,Sunderland,2,0,H,10,15,4,7,2010_11,EPL
2011-04-16,Blackpool,Wigan,1,3,A,14,9,9,5,2010_11,EPL
2011-04-16,Everton,Blackburn,2,0,H,17,4,7,2,2010_11,EPL
2011-04-16,West Brom,Chelsea,1,3,A,12,19,6,11,2010_11,EPL
2011-04-16,West Ham,Aston Villa,1,2,A,12,21,7,11,2010_11,EPL
2011-04-17,Arsenal,Liverpool,1,1,D,12,9,6,5,2010_11,EPL
2011-04-19,Newcastle,Man United,0,0,D,12,18,5,8,2010_11,EPL
2011-04-20,Chelsea,Birmingham,3,1,H,17,6,7,3,2010_11,EPL
2011-04-20,Tottenham,Arsenal,3,3,D,16,13,9,9,2010_11,EPL
2011-04-23,Aston Villa,Stoke,1,1,D,7,4,2,3,2010_11,EPL
2011-04-23,Blackpool,Newcastle,1,1,D,18,9,7,6,2010_11,EPL
2011-04-23,Chelsea,West Ham,3,0,H,16,12,11,7,2010_11,EPL
2011-04-23,Liverpool,Birmingham,5,0,H,17,10,13,6,2010_11,EPL
2011-04-23,Man United,Everton,1,0,H,21,5,12,3,2010_11,EPL
2011-04-23,Sunderland,Wigan,4,2,H,11,11,7,7,2010_11,EPL
2011-04-23,Tottenham,West Brom,2,2,D,19,10,9,4,2010_11,EPL
2011-04-23,Wolves,Fulham,1,1,D,12,15,3,5,2010_11,EPL
2011-04-24,Bolton,Arsenal,2,1,H,11,17,10,7,2010_11,EPL
2011-04-25,Blackburn,Man City,0,1,A,12,10,6,5,2010_11,EPL
2011-04-26,Stoke,Wolves,3,0,H,17,5,8,1,2010_11,EPL
2011-04-27,Fulham,Bolton,3,0,H,18,14,7,6,2010_11,EPL
2011-04-30,Blackburn,Bolton,1,0,H,17,11,8,3,2010_11,EPL
2011-04-30,Blackpool,Stoke,0,0,D,11,9,6,6,2010_11,EPL
2011-04-30,Chelsea,Tottenham,2,1,H,16,12,10,7,2010_11,EPL
2011-04-30,Sunderland,Fulham,0,3,A,11,9,7,6,2010_11,EPL
2011-04-30,West Brom,Aston Villa,2,1,H,8,11,4,6,2010_11,EPL
2011-04-30,Wigan,Everton,1,1,D,13,3,9,3,2010_11,EPL
2011-05-01,Arsenal,Man United,1,0,H,9,11,2,7,2010_11,EPL
2011-05-01,Birmingham,Wolves,1,1,D,8,7,1,2,2010_11,EPL
2011-05-01,Liverpool,Newcastle,3,0,H,9,7,5,3,2010_11,EPL
2011-05-01,Man City,West Ham,2,1,H,19,7,12,4,2010_11,EPL
2011-05-07,Aston Villa,Wigan,1,1,D,10,7,7,4,2010_11,EPL
2011-05-07,Bolton,Sunderland,1,2,A,17,10,9,6,2010_11,EPL
2011-05-07,Everton,Man City,2,1,H,10,12,6,7,2010_11,EPL
2011-05-07,Newcastle,Birmingham,2,1,H,19,5,14,2,2010_11,EPL
2011-05-07,Tottenham,Blackpool,1,1,D,20,13,11,7,2010_11,EPL
2011-05-07,West Ham,Blackburn,1,1,D,24,8,15,4,2010_11,EPL
2011-05-08,Man United,Chelsea,2,1,H,13,19,8,11,2010_11,EPL
2011-05-08,Stoke,Arsenal,3,1,H,12,14,7,5,2010_11,EPL
2011-05-08,Wolves,West Brom,3,1,H,14,14,10,6,2010_11,EPL
2011-05-09,Fulham,Liverpool,2,5,A,10,16,7,11,2010_11,EPL
2011-05-10,Man City,Tottenham,1,0,H,7,14,4,7,2010_11,EPL
2011-05-14,Blackburn,Man United,1,1,D,6,9,2,4,2010_11,EPL
2011-05-14,Blackpool,Bolton,4,3,H,12,17,8,9,2010_11,EPL
2011-05-14,Sunderland,Wolves,1,3,A,14,10,9,6,2010_11,EPL
2011-05-14,West Brom,Everton,1,0,H,14,23,9,10,2010_11,EPL
2011-05-15,Arsenal,Aston Villa,1,2,A,24,8,15,5,2010_11,EPL
2011-05-15,Birmingham,Fulham,0,2,A,7,18,2,9,2010_11,EPL
2011-05-15,Chelsea,Newcastle,2,2,D,15,13,7,9,2010_11,EPL
2011-05-15,Liverpool,Tottenham,0,2,A,10,8,2,4,2010_11,EPL
2011-05-15,Wigan,West Ham,3,2,H,19,13,10,10,2010_11,EPL
2011-05-17,Man City,Stoke,3,0,H,16,4,9,2,2010_11,EPL
2011-05-22,Aston Villa,Liverpool,1,0,H,10,9,8,4,2010_11,EPL
2011-05-22,Bolton,Man City,0,2,A,16,16,8,10,2010_11,EPL
2011-05-22,Everton,Chelsea,1,0,H,11,19,3,9,2010_11,EPL
2011-05-22,Fulham,Arsenal,2,2,D,10,12,6,6,2010_11,EPL
2011-05-22,Man United,Blackpool,4,2,H,18,14,11,7,2010_11,EPL
2011-05-22,Newcastle,West Brom,3,3,D,15,13,10,7,2010_11,EPL
2011-05-22,Stoke,Wigan,0,1,A,11,11,5,9,2010_11,EPL
2011-05-22,Tottenham,Birmingham,2,1,H,22,7,16,3,2010_11,EPL
2011-05-22,West Ham,Sunderland,0,3,A,17,17,12,12,2010_11,EPL
2011-05-22,Wolves,Blackburn,2,3,A,12,13,5,10,2010_11,EPL
2011-08-13,Blackburn,Wolves,1,2,A,16,13,8,4,2011_12,EPL
2011-08-13,Fulham,Aston Villa,0,0,D,13,7,9,1,2011_12,EPL
2011-08-13,Liverpool,Sunderland,1,1,D,11,15,4,6,2011_12,EPL
2011-08-13,Newcastle,Arsenal,0,0,D,6,9,1,4,2011_12,EPL
2011-08-13,QPR,Bolton,0,4,A,13,13,7,7,2011_12,EPL
2011-08-13,Wigan,Norwich,1,1,D,18,13,11,3,2011_12,EPL
2011-08-14,Stoke,Chelsea,0,0,D,6,20,3,11,2011_12,EPL
2011-08-14,West Brom,Man United,1,2,A,14,11,8,5,2011_12,EPL
2011-08-15,Man City,Swansea,4,0,H,26,8,19,5,2011_12,EPL
2011-08-20,Arsenal,Liverpool,0,2,A,10,13,6,8,2011_12,EPL
2011-08-20,Aston Villa,Blackburn,3,1,H,9,10,6,6,2011_12,EPL
2011-08-20,Chelsea,West Brom,2,1,H,22,6,12,4,2011_12,EPL
2011-08-20,Everton,QPR,0,1,A,14,4,7,3,2011_12,EPL
2011-08-20,Sunderland,Newcastle,0,1,A,15,12,5,10,2011_12,EPL
2011-08-20,Swansea,Wigan,0,0,D,12,10,6,4,2011_12,EPL
2011-08-21,Bolton,Man City,2,3,A,6,17,4,9,2011_12,EPL
2011-08-21,Norwich,Stoke,1,1,D,9,15,7,5,2011_12,EPL
2011-08-21,Wolves,Fulham,2,0,H,17,8,7,4,2011_12,EPL
2011-08-22,Man United,Tottenham,3,0,H,27,20,21,12,2011_12,EPL
2011-08-27,Aston Villa,Wolves,0,0,D,15,3,5,2,2011_12,EPL
2011-08-27,Blackburn,Everton,0,1,A,14,9,6,4,2011_12,EPL
2011-08-27,Chelsea,Norwich,3,1,H,16,9,8,6,2011_12,EPL
2011-08-27,Liverpool,Bolton,3,1,H,17,7,9,4,2011_12,EPL
2011-08-27,Swansea,Sunderland,0,0,D,15,12,6,8,2011_12,EPL
2011-08-27,Wigan,QPR,2,0,H,13,19,10,9,2011_12,EPL
2011-08-28,Man United,Arsenal,8,2,H,25,19,15,13,2011_12,EPL
2011-08-28,Newcastle,Fulham,2,1,H,13,16,9,9,2011_12,EPL
2011-08-28,Tottenham,Man City,1,5,A,15,22,10,12,2011_12,EPL
2011-08-28,West Brom,Stoke,0,1,A,16,7,7,1,2011_12,EPL
2011-09-10,Arsenal,Swansea,1,0,H,18,10,8,5,2011_12,EPL
2011-09-10,Bolton,Man United,0,5,A,20,13,13,9,2011_12,EPL
2011-09-10,Everton,Aston Villa,2,2,D,17,7,10,3,2011_12,EPL
2011-09-10,Man City,Wigan,3,0,H,23,9,10,5,2011_12,EPL
2011-09-10,Stoke,Liverpool,1,0,H,3,20,1,11,2011_12,EPL
2011-09-10,Sunderland,Chelsea,1,2,A,14,16,7,8,2011_12,EPL
2011-09-10,Wolves,Tottenham,0,2,A,10,17,6,11,2011_12,EPL
2011-09-11,Fulham,Blackburn,1,1,D,13,10,8,5,2011_12,EPL
2011-09-11,Norwich,West Brom,0,1,A,17,14,5,9,2011_12,EPL
2011-09-12,QPR,Newcastle,0,0,D,14,8,5,3,2011_12,EPL
2011-09-17,Aston Villa,Newcastle,1,1,D,10,21,2,13,2011_12,EPL
2011-09-17,Blackburn,Arsenal,4,3,H,10,24,5,16,2011_12,EPL
2011-09-17,Bolton,Norwich,1,2,A,7,11,7,5,2011_12,EPL
2011-09-17,Everton,Wigan,3,1,H,17,9,10,4,2011_12,EPL
2011-09-17,Swansea,West Brom,3,0,H,7,13,5,8,2011_12,EPL
2011-09-17,Wolves,QPR,0,3,A,13,17,6,12,2011_12,EPL
2011-09-18,Fulham,Man City,2,2,D,14,18,11,11,2011_12,EPL
2011-09-18,Man United,Chelsea,3,1,H,12,20,7,9,2011_12,EPL
2011-09-18,Sunderland,Stoke,4,0,H,8,9,7,5,2011_12,EPL
2011-09-18,Tottenham,Liverpool,4,0,H,24,5,16,2,2011_12,EPL
2011-09-24,Arsenal,Bolton,3,0,H,23,3,14,3,2011_12,EPL
2011-09-24,Chelsea,Swansea,4,1,H,15,5,7,4,2011_12,EPL
2011-09-24,Liverpool,Wolves,2,1,H,14,11,6,6,2011_12,EPL
2011-09-24,Man City,Everton,2,0,H,18,7,8,3,2011_12,EPL
2011-09-24,Newcastle,Blackburn,3,1,H,19,4,8,1,2011_12,EPL
2011-09-24,Stoke,Man United,1,1,D,14,13,8,9,2011_12,EPL
2011-09-24,West Brom,Fulham,0,0,D,8,18,5,9,2011_12,EPL
2011-09-24,Wigan,Tottenham,1,2,A,5,14,4,7,2011_12,EPL
2011-09-25,QPR,Aston Villa,1,1,D,17,8,9,4,2011_12,EPL
2011-09-26,Norwich,Sunderland,2,1,H,11,12,8,6,2011_12,EPL
2011-10-01,Aston Villa,Wigan,2,0,H,16,14,10,9,2011_12,EPL
2011-10-01,Blackburn,Man City,0,4,A,5,19,4,12,2011_12,EPL
2011-10-01,Everton,Liverpool,0,2,A,12,15,4,9,2011_12,EPL
2011-10-01,Man United,Norwich,2,0,H,17,13,9,6,2011_12,EPL
2011-10-01,Sunderland,West Brom,2,2,D,12,7,7,3,2011_12,EPL
2011-10-01,Wolves,Newcastle,1,2,A,25,10,12,6,2011_12,EPL
2011-10-02,Bolton,Chelsea,1,5,A,14,21,10,14,2011_12,EPL
2011-10-02,Fulham,QPR,6,0,H,19,17,13,10,2011_12,EPL
2011-10-02,Swansea,Stoke,2,0,H,9,11,5,6,2011_12,EPL
2011-10-02,Tottenham,Arsenal,2,1,H,16,13,8,7,2011_12,EPL
2011-10-15,Chelsea,Everton,3,1,H,7,9,5,5,2011_12,EPL
2011-10-15,Liverpool,Man United,1,1,D,14,10,8,3,2011_12,EPL
2011-10-15,Man City,Aston Villa,4,1,H,15,8,10,6,2011_12,EPL
2011-10-15,Norwich,Swansea,3,1,H,15,12,8,4,2011_12,EPL
2011-10-15,QPR,Blackburn,1,1,D,12,10,6,9,2011_12,EPL
2011-10-15,Stoke,Fulham,2,0,H,14,4,6,1,2011_12,EPL
2011-10-15,Wigan,Bolton,1,3,A,13,14,9,11,2011_12,EPL
2011-10-16,Arsenal,Sunderland,2,1,H,20,8,11,4,2011_12,EPL
2011-10-16,Newcastle,Tottenham,2,2,D,12,11,7,8,2011_12,EPL
2011-10-16,West Brom,Wolves,2,0,H,17,13,11,10,2011_12,EPL
2011-10-22,Aston Villa,West Brom,1,2,A,3,8,0,5,2011_12,EPL
2011-10-22,Bolton,Sunderland,0,2,A,15,18,8,10,2011_12,EPL
2011-10-22,Liverpool,Norwich,1,1,D,25,12,15,10,2011_12,EPL
2011-10-22,Newcastle,Wigan,1,0,H,13,12,10,5,2011_12,EPL
2011-10-22,Wolves,Swansea,2,2,D,20,16,13,14,2011_12,EPL
2011-10-23,Arsenal,Stoke,3,1,H,9,5,5,2,2011_12,EPL
2011-10-23,Blackburn,Tottenham,1,2,A,19,9,8,7,2011_12,EPL
2011-10-23,Fulham,Everton,1,3,A,15,11,8,7,2011_12,EPL
2011-10-23,Man United,Man City,1,6,A,12,19,8,12,2011_12,EPL
2011-10-23,QPR,Chelsea,1,0,H,8,14,3,7,2011_12,EPL
2011-10-29,Chelsea,Arsenal,3,5,A,12,13,10,8,2011_12,EPL
2011-10-29,Everton,Man United,0,1,A,18,7,11,6,2011_12,EPL
2011-10-29,Man City,Wolves,3,1,H,18,9,9,2,2011_12,EPL
2011-10-29,Norwich,Blackburn,3,3,D,13,12,6,7,2011_12,EPL
2011-10-29,Sunderland,Aston Villa,2,2,D,13,10,8,5,2011_12,EPL
2011-10-29,Swansea,Bolton,3,1,H,20,8,12,3,2011_12,EPL
2011-10-29,West Brom,Liverpool,0,2,A,10,17,6,7,2011_12,EPL
2011-10-29,Wigan,Fulham,0,2,A,18,7,9,5,2011_12,EPL
2011-10-30,Tottenham,QPR,3,1,H,22,12,13,8,2011_12,EPL
2011-10-31,Stoke,Newcastle,1,3,A,10,6,4,2,2011_12,EPL
2011-11-05,Arsenal,West Brom,3,0,H,12,9,7,4,2011_12,EPL
2011-11-05,Aston Villa,Norwich,3,2,H,12,9,6,7,2011_12,EPL
2011-11-05,Blackburn,Chelsea,0,1,A,13,12,8,8,2011_12,EPL
2011-11-05,Liverpool,Swansea,0,0,D,18,9,10,3,2011_12,EPL
2011-11-05,Man United,Sunderland,1,0,H,15,9,9,3,2011_12,EPL
2011-11-05,Newcastle,Everton,2,1,H,10,14,6,6,2011_12,EPL
2011-11-05,QPR,Man City,2,3,A,18,16,9,8,2011_12,EPL
2011-11-06,Bolton,Stoke,5,0,H,20,9,16,6,2011_12,EPL
2011-11-06,Fulham,Tottenham,1,3,A,26,8,20,8,2011_12,EPL
2011-11-06,Wolves,Wigan,3,1,H,13,13,12,7,2011_12,EPL
2011-11-19,Everton,Wolves,2,1,H,13,4,9,1,2011_12,EPL
2011-11-19,Man City,Newcastle,3,1,H,12,10,9,7,2011_12,EPL
2011-11-19,Norwich,Arsenal,1,2,A,7,20,4,14,2011_12,EPL
2011-11-19,Stoke,QPR,2,3,A,17,9,7,8,2011_12,EPL
2011-11-19,Sunderland,Fulham,0,0,D,13,13,8,9,2011_12,EPL
2011-11-19,Swansea,Man United,0,1,A,9,13,6,7,2011_12,EPL
2011-11-19,West Brom,Bolton,2,1,H,16,8,9,6,2011_12,EPL
2011-11-19,Wigan,Blackburn,3,3,D,21,6,11,2,2011_12,EPL
2011-11-20,Chelsea,Liverpool,1,2,A,18,9,5,3,2011_12,EPL
2011-11-21,Tottenham,Aston Villa,2,0,H,20,5,9,1,2011_12,EPL
2011-11-26,Arsenal,Fulham,1,1,D,20,10,12,6,2011_12,EPL
2011-11-26,Bolton,Everton,0,2,A,8,17,7,14,2011_12,EPL
2011-11-26,Chelsea,Wolves,3,0,H,17,7,11,2,2011_12,EPL
2011-11-26,Man United,Newcastle,1,1,D,23,8,13,6,2011_12,EPL
2011-11-26,Norwich,QPR,2,1,H,15,13,8,4,2011_12,EPL
2011-11-26,Stoke,Blackburn,3,1,H,8,16,5,12,2011_12,EPL
2011-11-26,Sunderland,Wigan,1,2,A,17,7,11,4,2011_12,EPL
2011-11-26,West Brom,Tottenham,1,3,A,9,23,5,14,2011_12,EPL
2011-11-27,Liverpool,Man City,1,1,D,17,7,9,3,2011_12,EPL
2011-11-27,Swansea,Aston Villa,0,0,D,6,9,2,4,2011_12,EPL
2011-12-03,Aston Villa,Man United,0,1,A,7,11,3,5,2011_12,EPL
2011-12-03,Blackburn,Swansea,4,2,H,14,10,9,5,2011_12,EPL
2011-12-03,Man City,Norwich,5,1,H,21,5,16,2,2011_12,EPL
2011-12-03,Newcastle,Chelsea,0,3,A,16,21,9,13,2011_12,EPL
2011-12-03,QPR,West Brom,1,1,D,14,15,4,10,2011_12,EPL
2011-12-03,Tottenham,Bolton,3,0,H,25,13,16,9,2011_12,EPL
2011-12-03,Wigan,Arsenal,0,4,A,7,16,4,10,2011_12,EPL
2011-12-04,Everton,Stoke,0,1,A,11,7,4,4,2011_12,EPL
2011-12-04,Wolves,Sunderland,2,1,H,15,18,10,12,2011_12,EPL
2011-12-05,Fulham,Liverpool,1,0,H,19,17,13,9,2011_12,EPL
2011-12-10,Arsenal,Everton,1,0,H,12,7,7,1,2011_12,EPL
2011-12-10,Bolton,Aston Villa,1,2,A,17,17,12,11,2011_12,EPL
2011-12-10,Liverpool,QPR,1,0,H,21,6,15,2,2011_12,EPL
2011-12-10,Man United,Wolves,4,1,H,22,11,18,8,2011_12,EPL
2011-12-10,Norwich,Newcastle,4,2,H,13,11,11,8,2011_12,EPL
2011-12-10,Swansea,Fulham,2,0,H,16,12,8,7,2011_12,EPL
2011-12-10,West Brom,Wigan,1,2,A,13,7,8,4,2011_12,EPL
2011-12-11,Stoke,Tottenham,2,1,H,10,15,7,12,2011_12,EPL
2011-12-11,Sunderland,Blackburn,2,1,H,22,3,12,2,2011_12,EPL
2011-12-12,Chelsea,Man City,2,1,H,13,7,7,4,2011_12,EPL
2011-12-17,Blackburn,West Brom,1,2,A,17,13,14,6,2011_12,EPL
2011-12-17,Everton,Norwich,1,1,D,28,7,15,1,2011_12,EPL
2011-12-17,Fulham,Bolton,2,0,H,16,14,9,6,2011_12,EPL
2011-12-17,Newcastle,Swansea,0,0,D,17,3,6,0,2011_12,EPL
2011-12-17,Wigan,Chelsea,1,1,D,15,10,7,5,2011_12,EPL
2011-12-17,Wolves,Stoke,1,2,A,10,8,5,4,2011_12,EPL
2011-12-18,Aston Villa,Liverpool,0,2,A,16,19,8,12,2011_12,EPL
2011-12-18,Man City,Arsenal,1,0,H,15,12,9,8,2011_12,EPL
2011-12-18,QPR,Man United,0,2,A,11,19,3,12,2011_12,EPL
2011-12-18,Tottenham,Sunderland,1,0,H,16,8,12,4,2011_12,EPL
2011-12-20,Blackburn,Bolton,1,2,A,17,8,7,5,2011_12,EPL
2011-12-20,Wolves,Norwich,2,2,D,18,18,9,14,2011_12,EPL
2011-12-21,Aston Villa,Arsenal,1,2,A,10,8,4,6,2011_12,EPL
2011-12-21,Everton,Swansea,1,0,H,13,4,6,4,2011_12,EPL
2011-12-21,Fulham,Man United,0,5,A,13,14,8,12,2011_12,EPL
2011-12-21,Man City,Stoke,3,0,H,20,2,16,0,2011_12,EPL
2011-12-21,Newcastle,West Brom,2,3,A,21,14,11,8,2011_12,EPL
2011-12-21,QPR,Sunderland,2,3,A,17,17,9,13,2011_12,EPL
2011-12-21,Wigan,Liverpool,0,0,D,15,18,10,10,2011_12,EPL
2011-12-22,Tottenham,Chelsea,1,1,D,16,20,10,10,2011_12,EPL
2011-12-26,Bolton,Newcastle,0,2,A,4,12,3,7,2011_12,EPL
2011-12-26,Chelsea,Fulham,1,1,D,24,9,15,6,2011_12,EPL
2011-12-26,Liverpool,Blackburn,1,1,D,28,5,13,2,2011_12,EPL
2011-12-26,Man United,Wigan,5,0,H,17,9,9,5,2011_12,EPL
2011-12-26,Stoke,Aston Villa,0,0,D,7,10,2,4,2011_12,EPL
2011-12-26,Sunderland,Everton,1,1,D,12,9,8,3,2011_12,EPL
2011-12-26,West Brom,Man City,0,0,D,7,18,3,9,2011_12,EPL
2011-12-27,Arsenal,Wolves,1,1,D,23,6,17,4,2011_12,EPL
2011-12-27,Norwich,Tottenham,0,2,A,8,19,4,8,2011_12,EPL
2011-12-27,Swansea,QPR,1,1,D,7,12,4,7,2011_12,EPL
2011-12-30,Liverpool,Newcastle,3,1,H,15,5,7,2,2011_12,EPL
2011-12-31,Arsenal,QPR,1,0,H,16,6,7,3,2011_12,EPL
2011-12-31,Bolton,Wolves,1,1,D,13,8,9,5,2011_12,EPL
2011-12-31,Chelsea,Aston Villa,1,3,A,16,12,5,9,2011_12,EPL
2011-12-31,Man United,Blackburn,2,3,A,26,10,13,5,2011_12,EPL
2011-12-31,Norwich,Fulham,1,1,D,18,11,9,6,2011_12,EPL
2011-12-31,Stoke,Wigan,2,2,D,12,10,3,6,2011_12,EPL
2011-12-31,Swansea,Tottenham,1,1,D,14,12,8,7,2011_12,EPL
2012-01-01,Sunderland,Man City,1,0,H,8,25,5,11,2011_12,EPL
2012-01-01,West Brom,Everton,0,1,A,10,13,2,8,2011_12,EPL
2012-01-02,Aston Villa,Swansea,0,2,A,10,8,2,4,2011_12,EPL
2012-01-02,Blackburn,Stoke,1,2,A,14,8,7,3,2011_12,EPL
2012-01-02,Fulham,Arsenal,2,1,H,21,17,8,10,2011_12,EPL
2012-01-02,QPR,Norwich,1,2,A,9,13,6,6,2011_12,EPL
2012-01-02,Wolves,Chelsea,1,2,A,9,15,5,10,2011_12,EPL
2012-01-03,Man City,Liverpool,3,0,H,10,18,8,10,2011_12,EPL
2012-01-03,Tottenham,West Brom,1,0,H,20,8,14,2,2011_12,EPL
2012-01-03,Wigan,Sunderland,1,4,A,20,10,10,9,2011_12,EPL
2012-01-04,Everton,Bolton,1,2,A,10,12,4,7,2011_12,EPL
2012-01-04,Newcastle,Man United,3,0,H,10,6,6,6,2011_12,EPL
2012-01-11,Tottenham,Everton,2,0,H,14,11,7,4,2011_12,EPL
2012-01-14,Aston Villa,Everton,1,1,D,17,7,11,4,2011_12,EPL
2012-01-14,Blackburn,Fulham,3,1,H,15,17,11,7,2011_12,EPL
2012-01-14,Chelsea,Sunderland,1,0,H,21,9,10,4,2011_12,EPL
2012-01-14,Liverpool,Stoke,0,0,D,13,3,5,1,2011_12,EPL
2012-01-14,Man United,Bolton,3,0,H,19,11,9,5,2011_12,EPL
2012-01-14,Tottenham,Wolves,1,1,D,22,5,10,3,2011_12,EPL
2012-01-14,West Brom,Norwich,1,2,A,16,7,8,4,2011_12,EPL
2012-01-15,Newcastle,QPR,1,0,H,9,15,4,9,2011_12,EPL
2012-01-15,Swansea,Arsenal,3,2,H,9,14,5,9,2011_12,EPL
2012-01-16,Wigan,Man City,0,1,A,7,12,4,8,2011_12,EPL
2012-01-21,Bolton,Liverpool,3,1,H,15,11,8,8,2011_12,EPL
2012-01-21,Everton,Blackburn,1,1,D,15,14,8,8,2011_12,EPL
2012-01-21,Fulham,Newcastle,5,2,H,10,15,7,9,2011_12,EPL
2012-01-21,Norwich,Chelsea,0,0,D,5,19,3,9,2011_12,EPL
2012-01-21,QPR,Wigan,3,1,H,16,9,8,4,2011_12,EPL
2012-01-21,Stoke,West Brom,1,2,A,10,15,3,6,2011_12,EPL
2012-01-21,Sunderland,Swansea,2,0,H,7,11,2,4,2011_12,EPL
2012-01-21,Wolves,Aston Villa,2,3,A,13,11,9,5,2011_12,EPL
2012-01-22,Arsenal,Man United,1,2,A,12,9,6,5,2011_12,EPL
2012-01-22,Man City,Tottenham,3,2,H,13,12,7,7,2011_12,EPL
2012-01-31,Everton,Man City,1,0,H,9,17,4,11,2011_12,EPL
2012-01-31,Man United,Stoke,2,0,H,11,8,7,3,2011_12,EPL
2012-01-31,Swansea,Chelsea,1,1,D,7,20,5,10,2011_12,EPL
2012-01-31,Tottenham,Wigan,3,1,H,20,10,13,6,2011_12,EPL
2012-01-31,Wolves,Liverpool,0,3,A,5,23,1,14,2011_12,EPL
2012-02-01,Aston Villa,QPR,2,2,D,23,3,15,3,2011_12,EPL
2012-02-01,Blackburn,Newcastle,0,2,A,23,9,12,5,2011_12,EPL
2012-02-01,Bolton,Arsenal,0,0,D,14,16,8,7,2011_12,EPL
2012-02-01,Fulham,West Brom,1,1,D,13,15,6,11,2011_12,EPL
2012-02-01,Sunderland,Norwich,3,0,H,10,12,6,4,2011_12,EPL
2012-02-04,Arsenal,Blackburn,7,1,H,20,3,11,3,2011_12,EPL
2012-02-04,Man City,Fulham,3,0,H,16,11,10,8,2011_12,EPL
2012-02-04,Norwich,Bolton,2,0,H,22,10,9,6,2011_12,EPL
2012-02-04,QPR,Wolves,1,2,A,13,14,8,6,2011_12,EPL
2012-02-04,Stoke,Sunderland,0,1,A,9,4,6,2,2011_12,EPL
2012-02-04,West Brom,Swansea,1,2,A,18,15,11,8,2011_12,EPL
2012-02-04,Wigan,Everton,1,1,D,2,8,1,4,2011_12,EPL
2012-02-05,Chelsea,Man United,3,3,D,19,14,10,10,2011_12,EPL
2012-02-05,Newcastle,Aston Villa,2,1,H,16,13,8,8,2011_12,EPL
2012-02-06,Liverpool,Tottenham,0,0,D,15,9,10,6,2011_12,EPL
2012-02-11,Blackburn,QPR,3,2,H,7,25,5,13,2011_12,EPL
2012-02-11,Bolton,Wigan,1,2,A,13,10,8,6,2011_12,EPL
2012-02-11,Everton,Chelsea,2,0,H,10,8,7,7,2011_12,EPL
2012-02-11,Fulham,Stoke,2,1,H,11,12,4,4,2011_12,EPL
2012-02-11,Man United,Liverpool,2,1,H,11,9,6,6,2011_12,EPL
2012-02-11,Sunderland,Arsenal,1,2,A,8,10,5,8,2011_12,EPL
2012-02-11,Swansea,Norwich,2,3,A,16,18,9,11,2011_12,EPL
2012-02-11,Tottenham,Newcastle,5,0,H,18,7,9,3,2011_12,EPL
2012-02-12,Aston Villa,Man City,0,1,A,9,17,5,10,2011_12,EPL
2012-02-12,Wolves,West Brom,1,5,A,10,26,8,16,2011_12,EPL
2012-02-25,Chelsea,Bolton,3,0,H,25,8,16,1,2011_12,EPL
2012-02-25,Man City,Blackburn,3,0,H,20,2,13,2,2011_12,EPL
2012-02-25,Newcastle,Wolves,2,2,D,13,7,8,6,2011_12,EPL
2012-02-25,QPR,Fulham,0,1,A,17,7,8,3,2011_12,EPL
2012-02-25,West Brom,Sunderland,4,0,H,18,10,13,4,2011_12,EPL
2012-02-25,Wigan,Aston Villa,0,0,D,14,10,6,3,2011_12,EPL
2012-02-26,Arsenal,Tottenham,5,2,H,21,8,13,4,2011_12,EPL
2012-02-26,Norwich,Man United,1,2,A,16,11,7,9,2011_12,EPL
2012-02-26,Stoke,Swansea,2,0,H,9,11,6,6,2011_12,EPL
2012-03-03,Blackburn,Aston Villa,1,1,D,15,17,9,12,2011_12,EPL
2012-03-03,Liverpool,Arsenal,1,2,A,12,10,4,7,2011_12,EPL
2012-03-03,Man City,Bolton,2,0,H,23,8,10,5,2011_12,EPL
2012-03-03,QPR,Everton,1,1,D,22,8,10,5,2011_12,EPL
2012-03-03,Stoke,Norwich,1,0,H,11,7,7,5,2011_12,EPL
2012-03-03,West Brom,Chelsea,1,0,H,19,13,11,6,2011_12,EPL
2012-03-03,Wigan,Swansea,0,2,A,14,12,8,8,2011_12,EPL
2012-03-04,Fulham,Wolves,5,0,H,25,8,19,3,2011_12,EPL
2012-03-04,Newcastle,Sunderland,1,1,D,24,7,12,6,2011_12,EPL
2012-03-04,Tottenham,Man United,1,3,A,18,6,9,5,2011_12,EPL
2012-03-10,Aston Villa,Fulham,1,0,H,19,5,8,1,2011_12,EPL
2012-03-10,Bolton,QPR,2,1,H,11,17,7,11,2011_12,EPL
2012-03-10,Chelsea,Stoke,1,0,H,21,8,11,3,2011_12,EPL
2012-03-10,Everton,Tottenham,1,0,H,9,21,5,9,2011_12,EPL
2012-03-10,Sunderland,Liverpool,1,0,H,6,9,1,5,2011_12,EPL
2012-03-10,Wolves,Blackburn,0,2,A,14,12,7,8,2011_12,EPL
2012-03-11,Man United,West Brom,2,0,H,20,6,9,3,2011_12,EPL
2012-03-11,Norwich,Wigan,1,1,D,13,18,6,9,2011_12,EPL
2012-03-11,Swansea,Man City,1,0,H,8,18,5,13,2011_12,EPL
2012-03-12,Arsenal,Newcastle,2,1,H,21,5,13,3,2011_12,EPL
2012-03-13,Liverpool,Everton,3,0,H,15,5,10,3,2011_12,EPL
2012-03-17,Fulham,Swansea,0,3,A,14,10,7,7,2011_12,EPL
2012-03-17,Wigan,West Brom,1,1,D,20,8,6,2,2011_12,EPL
2012-03-18,Newcastle,Norwich,1,0,H,15,12,10,5,2011_12,EPL
2012-03-18,Wolves,Man United,0,5,A,7,22,3,18,2011_12,EPL
2012-03-20,Blackburn,Sunderland,2,0,H,16,2,9,0,2011_12,EPL
2012-03-21,Everton,Arsenal,0,1,A,7,12,2,8,2011_12,EPL
2012-03-21,Man City,Chelsea,2,1,H,20,6,10,5,2011_12,EPL
2012-03-21,QPR,Liverpool,3,2,H,10,18,5,11,2011_12,EPL
2012-03-21,Tottenham,Stoke,1,1,D,24,8,18,2,2011_12,EPL
2012-03-24,Arsenal,Aston Villa,3,0,H,20,3,12,2,2011_12,EPL
2012-03-24,Bolton,Blackburn,2,1,H,12,10,6,4,2011_12,EPL
2012-03-24,Chelsea,Tottenham,0,0,D,10,19,5,7,2011_12,EPL
2012-03-24,Liverpool,Wigan,1,2,A,12,6,9,5,2011_12,EPL
2012-03-24,Norwich,Wolves,2,1,H,15,10,11,6,2011_12,EPL
2012-03-24,Stoke,Man City,1,1,D,10,16,3,11,2011_12,EPL
2012-03-24,Sunderland,QPR,3,1,H,15,10,8,6,2011_12,EPL
2012-03-24,Swansea,Everton,0,2,A,10,15,3,8,2011_12,EPL
2012-03-25,West Brom,Newcastle,1,3,A,14,10,6,7,2011_12,EPL
2012-03-26,Man United,Fulham,1,0,H,19,5,16,4,2011_12,EPL
2012-03-31,Aston Villa,Chelsea,2,4,A,9,12,5,9,2011_12,EPL
2012-03-31,Everton,West Brom,2,0,H,16,9,9,5,2011_12,EPL
2012-03-31,Fulham,Norwich,2,1,H,14,16,9,8,2011_12,EPL
2012-03-31,Man City,Sunderland,3,3,D,19,8,10,4,2011_12,EPL
2012-03-31,QPR,Arsenal,2,1,H,10,13,8,7,2011_12,EPL
2012-03-31,Wigan,Stoke,2,0,H,13,6,11,2,2011_12,EPL
2012-03-31,Wolves,Bolton,2,3,A,14,19,8,11,2011_12,EPL
2012-04-01,Newcastle,Liverpool,2,0,H,11,9,7,6,2011_12,EPL
2012-04-01,Tottenham,Swansea,3,1,H,15,11,10,7,2011_12,EPL
2012-04-02,Blackburn,Man United,0,2,A,11,14,6,6,2011_12,EPL
2012-04-06,Swansea,Newcastle,0,2,A,19,5,13,4,2011_12,EPL
2012-04-07,Bolton,Fulham,0,3,A,13,11,7,8,2011_12,EPL
2012-04-07,Chelsea,Wigan,2,1,H,19,13,10,7,2011_12,EPL
2012-04-07,Liverpool,Aston Villa,1,1,D,21,5,5,3,2011_12,EPL
2012-04-07,Norwich,Everton,2,2,D,14,9,11,5,2011_12,EPL
2012-04-07,Stoke,Wolves,2,1,H,14,9,6,5,2011_12,EPL
2012-04-07,Sunderland,Tottenham,0,0,D,12,15,9,8,2011_12,EPL
2012-04-07,West Brom,Blackburn,3,0,H,9,16,6,10,2011_12,EPL
2012-04-08,Arsenal,Man City,1,0,H,12,7,7,2,2011_12,EPL
2012-04-08,Man United,QPR,2,0,H,24,9,14,7,2011_12,EPL
2012-04-09,Aston Villa,Stoke,1,1,D,7,7,3,3,2011_12,EPL
2012-04-09,Everton,Sunderland,4,0,H,22,3,12,0,2011_12,EPL
2012-04-09,Fulham,Chelsea,1,1,D,11,12,9,4,2011_12,EPL
2012-04-09,Newcastle,Bolton,2,0,H,8,9,4,6,2011_12,EPL
2012-04-09,Tottenham,Norwich,1,2,A,13,12,9,6,2011_12,EPL
2012-04-10,Blackburn,Liverpool,2,3,A,10,16,4,12,2011_12,EPL
2012-04-11,Man City,West Brom,4,0,H,17,4,12,1,2011_12,EPL
2012-04-11,QPR,Swansea,3,0,H,16,9,8,6,2011_12,EPL
2012-04-11,Wigan,Man United,1,0,H,11,8,8,3,2011_12,EPL
2012-04-11,Wolves,Arsenal,0,3,A,9,10,6,7,2011_12,EPL
2012-04-14,Norwich,Man City,1,6,A,16,22,8,17,2011_12,EPL
2012-04-14,Sunderland,Wolves,0,0,D,15,12,6,8,2011_12,EPL
2012-04-14,Swansea,Blackburn,3,0,H,16,7,8,2,2011_12,EPL
2012-04-14,West Brom,QPR,1,0,H,15,16,10,6,2011_12,EPL
2012-04-15,Man United,Aston Villa,4,0,H,24,10,16,4,2011_12,EPL
2012-04-16,Arsenal,Wigan,1,2,A,18,12,8,7,2011_12,EPL
2012-04-21,Arsenal,Chelsea,0,0,D,13,13,8,7,2011_12,EPL
2012-04-21,Aston Villa,Sunderland,0,0,D,12,10,7,5,2011_12,EPL
2012-04-21,Blackburn,Norwich,2,0,H,9,12,6,5,2011_12,EPL
2012-04-21,Bolton,Swansea,1,1,D,7,20,5,12,2011_12,EPL
2012-04-21,Fulham,Wigan,2,1,H,15,9,9,5,2011_12,EPL
2012-04-21,Newcastle,Stoke,3,0,H,16,7,11,2,2011_12,EPL
2012-04-21,QPR,Tottenham,1,0,H,12,17,5,8,2011_12,EPL
2012-04-22,Liverpool,West Brom,0,1,A,28,9,12,4,2011_12,EPL
2012-04-22,Man United,Everton,4,4,D,20,17,11,10,2011_12,EPL
2012-04-22,Wolves,Man City,0,2,A,7,17,4,9,2011_12,EPL
2012-04-24,Aston Villa,Bolton,1,2,A,17,12,6,11,2011_12,EPL
2012-04-28,Everton,Fulham,4,0,H,11,6,7,5,2011_12,EPL
2012-04-28,Norwich,Liverpool,0,3,A,8,15,3,9,2011_12,EPL
2012-04-28,Stoke,Arsenal,1,1,D,6,17,4,10,2011_12,EPL
2012-04-28,Sunderland,Bolton,2,2,D,12,16,6,9,2011_12,EPL
2012-04-28,Swansea,Wolves,4,4,D,10,15,8,9,2011_12,EPL
2012-04-28,West Brom,Aston Villa,0,0,D,13,8,7,5,2011_12,EPL
2012-04-28,Wigan,Newcastle,4,0,H,10,11,8,3,2011_12,EPL
2012-04-29,Chelsea,QPR,6,1,H,25,11,18,7,2011_12,EPL
2012-04-29,Tottenham,Blackburn,2,0,H,19,0,8,0,2011_12,EPL
2012-04-30,Man City,Man United,1,0,H,12,4,5,2,2011_12,EPL
2012-05-01,Liverpool,Fulham,0,1,A,18,7,5,4,2011_12,EPL
2012-05-01,Stoke,Everton,1,1,D,10,11,5,4,2011_12,EPL
2012-05-02,Bolton,Tottenham,1,4,A,14,13,8,10,2011_12,EPL
2012-05-02,Chelsea,Newcastle,0,2,A,17,12,6,6,2011_12,EPL
2012-05-05,Arsenal,Norwich,3,3,D,20,12,13,6,2011_12,EPL
2012-05-06,Aston Villa,Tottenham,1,1,D,4,21,2,10,2011_12,EPL
2012-05-06,Bolton,West Brom,2,2,D,11,17,6,13,2011_12,EPL
2012-05-06,Fulham,Sunderland,2,1,H,20,12,15,7,2011_12,EPL
2012-05-06,Man United,Swansea,2,0,H,26,13,18,9,2011_12,EPL
2012-05-06,Newcastle,Man City,0,2,A,14,19,9,12,2011_12,EPL
2012-05-06,QPR,Stoke,1,0,H,21,8,12,1,2011_12,EPL
2012-05-06,Wolves,Everton,0,0,D,7,18,1,10,2011_12,EPL
2012-05-07,Blackburn,Wigan,0,1,A,12,19,7,9,2011_12,EPL
2012-05-08,Liverpool,Chelsea,4,1,H,23,9,13,5,2011_12,EPL
2012-05-13,Chelsea,Blackburn,2,1,H,18,8,6,5,2011_12,EPL
2012-05-13,Everton,Newcastle,3,1,H,17,11,11,5,2011_12,EPL
2012-05-13,Man City,QPR,3,2,H,35,3,24,3,2011_12,EPL
2012-05-13,Norwich,Aston Villa,2,0,H,21,9,12,5,2011_12,EPL
2012-05-13,Stoke,Bolton,2,2,D,12,20,8,8,2011_12,EPL
2012-05-13,Sunderland,Man United,0,1,A,6,17,5,9,2011_12,EPL
2012-05-13,Swansea,Liverpool,1,0,H,13,14,8,9,2011_12,EPL
2012-05-13,Tottenham,Fulham,2,0,H,15,10,9,7,2011_12,EPL
2012-05-13,West Brom,Arsenal,2,3,A,12,12,8,8,2011_12,EPL
2012-05-13,Wigan,Wolves,3,2,H,14,10,10,7,2011_12,EPL
2012-08-18,Arsenal,Sunderland,0,0,D,14,3,4,2,2012_13,EPL
2012-08-18,Fulham,Norwich,5,0,H,11,4,9,2,2012_13,EPL
2012-08-18,Newcastle,Tottenham,2,1,H,6,12,4,6,2012_13,EPL
2012-08-18,QPR,Swansea,0,5,A,20,12,11,8,2012_13,EPL
2012-08-18,Reading,Stoke,1,1,D,9,6,3,3,2012_13,EPL
2012-08-18,West Brom,Liverpool,3,0,H,15,14,10,7,2012_13,EPL
2012-08-18,West Ham,Aston Villa,1,0,H,8,10,4,6,2012_13,EPL
2012-08-19,Man City,Southampton,3,2,H,20,9,15,6,2012_13,EPL
2012-08-19,Wigan,Chelsea,0,2,A,12,5,4,3,2012_13,EPL
2012-08-20,Everton,Man United,1,0,H,16,12,7,7,2012_13,EPL
2012-08-22,Chelsea,Reading,4,2,H,23,7,11,5,2012_13,EPL
2012-08-25,Aston Villa,Everton,1,3,A,7,19,3,11,2012_13,EPL
2012-08-25,Chelsea,Newcastle,2,0,H,11,11,6,5,2012_13,EPL
2012-08-25,Man United,Fulham,3,2,H,20,14,11,11,2012_13,EPL
2012-08-25,Norwich,QPR,1,1,D,13,6,4,4,2012_13,EPL
2012-08-25,Southampton,Wigan,0,2,A,14,12,9,8,2012_13,EPL
2012-08-25,Swansea,West Ham,3,0,H,10,7,7,6,2012_13,EPL
2012-08-25,Tottenham,West Brom,1,1,D,18,10,10,5,2012_13,EPL
2012-08-26,Liverpool,Man City,2,2,D,15,11,8,5,2012_13,EPL
2012-08-26,Stoke,Arsenal,0,0,D,7,16,4,6,2012_13,EPL
2012-09-01,Man City,QPR,3,1,H,19,9,12,5,2012_13,EPL
2012-09-01,Swansea,Sunderland,2,2,D,14,4,10,3,2012_13,EPL
2012-09-01,Tottenham,Norwich,1,1,D,15,10,9,4,2012_13,EPL
2012-09-01,West Brom,Everton,2,0,H,14,12,8,5,2012_13,EPL
2012-09-01,West Ham,Fulham,3,0,H,17,14,12,13,2012_13,EPL
2012-09-01,Wigan,Stoke,2,2,D,9,16,5,8,2012_13,EPL
2012-09-02,Liverpool,Arsenal,0,2,A,17,11,8,7,2012_13,EPL
2012-09-02,Newcastle,Aston Villa,1,1,D,16,13,6,9,2012_13,EPL
2012-09-02,Southampton,Man United,2,3,A,15,18,8,9,2012_13,EPL
2012-09-15,Arsenal,Southampton,6,1,H,20,9,12,4,2012_13,EPL
2012-09-15,Aston Villa,Swansea,2,0,H,17,10,13,5,2012_13,EPL
2012-09-15,Fulham,West Brom,3,0,H,23,10,14,8,2012_13,EPL
2012-09-15,Man United,Wigan,4,0,H,17,8,10,4,2012_13,EPL
2012-09-15,Norwich,West Ham,0,0,D,20,9,14,4,2012_13,EPL
2012-09-15,QPR,Chelsea,0,0,D,10,13,6,9,2012_13,EPL
2012-09-15,Stoke,Man City,1,1,D,4,15,3,11,2012_13,EPL
2012-09-15,Sunderland,Liverpool,1,1,D,6,20,4,9,2012_13,EPL
2012-09-16,Reading,Tottenham,1,3,A,4,22,2,11,2012_13,EPL
2012-09-17,Everton,Newcastle,2,2,D,17,11,10,7,2012_13,EPL
2012-09-22,Chelsea,Stoke,1,0,H,17,13,9,6,2012_13,EPL
2012-09-22,Southampton,Aston Villa,4,1,H,12,8,4,2,2012_13,EPL
2012-09-22,Swansea,Everton,0,3,A,18,30,11,19,2012_13,EPL
2012-09-22,West Brom,Reading,1,0,H,9,8,4,1,2012_13,EPL
2012-09-22,West Ham,Sunderland,1,1,D,20,4,11,2,2012_13,EPL
2012-09-22,Wigan,Fulham,1,2,A,18,12,9,9,2012_13,EPL
2012-09-23,Liverpool,Man United,1,2,A,13,8,8,4,2012_13,EPL
2012-09-23,Man City,Arsenal,1,1,D,14,10,10,4,2012_13,EPL
2012-09-23,Newcastle,Norwich,1,0,H,16,8,8,3,2012_13,EPL
2012-09-23,Tottenham,QPR,2,1,H,18,9,14,6,2012_13,EPL
2012-09-29,Arsenal,Chelsea,1,2,A,14,10,5,5,2012_13,EPL
2012-09-29,Everton,Southampton,3,1,H,17,8,9,2,2012_13,EPL
2012-09-29,Fulham,Man City,1,2,A,7,21,3,12,2012_13,EPL
2012-09-29,Man United,Tottenham,2,3,A,15,10,8,6,2012_13,EPL
2012-09-29,Norwich,Liverpool,2,5,A,10,10,7,6,2012_13,EPL
2012-09-29,Reading,Newcastle,2,2,D,14,8,7,3,2012_13,EPL
2012-09-29,Stoke,Swansea,2,0,H,10,8,5,0,2012_13,EPL
2012-09-29,Sunderland,Wigan,1,0,H,11,8,6,3,2012_13,EPL
2012-09-30,Aston Villa,West Brom,1,1,D,19,14,8,7,2012_13,EPL
2012-10-01,QPR,West Ham,1,2,A,13,17,9,10,2012_13,EPL
2012-10-06,Chelsea,Norwich,4,1,H,20,7,13,4,2012_13,EPL
2012-10-06,Man City,Sunderland,3,0,H,26,8,16,6,2012_13,EPL
2012-10-06,Swansea,Reading,2,2,D,25,8,16,6,2012_13,EPL
2012-10-06,West Brom,QPR,3,2,H,13,13,8,6,2012_13,EPL
2012-10-06,West Ham,Arsenal,1,3,A,7,20,3,14,2012_13,EPL
2012-10-06,Wigan,Everton,2,2,D,10,16,6,11,2012_13,EPL
2012-10-07,Liverpool,Stoke,0,0,D,16,5,5,3,2012_13,EPL
2012-10-07,Newcastle,Man United,0,3,A,13,12,3,9,2012_13,EPL
2012-10-07,Southampton,Fulham,2,2,D,13,14,6,5,2012_13,EPL
2012-10-07,Tottenham,Aston Villa,2,0,H,23,8,10,5,2012_13,EPL
2012-10-20,Fulham,Aston Villa,1,0,H,17,9,8,4,2012_13,EPL
2012-10-20,Liverpool,Reading,1,0,H,23,8,13,5,2012_13,EPL
2012-10-20,Man United,Stoke,4,2,H,13,8,8,6,2012_13,EPL
2012-10-20,Norwich,Arsenal,1,0,H,7,13,3,7,2012_13,EPL
2012-10-20,Swansea,Wigan,2,1,H,18,10,11,7,2012_13,EPL
2012-10-20,Tottenham,Chelsea,2,4,A,23,11,16,7,2012_13,EPL
2012-10-20,West Brom,Man City,1,2,A,16,21,8,13,2012_13,EPL
2012-10-20,West Ham,Southampton,4,1,H,9,11,8,4,2012_13,EPL
2012-10-21,QPR,Everton,1,1,D,14,10,6,4,2012_13,EPL
2012-10-21,Sunderland,Newcastle,1,1,D,16,10,6,7,2012_13,EPL
2012-10-27,Arsenal,QPR,1,0,H,21,4,11,3,2012_13,EPL
2012-10-27,Aston Villa,Norwich,1,1,D,7,14,5,6,2012_13,EPL
2012-10-27,Man City,Swansea,1,0,H,10,9,5,5,2012_13,EPL
2012-10-27,Reading,Fulham,3,3,D,15,16,9,8,2012_13,EPL
2012-10-27,Stoke,Sunderland,0,0,D,11,6,6,3,2012_13,EPL
2012-10-27,Wigan,West Ham,2,1,H,17,15,13,11,2012_13,EPL
2012-10-28,Chelsea,Man United,2,3,A,14,15,11,7,2012_13,EPL
2012-10-28,Everton,Liverpool,2,2,D,17,12,8,5,2012_13,EPL
2012-10-28,Newcastle,West Brom,2,1,H,10,8,6,4,2012_13,EPL
2012-10-28,Southampton,Tottenham,1,2,A,11,11,6,4,2012_13,EPL
2012-11-03,Fulham,Everton,2,2,D,8,26,5,15,2012_13,EPL
2012-11-03,Man United,Arsenal,2,1,H,11,7,7,3,2012_13,EPL
2012-11-03,Norwich,Stoke,1,0,H,12,8,8,3,2012_13,EPL
2012-11-03,Sunderland,Aston Villa,0,1,A,11,9,1,6,2012_13,EPL
2012-11-03,Swansea,Chelsea,1,1,D,9,11,7,7,2012_13,EPL
2012-11-03,Tottenham,Wigan,0,1,A,13,7,10,4,2012_13,EPL
2012-11-03,West Ham,Man City,0,0,D,6,18,1,8,2012_13,EPL
2012-11-04,Liverpool,Newcastle,1,1,D,20,10,12,3,2012_13,EPL
2012-11-04,QPR,Reading,1,1,D,23,18,12,8,2012_13,EPL
2012-11-05,West Brom,Southampton,2,0,H,16,9,6,5,2012_13,EPL
2012-11-10,Arsenal,Fulham,3,3,D,15,9,9,5,2012_13,EPL
2012-11-10,Aston Villa,Man United,2,3,A,10,16,7,7,2012_13,EPL
2012-11-10,Everton,Sunderland,2,1,H,16,6,10,4,2012_13,EPL
2012-11-10,Reading,Norwich,0,0,D,7,10,3,3,2012_13,EPL
2012-11-10,Southampton,Swansea,1,1,D,11,5,5,3,2012_13,EPL
2012-11-10,Stoke,QPR,1,0,H,10,17,5,8,2012_13,EPL
2012-11-10,Wigan,West Brom,1,2,A,14,7,6,4,2012_13,EPL
2012-11-11,Chelsea,Liverpool,1,1,D,12,9,3,5,2012_13,EPL
2012-11-11,Man City,Tottenham,2,1,H,16,6,8,2,2012_13,EPL
2012-11-11,Newcastle,West Ham,0,1,A,14,10,9,5,2012_13,EPL
2012-11-17,Arsenal,Tottenham,5,2,H,13,6,10,4,2012_13,EPL
2012-11-17,Liverpool,Wigan,3,0,H,22,9,11,3,2012_13,EPL
2012-11-17,Man City,Aston Villa,5,0,H,21,10,8,8,2012_13,EPL
2012-11-17,Newcastle,Swansea,1,2,A,27,15,10,9,2012_13,EPL
2012-11-17,Norwich,Man United,1,0,H,10,12,5,9,2012_13,EPL
2012-11-17,QPR,Southampton,1,3,A,13,21,7,15,2012_13,EPL
2012-11-17,Reading,Everton,2,1,H,12,21,4,11,2012_13,EPL
2012-11-17,West Brom,Chelsea,2,1,H,8,19,6,12,2012_13,EPL
2012-11-18,Fulham,Sunderland,1,3,A,18,12,13,9,2012_13,EPL
2012-11-19,West Ham,Stoke,1,1,D,16,12,11,6,2012_13,EPL
2012-11-24,Aston Villa,Arsenal,0,0,D,10,13,8,6,2012_13,EPL
2012-11-24,Everton,Norwich,1,1,D,14,8,9,4,2012_13,EPL
2012-11-24,Man United,QPR,3,1,H,15,10,10,6,2012_13,EPL
2012-11-24,Stoke,Fulham,1,0,H,12,8,3,5,2012_13,EPL
2012-11-24,Sunderland,West Brom,2,4,A,19,11,12,6,2012_13,EPL
2012-11-24,Wigan,Reading,3,2,H,19,16,11,10,2012_13,EPL
2012-11-25,Chelsea,Man City,0,0,D,5,11,1,7,2012_13,EPL
2012-11-25,Southampton,Newcastle,2,0,H,17,8,10,3,2012_13,EPL
2012-11-25,Swansea,Liverpool,0,0,D,17,21,8,14,2012_13,EPL
2012-11-25,Tottenham,West Ham,3,1,H,25,10,13,6,2012_13,EPL
2012-11-27,Aston Villa,Reading,1,0,H,15,11,7,6,2012_13,EPL
2012-11-27,Sunderland,QPR,0,0,D,13,13,8,9,2012_13,EPL
2012-11-28,Chelsea,Fulham,0,0,D,17,8,13,7,2012_13,EPL
2012-11-28,Everton,Arsenal,1,1,D,14,12,10,9,2012_13,EPL
2012-11-28,Man United,West Ham,1,0,H,23,9,13,3,2012_13,EPL
2012-11-28,Southampton,Norwich,1,1,D,8,9,2,5,2012_13,EPL
2012-11-28,Stoke,Newcastle,2,1,H,11,7,5,6,2012_13,EPL
2012-11-28,Swansea,West Brom,3,1,H,13,6,8,2,2012_13,EPL
2012-11-28,Tottenham,Liverpool,2,1,H,14,14,7,9,2012_13,EPL
2012-11-28,Wigan,Man City,0,2,A,9,15,4,6,2012_13,EPL
2012-12-01,Arsenal,Swansea,0,2,A,10,12,8,10,2012_13,EPL
2012-12-01,Fulham,Tottenham,0,3,A,8,10,2,6,2012_13,EPL
2012-12-01,Liverpool,Southampton,1,0,H,24,8,11,4,2012_13,EPL
2012-12-01,Man City,Everton,1,1,D,9,8,6,5,2012_13,EPL
2012-12-01,QPR,Aston Villa,1,1,D,17,7,12,3,2012_13,EPL
2012-12-01,Reading,Man United,3,4,A,10,10,7,5,2012_13,EPL
2012-12-01,West Brom,Stoke,0,1,A,14,6,11,4,2012_13,EPL
2012-12-01,West Ham,Chelsea,3,1,H,16,16,13,9,2012_13,EPL
2012-12-02,Norwich,Sunderland,2,1,H,7,16,5,6,2012_13,EPL
2012-12-03,Newcastle,Wigan,3,0,H,16,9,8,4,2012_13,EPL
2012-12-08,Arsenal,West Brom,2,0,H,16,7,7,2,2012_13,EPL
2012-12-08,Aston Villa,Stoke,0,0,D,9,1,5,0,2012_13,EPL
2012-12-08,Southampton,Reading,1,0,H,18,6,9,2,2012_13,EPL
2012-12-08,Sunderland,Chelsea,1,3,A,14,11,10,5,2012_13,EPL
2012-12-08,Swansea,Norwich,3,4,A,21,10,10,8,2012_13,EPL
2012-12-08,Wigan,QPR,2,2,D,14,8,9,4,2012_13,EPL
2012-12-09,Everton,Tottenham,2,1,H,17,8,11,6,2012_13,EPL
2012-12-09,Man City,Man United,2,3,A,16,8,11,3,2012_13,EPL
2012-12-09,West Ham,Liverpool,2,3,A,9,16,6,8,2012_13,EPL
2012-12-10,Fulham,Newcastle,2,1,H,16,20,7,13,2012_13,EPL
2012-12-11,Sunderland,Reading,3,0,H,16,12,11,5,2012_13,EPL
2012-12-15,Liverpool,Aston Villa,1,3,A,26,9,17,6,2012_13,EPL
2012-12-15,Man United,Sunderland,3,1,H,15,13,6,10,2012_13,EPL
2012-12-15,Newcastle,Man City,1,3,A,17,16,8,10,2012_13,EPL
2012-12-15,Norwich,Wigan,2,1,H,16,12,10,6,2012_13,EPL
2012-12-15,QPR,Fulham,2,1,H,19,6,9,3,2012_13,EPL
2012-12-15,Stoke,Everton,1,1,D,14,9,8,5,2012_13,EPL
2012-12-16,Tottenham,Swansea,1,0,H,24,4,16,0,2012_13,EPL
2012-12-16,West Brom,West Ham,0,0,D,19,10,10,2,2012_13,EPL
2012-12-17,Reading,Arsenal,2,5,A,7,25,5,17,2012_13,EPL
2012-12-22,Liverpool,Fulham,4,0,H,22,7,12,6,2012_13,EPL
2012-12-22,Man City,Reading,1,0,H,17,6,10,1,2012_13,EPL
2012-12-22,Newcastle,QPR,1,0,H,18,5,8,4,2012_13,EPL
2012-12-22,Southampton,Sunderland,0,1,A,13,10,7,6,2012_13,EPL
2012-12-22,Tottenham,Stoke,0,0,D,21,4,14,2,2012_13,EPL
2012-12-22,West Brom,Norwich,2,1,H,12,10,8,4,2012_13,EPL
2012-12-22,West Ham,Everton,1,2,A,6,15,5,8,2012_13,EPL
2012-12-22,Wigan,Arsenal,0,1,A,13,10,5,8,2012_13,EPL
2012-12-23,Chelsea,Aston Villa,8,0,H,24,7,18,4,2012_13,EPL
2012-12-23,Swansea,Man United,1,1,D,14,19,10,16,2012_13,EPL
2012-12-26,Aston Villa,Tottenham,0,4,A,4,20,1,16,2012_13,EPL
2012-12-26,Everton,Wigan,2,1,H,17,10,9,6,2012_13,EPL
2012-12-26,Fulham,Southampton,1,1,D,10,7,2,3,2012_13,EPL
2012-12-26,Man United,Newcastle,4,3,H,16,16,10,11,2012_13,EPL
2012-12-26,Norwich,Chelsea,0,1,A,8,20,4,11,2012_13,EPL
2012-12-26,QPR,West Brom,1,2,A,18,12,8,6,2012_13,EPL
2012-12-26,Reading,Swansea,0,0,D,3,10,2,4,2012_13,EPL
2012-12-26,Stoke,Liverpool,3,1,H,7,12,6,6,2012_13,EPL
2012-12-26,Sunderland,Man City,1,0,H,12,19,6,12,2012_13,EPL
2012-12-29,Arsenal,Newcastle,7,3,H,16,10,12,8,2012_13,EPL
2012-12-29,Aston Villa,Wigan,0,3,A,11,9,4,6,2012_13,EPL
2012-12-29,Fulham,Swansea,1,2,A,22,10,13,9,2012_13,EPL
2012-12-29,Man United,West Brom,2,0,H,17,13,14,9,2012_13,EPL
2012-12-29,Norwich,Man City,3,4,A,13,13,8,9,2012_13,EPL
2012-12-29,Reading,West Ham,1,0,H,3,11,2,3,2012_13,EPL
2012-12-29,Stoke,Southampton,3,3,D,10,8,8,7,2012_13,EPL
2012-12-29,Sunderland,Tottenham,1,2,A,9,18,6,14,2012_13,EPL
2012-12-30,Everton,Chelsea,1,2,A,12,15,6,10,2012_13,EPL
2012-12-30,QPR,Liverpool,0,3,A,14,16,7,11,2012_13,EPL
2013-01-01,Man City,Stoke,3,0,H,17,4,9,3,2012_13,EPL
2013-01-01,Southampton,Arsenal,1,1,D,9,6,6,4,2012_13,EPL
2013-01-01,Swansea,Aston Villa,2,2,D,23,8,13,6,2012_13,EPL
2013-01-01,Tottenham,Reading,3,1,H,30,7,20,4,2012_13,EPL
2013-01-01,West Brom,Fulham,1,2,A,17,10,10,5,2012_13,EPL
2013-01-01,West Ham,Norwich,2,1,H,14,9,8,3,2012_13,EPL
2013-01-01,Wigan,Man United,0,4,A,7,14,3,9,2012_13,EPL
2013-01-02,Chelsea,QPR,0,1,A,23,8,11,5,2012_13,EPL
2013-01-02,Liverpool,Sunderland,3,0,H,27,6,16,5,2012_13,EPL
2013-01-02,Newcastle,Everton,1,2,A,14,7,11,6,2012_13,EPL
2013-01-12,Aston Villa,Southampton,0,1,A,16,11,10,4,2012_13,EPL
2013-01-12,Everton,Swansea,0,0,D,16,4,8,2,2012_13,EPL
2013-01-12,Fulham,Wigan,1,1,D,14,15,5,6,2012_13,EPL
2013-01-12,Norwich,Newcastle,0,0,D,12,9,3,4,2012_13,EPL
2013-01-12,QPR,Tottenham,0,0,D,4,16,1,8,2012_13,EPL
2013-01-12,Reading,West Brom,3,2,H,7,11,7,6,2012_13,EPL
2013-01-12,Stoke,Chelsea,0,4,A,11,11,5,9,2012_13,EPL
2013-01-12,Sunderland,West Ham,3,0,H,18,9,14,4,2012_13,EPL
2013-01-13,Arsenal,Man City,0,2,A,9,16,4,9,2012_13,EPL
2013-01-13,Man United,Liverpool,2,1,H,15,12,10,5,2012_13,EPL
2013-01-16,Chelsea,Southampton,2,2,D,19,7,10,3,2012_13,EPL
2013-01-19,Liverpool,Norwich,5,0,H,17,5,10,3,2012_13,EPL
2013-01-19,Man City,Fulham,2,0,H,20,3,11,0,2012_13,EPL
2013-01-19,Newcastle,Reading,1,2,A,15,6,10,2,2012_13,EPL
2013-01-19,Swansea,Stoke,3,1,H,12,7,6,2,2012_13,EPL
2013-01-19,West Brom,Aston Villa,2,2,D,25,11,9,7,2012_13,EPL
2013-01-19,West Ham,QPR,1,1,D,22,9,13,6,2012_13,EPL
2013-01-19,Wigan,Sunderland,2,3,A,20,10,11,5,2012_13,EPL
2013-01-20,Chelsea,Arsenal,2,1,H,13,12,8,8,2012_13,EPL
2013-01-20,Tottenham,Man United,1,1,D,23,6,18,4,2012_13,EPL
2013-01-21,Southampton,Everton,0,0,D,14,10,11,7,2012_13,EPL
2013-01-23,Arsenal,West Ham,5,1,H,23,7,17,5,2012_13,EPL
2013-01-29,Aston Villa,Newcastle,1,2,A,10,10,4,7,2012_13,EPL
2013-01-29,QPR,Man City,0,0,D,5,15,3,7,2012_13,EPL
2013-01-29,Stoke,Wigan,2,2,D,9,11,4,6,2012_13,EPL
2013-01-29,Sunderland,Swansea,0,0,D,4,18,2,8,2012_13,EPL
2013-01-30,Arsenal,Liverpool,2,2,D,14,10,6,5,2012_13,EPL
2013-01-30,Everton,West Brom,2,1,H,11,7,4,4,2012_13,EPL
2013-01-30,Fulham,West Ham,3,1,H,13,8,6,4,2012_13,EPL
2013-01-30,Man United,Southampton,2,1,H,11,21,7,10,2012_13,EPL
2013-01-30,Norwich,Tottenham,1,1,D,8,12,4,7,2012_13,EPL
2013-01-30,Reading,Chelsea,2,2,D,5,14,2,5,2012_13,EPL
2013-02-02,Arsenal,Stoke,1,0,H,15,6,9,2,2012_13,EPL
2013-02-02,Everton,Aston Villa,3,3,D,22,8,13,4,2012_13,EPL
2013-02-02,Fulham,Man United,0,1,A,15,13,8,8,2012_13,EPL
2013-02-02,Newcastle,Chelsea,3,2,H,19,12,13,6,2012_13,EPL
2013-02-02,QPR,Norwich,0,0,D,15,14,7,9,2012_13,EPL
2013-02-02,Reading,Sunderland,2,1,H,9,10,5,6,2012_13,EPL
2013-02-02,West Ham,Swansea,1,0,H,18,11,9,7,2012_13,EPL
2013-02-02,Wigan,Southampton,2,2,D,5,15,3,7,2012_13,EPL
2013-02-03,Man City,Liverpool,2,2,D,9,21,5,12,2012_13,EPL
2013-02-03,West Brom,Tottenham,0,1,A,4,21,3,13,2012_13,EPL
2013-02-09,Chelsea,Wigan,4,1,H,25,13,17,10,2012_13,EPL
2013-02-09,Norwich,Fulham,0,0,D,15,7,8,5,2012_13,EPL
2013-02-09,Southampton,Man City,3,1,H,13,7,7,4,2012_13,EPL
2013-02-09,Stoke,Reading,2,1,H,13,5,10,4,2012_13,EPL
2013-02-09,Sunderland,Arsenal,0,1,A,12,18,7,9,2012_13,EPL
2013-02-09,Swansea,QPR,4,1,H,13,14,12,8,2012_13,EPL
2013-02-09,Tottenham,Newcastle,2,1,H,16,9,9,7,2012_13,EPL
2013-02-10,Aston Villa,West Ham,2,1,H,7,13,2,7,2012_13,EPL
2013-02-10,Man United,Everton,2,0,H,10,9,6,8,2012_13,EPL
2013-02-11,Liverpool,West Brom,0,2,A,23,4,14,3,2012_13,EPL
2013-02-17,Liverpool,Swansea,5,0,H,33,4,18,3,2012_13,EPL
2013-02-23,Arsenal,Aston Villa,2,1,H,24,5,14,3,2012_13,EPL
2013-02-23,Fulham,Stoke,1,0,H,20,7,9,2,2012_13,EPL
2013-02-23,Norwich,Everton,2,1,H,10,11,9,5,2012_13,EPL
2013-02-23,QPR,Man United,0,2,A,12,13,5,8,2012_13,EPL
2013-02-23,Reading,Wigan,0,3,A,7,14,1,8,2012_13,EPL
2013-02-23,West Brom,Sunderland,2,1,H,17,10,7,6,2012_13,EPL
2013-02-24,Man City,Chelsea,2,0,H,15,4,11,1,2012_13,EPL
2013-02-24,Newcastle,Southampton,4,2,H,11,11,5,7,2012_13,EPL
2013-02-25,West Ham,Tottenham,2,3,A,8,25,6,16,2012_13,EPL
2013-03-02,Chelsea,West Brom,1,0,H,25,8,19,4,2012_13,EPL
2013-03-02,Everton,Reading,3,1,H,18,12,12,6,2012_13,EPL
2013-03-02,Man United,Norwich,4,0,H,13,1,10,1,2012_13,EPL
2013-03-02,Southampton,QPR,1,2,A,17,5,9,3,2012_13,EPL
2013-03-02,Stoke,West Ham,0,1,A,10,10,2,7,2012_13,EPL
2013-03-02,Sunderland,Fulham,2,2,D,12,7,6,4,2012_13,EPL
2013-03-02,Swansea,Newcastle,1,0,H,10,14,7,7,2012_13,EPL
2013-03-02,Wigan,Liverpool,0,4,A,15,8,11,7,2012_13,EPL
2013-03-03,Tottenham,Arsenal,2,1,H,11,10,5,6,2012_13,EPL
2013-03-04,Aston Villa,Man City,0,1,A,10,20,5,12,2012_13,EPL
2013-03-09,Norwich,Southampton,0,0,D,3,15,2,7,2012_13,EPL
2013-03-09,QPR,Sunderland,3,1,H,15,7,8,3,2012_13,EPL
2013-03-09,Reading,Aston Villa,1,2,A,10,18,4,7,2012_13,EPL
2013-03-09,West Brom,Swansea,2,1,H,12,9,6,4,2012_13,EPL
2013-03-10,Liverpool,Tottenham,3,2,H,10,15,4,9,2012_13,EPL
2013-03-10,Newcastle,Stoke,2,1,H,14,7,6,4,2012_13,EPL
2013-03-16,Aston Villa,QPR,3,2,H,10,18,6,11,2012_13,EPL
2013-03-16,Everton,Man City,2,0,H,11,17,5,11,2012_13,EPL
2013-03-16,Man United,Reading,1,0,H,17,5,8,1,2012_13,EPL
2013-03-16,Southampton,Liverpool,3,1,H,17,8,12,6,2012_13,EPL
2013-03-16,Stoke,West Brom,0,0,D,13,9,5,5,2012_13,EPL
2013-03-16,Swansea,Arsenal,0,2,A,9,15,2,11,2012_13,EPL
2013-03-17,Chelsea,West Ham,2,0,H,24,15,14,9,2012_13,EPL
2013-03-17,Sunderland,Norwich,1,1,D,16,7,8,3,2012_13,EPL
2013-03-17,Tottenham,Fulham,0,1,A,12,6,6,2,2012_13,EPL
2013-03-17,Wigan,Newcastle,2,1,H,13,9,10,4,2012_13,EPL
2013-03-30,Arsenal,Reading,4,1,H,23,4,14,2,2012_13,EPL
2013-03-30,Everton,Stoke,1,0,H,15,10,9,5,2012_13,EPL
2013-03-30,Man City,Newcastle,4,0,H,19,5,11,1,2012_13,EPL
2013-03-30,Southampton,Chelsea,2,1,H,13,7,8,4,2012_13,EPL
2013-03-30,Sunderland,Man United,0,1,A,9,10,4,6,2012_13,EPL
2013-03-30,Swansea,Tottenham,1,2,A,11,9,3,7,2012_13,EPL
2013-03-30,West Ham,West Brom,3,1,H,14,17,8,11,2012_13,EPL
2013-03-30,Wigan,Norwich,1,0,H,13,9,6,5,2012_13,EPL
2013-03-31,Aston Villa,Liverpool,1,2,A,10,16,7,12,2012_13,EPL
2013-04-01,Fulham,QPR,3,2,H,9,19,5,11,2012_13,EPL
2013-04-06,Norwich,Swansea,2,2,D,12,16,9,9,2012_13,EPL
2013-04-06,Reading,Southampton,0,2,A,8,12,3,4,2012_13,EPL
2013-04-06,Stoke,Aston Villa,1,3,A,6,11,2,8,2012_13,EPL
2013-04-06,West Brom,Arsenal,1,2,A,16,11,5,6,2012_13,EPL
2013-04-07,Chelsea,Sunderland,2,1,H,14,7,7,3,2012_13,EPL
2013-04-07,Liverpool,West Ham,0,0,D,19,10,12,4,2012_13,EPL
2013-04-07,Newcastle,Fulham,1,0,H,20,5,10,3,2012_13,EPL
2013-04-07,QPR,Wigan,1,1,D,6,16,2,10,2012_13,EPL
2013-04-07,Tottenham,Everton,2,2,D,19,9,10,5,2012_13,EPL
2013-04-08,Man United,Man City,1,2,A,16,9,7,5,2012_13,EPL
2013-04-13,Arsenal,Norwich,3,1,H,10,5,7,5,2012_13,EPL
2013-04-13,Aston Villa,Fulham,1,1,D,15,8,7,3,2012_13,EPL
2013-04-13,Everton,QPR,2,0,H,14,8,10,5,2012_13,EPL
2013-04-13,Reading,Liverpool,0,0,D,7,26,5,15,2012_13,EPL
2013-04-13,Southampton,West Ham,1,1,D,15,6,11,4,2012_13,EPL
2013-04-14,Newcastle,Sunderland,0,3,A,15,8,9,7,2012_13,EPL
2013-04-14,Stoke,Man United,0,2,A,13,9,4,3,2012_13,EPL
2013-04-16,Arsenal,Everton,0,0,D,10,10,6,5,2012_13,EPL
2013-04-17,Fulham,Chelsea,0,3,A,11,13,7,10,2012_13,EPL
2013-04-17,Man City,Wigan,1,0,H,10,8,4,6,2012_13,EPL
2013-04-17,West Ham,Man United,2,2,D,10,15,4,9,2012_13,EPL
2013-04-20,Fulham,Arsenal,0,1,A,7,10,5,7,2012_13,EPL
2013-04-20,Norwich,Reading,2,1,H,19,14,9,6,2012_13,EPL
2013-04-20,QPR,Stoke,0,2,A,25,11,11,4,2012_13,EPL
2013-04-20,Sunderland,Everton,1,0,H,8,8,4,5,2012_13,EPL
2013-04-20,Swansea,Southampton,0,0,D,14,9,7,5,2012_13,EPL
2013-04-20,West Brom,Newcastle,1,1,D,8,10,4,6,2012_13,EPL
2013-04-20,West Ham,Wigan,2,0,H,17,18,11,10,2012_13,EPL
2013-04-21,Liverpool,Chelsea,2,2,D,23,9,12,6,2012_13,EPL
2013-04-21,Tottenham,Man City,3,1,H,11,11,8,7,2012_13,EPL
2013-04-22,Man United,Aston Villa,3,0,H,10,8,5,5,2012_13,EPL
2013-04-27,Everton,Fulham,1,0,H,17,6,10,2,2012_13,EPL
2013-04-27,Man City,West Ham,2,1,H,16,9,10,6,2012_13,EPL
2013-04-27,Newcastle,Liverpool,0,6,A,5,11,1,10,2012_13,EPL
2013-04-27,Southampton,West Brom,0,3,A,16,11,4,9,2012_13,EPL
2013-04-27,Stoke,Norwich,1,0,H,12,5,4,0,2012_13,EPL
2013-04-27,Wigan,Tottenham,2,2,D,6,14,4,7,2012_13,EPL
2013-04-28,Arsenal,Man United,1,1,D,19,10,13,5,2012_13,EPL
2013-04-28,Chelsea,Swansea,2,0,H,21,11,14,8,2012_13,EPL
2013-04-28,Reading,QPR,0,0,D,13,15,7,5,2012_13,EPL
2013-04-29,Aston Villa,Sunderland,6,1,H,18,7,15,4,2012_13,EPL
2013-05-04,Fulham,Reading,2,4,A,18,20,13,13,2012_13,EPL
2013-05-04,Norwich,Aston Villa,1,2,A,9,12,4,6,2012_13,EPL
2013-05-04,QPR,Arsenal,0,1,A,14,13,6,11,2012_13,EPL
2013-05-04,Swansea,Man City,0,0,D,7,12,1,8,2012_13,EPL
2013-05-04,Tottenham,Southampton,1,0,H,7,10,4,6,2012_13,EPL
2013-05-04,West Brom,Wigan,2,3,A,17,13,11,8,2012_13,EPL
2013-05-04,West Ham,Newcastle,0,0,D,9,11,3,6,2012_13,EPL
2013-05-05,Liverpool,Everton,0,0,D,16,11,8,4,2012_13,EPL
2013-05-05,Man United,Chelsea,0,1,A,10,15,4,6,2012_13,EPL
2013-05-06,Sunderland,Stoke,1,1,D,14,11,7,7,2012_13,EPL
2013-05-07,Man City,West Brom,1,0,H,21,20,9,11,2012_13,EPL
2013-05-07,Wigan,Swansea,2,3,A,14,10,11,6,2012_13,EPL
2013-05-08,Chelsea,Tottenham,2,2,D,15,13,8,6,2012_13,EPL
2013-05-11,Aston Villa,Chelsea,1,2,A,12,11,7,8,2012_13,EPL
2013-05-12,Everton,West Ham,2,0,H,23,7,13,2,2012_13,EPL
2013-05-12,Fulham,Liverpool,1,3,A,10,20,8,14,2012_13,EPL
2013-05-12,Man United,Swansea,2,1,H,16,5,9,2,2012_13,EPL
2013-05-12,Norwich,West Brom,4,0,H,11,8,8,5,2012_13,EPL
2013-05-12,QPR,Newcastle,1,2,A,8,10,3,7,2012_13,EPL
2013-05-12,Stoke,Tottenham,1,2,A,6,23,3,15,2012_13,EPL
2013-05-12,Sunderland,Southampton,1,1,D,5,15,5,10,2012_13,EPL
2013-05-14,Arsenal,Wigan,4,1,H,19,10,12,5,2012_13,EPL
2013-05-14,Reading,Man City,0,2,A,11,27,7,20,2012_13,EPL
2013-05-19,Chelsea,Everton,2,1,H,20,16,10,9,2012_13,EPL
2013-05-19,Liverpool,QPR,1,0,H,27,10,20,3,2012_13,EPL
2013-05-19,Man City,Norwich,2,3,A,12,12,5,7,2012_13,EPL
2013-05-19,Newcastle,Arsenal,0,1,A,7,9,2,3,2012_13,EPL
2013-05-19,Southampton,Stoke,1,1,D,11,7,7,3,2012_13,EPL
2013-05-19,Swansea,Fulham,0,3,A,19,8,11,6,2012_13,EPL
2013-05-19,Tottenham,Sunderland,1,0,H,23,6,19,4,2012_13,EPL
2013-05-19,West Brom,Man United,5,5,D,15,12,8,8,2012_13,EPL
2013-05-19,West Ham,Reading,4,2,H,21,17,12,7,2012_13,EPL
2013-05-19,Wigan,Aston Villa,2,2,D,12,5,6,2,2012_13,EPL
2013-08-17,Arsenal,Aston Villa,1,3,A,16,9,4,4,2013_14,EPL
2013-08-17,Liverpool,Stoke,1,0,H,26,10,11,4,2013_14,EPL
2013-08-17,Norwich,Everton,2,2,D,8,19,2,6,2013_14,EPL
2013-08-17,Sunderland,Fulham,0,1,A,20,5,3,1,2013_14,EPL
2013-08-17,Swansea,Man United,1,4,A,17,15,6,7,2013_14,EPL
2013-08-17,West Brom,Southampton,0,1,A,11,7,1,2,2013_14,EPL
2013-08-17,West Ham,Cardiff,2,0,H,18,12,4,1,2013_14,EPL
2013-08-18,Chelsea,Hull,2,0,H,22,7,5,2,2013_14,EPL
2013-08-18,Crystal Palace,Tottenham,0,1,A,5,17,3,2,2013_14,EPL
2013-08-19,Man City,Newcastle,4,0,H,20,5,11,1,2013_14,EPL
2013-08-21,Chelsea,Aston Villa,2,1,H,15,7,3,3,2013_14,EPL
2013-08-24,Aston Villa,Liverpool,0,1,A,17,5,3,1,2013_14,EPL
2013-08-24,Everton,West Brom,0,0,D,22,7,8,2,2013_14,EPL
2013-08-24,Fulham,Arsenal,1,3,A,16,18,7,7,2013_14,EPL
2013-08-24,Hull,Norwich,1,0,H,6,13,1,4,2013_14,EPL
2013-08-24,Newcastle,West Ham,0,0,D,16,6,0,1,2013_14,EPL
2013-08-24,Southampton,Sunderland,1,1,D,17,8,6,3,2013_14,EPL
2013-08-24,Stoke,Crystal Palace,2,1,H,14,14,5,5,2013_14,EPL
2013-08-25,Cardiff,Man City,3,2,H,9,16,6,5,2013_14,EPL
2013-08-25,Tottenham,Swansea,1,0,H,19,7,5,5,2013_14,EPL
2013-08-26,Man United,Chelsea,0,0,D,13,8,3,4,2013_14,EPL
2013-08-31,Cardiff,Everton,0,0,D,4,13,1,3,2013_14,EPL
2013-08-31,Crystal Palace,Sunderland,3,1,H,17,10,6,2,2013_14,EPL
2013-08-31,Man City,Hull,2,0,H,12,7,6,2,2013_14,EPL
2013-08-31,Newcastle,Fulham,1,0,H,24,3,9,2,2013_14,EPL
2013-08-31,Norwich,Southampton,1,0,H,15,11,4,2,2013_14,EPL
2013-08-31,West Ham,Stoke,0,1,A,9,15,0,5,2013_14,EPL
2013-09-01,Arsenal,Tottenham,1,0,H,12,14,5,4,2013_14,EPL
2013-09-01,Liverpool,Man United,1,0,H,10,10,5,4,2013_14,EPL
2013-09-01,West Brom,Swansea,0,2,A,10,12,1,4,2013_14,EPL
2013-09-14,Aston Villa,Newcastle,1,2,A,10,17,1,8,2013_14,EPL
2013-09-14,Everton,Chelsea,1,0,H,11,22,5,5,2013_14,EPL
2013-09-14,Fulham,West Brom,1,1,D,12,12,2,4,2013_14,EPL
2013-09-14,Hull,Cardiff,1,1,D,18,10,5,2,2013_14,EPL
2013-09-14,Man United,Crystal Palace,2,0,H,19,4,7,0,2013_14,EPL
2013-09-14,Stoke,Man City,0,0,D,11,10,3,3,2013_14,EPL
2013-09-14,Sunderland,Arsenal,1,3,A,17,14,2,6,2013_14,EPL
2013-09-14,Tottenham,Norwich,2,0,H,23,4,7,1,2013_14,EPL
2013-09-15,Southampton,West Ham,0,0,D,15,6,5,1,2013_14,EPL
2013-09-16,Swansea,Liverpool,2,2,D,17,12,8,5,2013_14,EPL
2013-09-21,Chelsea,Fulham,2,0,H,26,4,10,1,2013_14,EPL
2013-09-21,Liverpool,Southampton,0,1,A,10,12,5,7,2013_14,EPL
2013-09-21,Newcastle,Hull,2,3,A,15,12,2,5,2013_14,EPL
2013-09-21,Norwich,Aston Villa,0,1,A,12,16,1,4,2013_14,EPL
2013-09-21,West Brom,Sunderland,3,0,H,13,7,4,0,2013_14,EPL
2013-09-21,West Ham,Everton,2,3,A,9,10,1,4,2013_14,EPL
2013-09-22,Arsenal,Stoke,3,1,H,16,9,8,3,2013_14,EPL
2013-09-22,Cardiff,Tottenham,0,1,A,6,29,0,12,2013_14,EPL
2013-09-22,Crystal Palace,Swansea,0,2,A,9,15,1,7,2013_14,EPL
2013-09-22,Man City,Man United,4,1,H,18,14,5,3,2013_14,EPL
2013-09-28,Aston Villa,Man City,3,2,H,8,20,4,7,2013_14,EPL
2013-09-28,Fulham,Cardiff,1,2,A,9,22,5,4,2013_14,EPL
2013-09-28,Hull,West Ham,1,0,H,9,18,2,5,2013_14,EPL
2013-09-28,Man United,West Brom,1,2,A,14,12,6,4,2013_14,EPL
2013-09-28,Southampton,Crystal Palace,2,0,H,12,8,3,0,2013_14,EPL
2013-09-28,Swansea,Arsenal,1,2,A,10,10,3,4,2013_14,EPL
2013-09-28,Tottenham,Chelsea,1,1,D,12,11,4,5,2013_14,EPL
2013-09-29,Stoke,Norwich,0,1,A,8,8,1,3,2013_14,EPL
2013-09-29,Sunderland,Liverpool,1,3,A,23,15,5,6,2013_14,EPL
2013-09-30,Everton,Newcastle,3,2,H,18,15,7,6,2013_14,EPL
2013-10-05,Cardiff,Newcastle,1,2,A,8,20,2,10,2013_14,EPL
2013-10-05,Fulham,Stoke,1,0,H,9,16,2,3,2013_14,EPL
2013-10-05,Hull,Aston Villa,0,0,D,6,18,1,4,2013_14,EPL
2013-10-05,Liverpool,Crystal Palace,3,1,H,13,11,7,2,2013_14,EPL
2013-10-05,Man City,Everton,3,1,H,12,6,6,4,2013_14,EPL
2013-10-05,Sunderland,Man United,1,2,A,6,13,2,6,2013_14,EPL
2013-10-06,Norwich,Chelsea,1,3,A,14,22,3,8,2013_14,EPL
2013-10-06,Southampton,Swansea,2,0,H,12,17,4,7,2013_14,EPL
2013-10-06,Tottenham,West Ham,0,3,A,14,16,4,5,2013_14,EPL
2013-10-06,West Brom,Arsenal,1,1,D,12,14,4,5,2013_14,EPL
2013-10-19,Arsenal,Norwich,4,1,H,20,12,11,6,2013_14,EPL
2013-10-19,Chelsea,Cardiff,4,1,H,20,13,7,3,2013_14,EPL
2013-10-19,Everton,Hull,2,1,H,14,9,6,1,2013_14,EPL
2013-10-19,Man United,Southampton,1,1,D,12,18,5,7,2013_14,EPL
2013-10-19,Newcastle,Liverpool,2,2,D,14,23,4,7,2013_14,EPL
2013-10-19,Stoke,West Brom,0,0,D,9,12,3,5,2013_14,EPL
2013-10-19,Swansea,Sunderland,4,0,H,14,6,6,1,2013_14,EPL
2013-10-19,West Ham,Man City,1,3,A,11,16,2,9,2013_14,EPL
2013-10-20,Aston Villa,Tottenham,0,2,A,15,13,2,6,2013_14,EPL
2013-10-21,Crystal Palace,Fulham,1,4,A,14,9,4,6,2013_14,EPL
2013-10-26,Aston Villa,Everton,0,2,A,14,15,3,4,2013_14,EPL
2013-10-26,Crystal Palace,Arsenal,0,2,A,13,10,4,4,2013_14,EPL
2013-10-26,Liverpool,West Brom,4,1,H,18,15,7,3,2013_14,EPL
2013-10-26,Man United,Stoke,3,2,H,19,10,5,5,2013_14,EPL
2013-10-26,Norwich,Cardiff,0,0,D,31,6,10,4,2013_14,EPL
2013-10-26,Southampton,Fulham,2,0,H,20,1,6,0,2013_14,EPL
2013-10-27,Chelsea,Man City,2,1,H,12,15,4,6,2013_14,EPL
2013-10-27,Sunderland,Newcastle,2,1,H,8,16,4,4,2013_14,EPL
2013-10-27,Swansea,West Ham,0,0,D,10,15,5,4,2013_14,EPL
2013-10-27,Tottenham,Hull,1,0,H,15,10,6,4,2013_14,EPL
2013-11-02,Arsenal,Liverpool,2,0,H,12,12,7,4,2013_14,EPL
2013-11-02,Fulham,Man United,1,3,A,15,10,6,4,2013_14,EPL
2013-11-02,Hull,Sunderland,1,0,H,25,9,2,1,2013_14,EPL
2013-11-02,Man City,Norwich,7,0,H,27,7,9,1,2013_14,EPL
2013-11-02,Newcastle,Chelsea,2,0,H,15,13,8,2,2013_14,EPL
2013-11-02,Stoke,Southampton,1,1,D,9,10,3,2,2013_14,EPL
2013-11-02,West Brom,Crystal Palace,2,0,H,9,12,4,4,2013_14,EPL
2013-11-02,West Ham,Aston Villa,0,0,D,17,8,4,2,2013_14,EPL
2013-11-03,Cardiff,Swansea,1,0,H,9,10,3,3,2013_14,EPL
2013-11-03,Everton,Tottenham,0,0,D,8,16,1,6,2013_14,EPL
2013-11-09,Aston Villa,Cardiff,2,0,H,17,8,6,2,2013_14,EPL
2013-11-09,Chelsea,West Brom,2,2,D,17,11,7,3,2013_14,EPL
2013-11-09,Crystal Palace,Everton,0,0,D,9,15,2,2,2013_14,EPL
2013-11-09,Liverpool,Fulham,4,0,H,32,4,10,1,2013_14,EPL
2013-11-09,Norwich,West Ham,3,1,H,15,12,6,4,2013_14,EPL
2013-11-09,Southampton,Hull,4,1,H,15,10,7,2,2013_14,EPL
2013-11-10,Man United,Arsenal,1,0,H,5,10,2,2,2013_14,EPL
2013-11-10,Sunderland,Man City,1,0,H,5,24,2,4,2013_14,EPL
2013-11-10,Swansea,Stoke,3,3,D,17,6,6,3,2013_14,EPL
2013-11-10,Tottenham,Newcastle,0,1,A,31,8,14,4,2013_14,EPL
2013-11-23,Arsenal,Southampton,2,0,H,9,10,4,4,2013_14,EPL
2013-11-23,Everton,Liverpool,3,3,D,18,11,12,5,2013_14,EPL
2013-11-23,Fulham,Swansea,1,2,A,9,21,3,5,2013_14,EPL
2013-11-23,Hull,Crystal Palace,0,1,A,15,9,2,2,2013_14,EPL
2013-11-23,Newcastle,Norwich,2,1,H,21,10,5,2,2013_14,EPL
2013-11-23,Stoke,Sunderland,2,0,H,17,11,5,3,2013_14,EPL
2013-11-23,West Ham,Chelsea,0,3,A,8,20,1,8,2013_14,EPL
2013-11-24,Cardiff,Man United,2,2,D,14,16,4,5,2013_14,EPL
2013-11-24,Man City,Tottenham,6,0,H,15,13,10,5,2013_14,EPL
2013-11-25,West Brom,Aston Villa,2,2,D,11,15,4,7,2013_14,EPL
2013-11-30,Aston Villa,Sunderland,0,0,D,13,7,4,1,2013_14,EPL
2013-11-30,Cardiff,Arsenal,0,3,A,10,15,4,6,2013_14,EPL
2013-11-30,Everton,Stoke,4,0,H,22,4,12,3,2013_14,EPL
2013-11-30,Newcastle,West Brom,2,1,H,14,14,6,1,2013_14,EPL
2013-11-30,Norwich,Crystal Palace,1,0,H,10,13,3,3,2013_14,EPL
2013-11-30,West Ham,Fulham,3,0,H,23,10,12,0,2013_14,EPL
2013-12-01,Chelsea,Southampton,3,1,H,16,9,7,1,2013_14,EPL
2013-12-01,Hull,Liverpool,3,1,H,12,9,4,4,2013_14,EPL
2013-12-01,Man City,Swansea,3,0,H,22,9,7,4,2013_14,EPL
2013-12-01,Tottenham,Man United,2,2,D,10,8,4,3,2013_14,EPL
2013-12-03,Crystal Palace,West Ham,1,0,H,10,11,5,2,2013_14,EPL
2013-12-04,Arsenal,Hull,2,0,H,20,7,7,2,2013_14,EPL
2013-12-04,Fulham,Tottenham,1,2,A,16,18,6,5,2013_14,EPL
2013-12-04,Liverpool,Norwich,5,1,H,28,14,12,5,2013_14,EPL
2013-12-04,Man United,Everton,0,1,A,18,15,6,4,2013_14,EPL
2013-12-04,Southampton,Aston Villa,2,3,A,21,6,9,3,2013_14,EPL
2013-12-04,Stoke,Cardiff,0,0,D,17,14,2,3,2013_14,EPL
2013-12-04,Sunderland,Chelsea,3,4,A,12,19,3,5,2013_14,EPL
2013-12-04,Swansea,Newcastle,3,0,H,13,14,5,3,2013_14,EPL
2013-12-04,West Brom,Man City,2,3,A,12,15,1,5,2013_14,EPL
2013-12-07,Crystal Palace,Cardiff,2,0,H,19,10,5,2,2013_14,EPL
2013-12-07,Liverpool,West Ham,4,1,H,32,8,9,1,2013_14,EPL
2013-12-07,Man United,Newcastle,0,1,A,8,9,4,3,2013_14,EPL
2013-12-07,Southampton,Man City,1,1,D,15,13,4,3,2013_14,EPL
2013-12-07,Stoke,Chelsea,3,2,H,9,15,3,6,2013_14,EPL
2013-12-07,Sunderland,Tottenham,1,2,A,11,22,4,5,2013_14,EPL
2013-12-07,West Brom,Norwich,0,2,A,26,8,12,3,2013_14,EPL
2013-12-08,Arsenal,Everton,1,1,D,11,12,5,4,2013_14,EPL
2013-12-08,Fulham,Aston Villa,2,0,H,22,10,10,2,2013_14,EPL
2013-12-09,Swansea,Hull,1,1,D,11,9,2,2,2013_14,EPL
2013-12-14,Cardiff,West Brom,1,0,H,11,12,3,2,2013_14,EPL
2013-12-14,Chelsea,Crystal Palace,2,1,H,16,10,7,5,2013_14,EPL
2013-12-14,Everton,Fulham,4,1,H,22,16,7,3,2013_14,EPL
2013-12-14,Hull,Stoke,0,0,D,13,11,4,2,2013_14,EPL
2013-12-14,Man City,Arsenal,6,3,H,22,12,7,6,2013_14,EPL
2013-12-14,Newcastle,Southampton,1,1,D,16,8,5,3,2013_14,EPL
2013-12-14,West Ham,Sunderland,0,0,D,11,19,2,6,2013_14,EPL
2013-12-15,Aston Villa,Man United,0,3,A,17,14,6,5,2013_14,EPL
2013-12-15,Norwich,Swansea,1,1,D,16,10,3,2,2013_14,EPL
2013-12-15,Tottenham,Liverpool,0,5,A,9,21,0,10,2013_14,EPL
2013-12-21,Crystal Palace,Newcastle,0,3,A,9,13,4,6,2013_14,EPL
2013-12-21,Fulham,Man City,2,4,A,12,17,5,10,2013_14,EPL
2013-12-21,Liverpool,Cardiff,3,1,H,27,10,7,3,2013_14,EPL
2013-12-21,Man United,West Ham,3,1,H,21,4,8,1,2013_14,EPL
2013-12-21,Stoke,Aston Villa,2,1,H,12,14,2,4,2013_14,EPL
2013-12-21,Sunderland,Norwich,0,0,D,18,14,4,5,2013_14,EPL
2013-12-21,West Brom,Hull,1,1,D,14,6,3,3,2013_14,EPL
2013-12-22,Southampton,Tottenham,2,3,A,12,13,5,3,2013_14,EPL
2013-12-22,Swansea,Everton,1,2,A,13,14,3,6,2013_14,EPL
2013-12-23,Arsenal,Chelsea,0,0,D,7,13,2,4,2013_14,EPL
2013-12-26,Aston Villa,Crystal Palace,0,1,A,10,12,4,7,2013_14,EPL
2013-12-26,Cardiff,Southampton,0,3,A,9,11,0,6,2013_14,EPL
2013-12-26,Chelsea,Swansea,1,0,H,19,8,7,1,2013_14,EPL
2013-12-26,Everton,Sunderland,0,1,A,26,13,9,6,2013_14,EPL
2013-12-26,Hull,Man United,2,3,A,17,13,5,4,2013_14,EPL
2013-12-26,Man City,Liverpool,2,1,H,20,12,6,5,2013_14,EPL
2013-12-26,Newcastle,Stoke,5,1,H,27,11,8,3,2013_14,EPL
2013-12-26,Norwich,Fulham,1,2,A,12,15,3,7,2013_14,EPL
2013-12-26,Tottenham,West Brom,1,1,D,20,7,3,4,2013_14,EPL
2013-12-26,West Ham,Arsenal,1,3,A,12,29,5,8,2013_14,EPL
2013-12-28,Aston Villa,Swansea,1,1,D,7,17,3,3,2013_14,EPL
2013-12-28,Cardiff,Sunderland,2,2,D,16,21,7,9,2013_14,EPL
2013-12-28,Hull,Fulham,6,0,H,21,5,13,2,2013_14,EPL
2013-12-28,Man City,Crystal Palace,1,0,H,23,9,4,4,2013_14,EPL
2013-12-28,Norwich,Man United,0,1,A,15,7,4,3,2013_14,EPL
2013-12-28,West Ham,West Brom,3,3,D,16,22,6,7,2013_14,EPL
2013-12-29,Chelsea,Liverpool,2,1,H,11,8,5,4,2013_14,EPL
2013-12-29,Everton,Southampton,2,1,H,9,12,4,2,2013_14,EPL
2013-12-29,Newcastle,Arsenal,0,1,A,11,11,3,5,2013_14,EPL
2013-12-29,Tottenham,Stoke,3,0,H,20,2,7,1,2013_14,EPL
2014-01-01,Arsenal,Cardiff,2,0,H,28,8,6,2,2013_14,EPL
2014-01-01,Crystal Palace,Norwich,1,1,D,13,8,4,5,2013_14,EPL
2014-01-01,Fulham,West Ham,2,1,H,30,11,11,3,2013_14,EPL
2014-01-01,Liverpool,Hull,2,0,H,17,10,6,0,2013_14,EPL
2014-01-01,Man United,Tottenham,1,2,A,16,9,6,4,2013_14,EPL
2014-01-01,Southampton,Chelsea,0,3,A,12,11,2,5,2013_14,EPL
2014-01-01,Stoke,Everton,1,1,D,10,16,4,4,2013_14,EPL
2014-01-01,Sunderland,Aston Villa,0,1,A,17,13,1,5,2013_14,EPL
2014-01-01,Swansea,Man City,2,3,A,15,14,4,4,2013_14,EPL
2014-01-01,West Brom,Newcastle,1,0,H,13,9,4,3,2013_14,EPL
2014-01-11,Cardiff,West Ham,0,2,A,19,10,7,3,2013_14,EPL
2014-01-11,Everton,Norwich,2,0,H,23,12,5,3,2013_14,EPL
2014-01-11,Fulham,Sunderland,1,4,A,17,10,5,6,2013_14,EPL
2014-01-11,Hull,Chelsea,0,2,A,10,14,2,5,2013_14,EPL
2014-01-11,Man United,Swansea,2,0,H,16,13,5,2,2013_14,EPL
2014-01-11,Southampton,West Brom,1,0,H,18,4,5,2,2013_14,EPL
2014-01-11,Tottenham,Crystal Palace,2,0,H,10,14,4,2,2013_14,EPL
2014-01-12,Newcastle,Man City,0,2,A,13,14,5,6,2013_14,EPL
2014-01-12,Stoke,Liverpool,3,5,A,13,13,4,9,2013_14,EPL
2014-01-13,Aston Villa,Arsenal,1,2,A,11,8,5,4,2013_14,EPL
2014-01-18,Arsenal,Fulham,2,0,H,22,8,8,2,2013_14,EPL
2014-01-18,Crystal Palace,Stoke,1,0,H,12,17,6,2,2013_14,EPL
2014-01-18,Liverpool,Aston Villa,2,2,D,14,12,6,3,2013_14,EPL
2014-01-18,Man City,Cardiff,4,2,H,24,7,9,6,2013_14,EPL
2014-01-18,Norwich,Hull,1,0,H,25,10,4,0,2013_14,EPL
2014-01-18,Sunderland,Southampton,2,2,D,10,17,5,8,2013_14,EPL
2014-01-18,West Ham,Newcastle,1,3,A,11,19,2,9,2013_14,EPL
2014-01-19,Chelsea,Man United,3,1,H,13,10,6,4,2013_14,EPL
2014-01-19,Swansea,Tottenham,1,3,A,13,11,3,5,2013_14,EPL
2014-01-20,West Brom,Everton,1,1,D,14,13,6,4,2013_14,EPL
2014-01-28,Crystal Palace,Hull,1,0,H,13,13,3,4,2013_14,EPL
2014-01-28,Liverpool,Everton,4,0,H,20,18,9,4,2013_14,EPL
2014-01-28,Man United,Cardiff,2,0,H,17,7,5,1,2013_14,EPL
2014-01-28,Norwich,Newcastle,0,0,D,9,22,2,3,2013_14,EPL
2014-01-28,Southampton,Arsenal,2,2,D,13,7,5,4,2013_14,EPL
2014-01-28,Swansea,Fulham,2,0,H,14,15,7,4,2013_14,EPL
2014-01-29,Aston Villa,West Brom,4,3,H,10,12,6,4,2013_14,EPL
2014-01-29,Chelsea,West Ham,0,0,D,39,1,9,1,2013_14,EPL
2014-01-29,Sunderland,Stoke,1,0,H,16,14,6,5,2013_14,EPL
2014-01-29,Tottenham,Man City,1,5,A,4,24,2,10,2013_14,EPL
2014-02-01,Cardiff,Norwich,2,1,H,14,27,5,6,2013_14,EPL
2014-02-01,Everton,Aston Villa,2,1,H,13,4,6,1,2013_14,EPL
2014-02-01,Fulham,Southampton,0,3,A,8,17,4,5,2013_14,EPL
2014-02-01,Hull,Tottenham,1,1,D,9,19,4,3,2013_14,EPL
2014-02-01,Newcastle,Sunderland,0,3,A,28,16,10,5,2013_14,EPL
2014-02-01,Stoke,Man United,2,1,H,13,19,6,4,2013_14,EPL
2014-02-01,West Ham,Swansea,2,0,H,11,20,4,0,2013_14,EPL
2014-02-02,Arsenal,Crystal Palace,2,0,H,11,10,6,2,2013_14,EPL
2014-02-02,West Brom,Liverpool,1,1,D,12,12,4,3,2013_14,EPL
2014-02-03,Man City,Chelsea,0,1,A,25,18,3,6,2013_14,EPL
2014-02-08,Aston Villa,West Ham,0,2,A,16,10,1,2,2013_14,EPL
2014-02-08,Chelsea,Newcastle,3,0,H,18,12,8,6,2013_14,EPL
2014-02-08,Crystal Palace,West Brom,3,1,H,10,16,6,6,2013_14,EPL
2014-02-08,Liverpool,Arsenal,5,1,H,22,11,12,6,2013_14,EPL
2014-02-08,Norwich,Man City,0,0,D,7,15,2,2,2013_14,EPL
2014-02-08,Southampton,Stoke,2,2,D,17,5,5,4,2013_14,EPL
2014-02-08,Sunderland,Hull,0,2,A,7,25,3,9,2013_14,EPL
2014-02-08,Swansea,Cardiff,3,0,H,17,7,6,1,2013_14,EPL
2014-02-09,Man United,Fulham,2,2,D,31,6,9,3,2013_14,EPL
2014-02-09,Tottenham,Everton,1,0,H,8,11,2,3,2013_14,EPL
2014-02-11,Cardiff,Aston Villa,0,0,D,12,18,3,6,2013_14,EPL
2014-02-11,Hull,Southampton,0,1,A,12,16,4,7,2013_14,EPL
2014-02-11,West Brom,Chelsea,1,1,D,12,15,1,4,2013_14,EPL
2014-02-11,West Ham,Norwich,2,0,H,12,13,7,6,2013_14,EPL
2014-02-12,Arsenal,Man United,0,0,D,17,6,5,2,2013_14,EPL
2014-02-12,Fulham,Liverpool,2,3,A,10,21,3,7,2013_14,EPL
2014-02-12,Newcastle,Tottenham,0,4,A,13,15,5,8,2013_14,EPL
2014-02-12,Stoke,Swansea,1,1,D,7,13,4,3,2013_14,EPL
2014-02-22,Arsenal,Sunderland,4,1,H,12,7,9,3,2013_14,EPL
2014-02-22,Cardiff,Hull,0,4,A,23,12,5,6,2013_14,EPL
2014-02-22,Chelsea,Everton,1,0,H,25,8,8,2,2013_14,EPL
2014-02-22,Crystal Palace,Man United,0,2,A,15,14,6,5,2013_14,EPL
2014-02-22,Man City,Stoke,1,0,H,19,7,7,2,2013_14,EPL
2014-02-22,West Brom,Fulham,1,1,D,16,7,5,3,2013_14,EPL
2014-02-22,West Ham,Southampton,3,1,H,10,25,5,5,2013_14,EPL
2014-02-23,Liverpool,Swansea,4,3,H,21,14,10,5,2013_14,EPL
2014-02-23,Newcastle,Aston Villa,1,0,H,23,10,5,2,2013_14,EPL
2014-02-23,Norwich,Tottenham,1,0,H,13,9,3,2,2013_14,EPL
2014-03-01,Everton,West Ham,1,0,H,22,6,3,1,2013_14,EPL
2014-03-01,Fulham,Chelsea,1,3,A,7,17,3,8,2013_14,EPL
2014-03-01,Hull,Newcastle,1,4,A,13,17,3,7,2013_14,EPL
2014-03-01,Southampton,Liverpool,0,3,A,13,12,2,5,2013_14,EPL
2014-03-01,Stoke,Arsenal,1,0,H,8,10,4,2,2013_14,EPL
2014-03-02,Aston Villa,Norwich,4,1,H,10,7,4,4,2013_14,EPL
2014-03-02,Swansea,Crystal Palace,1,1,D,7,7,5,4,2013_14,EPL
2014-03-02,Tottenham,Cardiff,1,0,H,15,8,6,2,2013_14,EPL
2014-03-08,Cardiff,Fulham,3,1,H,19,14,9,6,2013_14,EPL
2014-03-08,Chelsea,Tottenham,4,0,H,12,6,4,2,2013_14,EPL
2014-03-08,Crystal Palace,Southampton,0,1,A,6,11,1,3,2013_14,EPL
2014-03-08,Norwich,Stoke,1,1,D,13,6,5,3,2013_14,EPL
2014-03-08,West Brom,Man United,0,3,A,14,14,3,5,2013_14,EPL
2014-03-15,Aston Villa,Chelsea,1,0,H,13,15,4,2,2013_14,EPL
2014-03-15,Everton,Cardiff,2,1,H,19,10,6,3,2013_14,EPL
2014-03-15,Fulham,Newcastle,1,0,H,12,12,3,3,2013_14,EPL
2014-03-15,Hull,Man City,0,2,A,15,8,5,3,2013_14,EPL
2014-03-15,Southampton,Norwich,4,2,H,16,6,6,3,2013_14,EPL
2014-03-15,Stoke,West Ham,3,1,H,17,8,9,2,2013_14,EPL
2014-03-15,Sunderland,Crystal Palace,0,0,D,19,12,2,5,2013_14,EPL
2014-03-15,Swansea,West Brom,1,2,A,15,13,4,4,2013_14,EPL
2014-03-16,Man United,Liverpool,0,3,A,13,17,1,7,2013_14,EPL
2014-03-16,Tottenham,Arsenal,0,1,A,17,7,2,3,2013_14,EPL
2014-03-22,Cardiff,Liverpool,3,6,A,9,19,3,9,2013_14,EPL
2014-03-22,Chelsea,Arsenal,6,0,H,21,12,11,5,2013_14,EPL
2014-03-22,Everton,Swansea,3,2,H,9,21,6,7,2013_14,EPL
2014-03-22,Hull,West Brom,2,0,H,12,17,5,4,2013_14,EPL
2014-03-22,Man City,Fulham,5,0,H,22,6,12,0,2013_14,EPL
2014-03-22,Newcastle,Crystal Palace,1,0,H,21,8,8,1,2013_14,EPL
2014-03-22,Norwich,Sunderland,2,0,H,14,10,8,2,2013_14,EPL
2014-03-22,West Ham,Man United,0,2,A,10,16,1,7,2013_14,EPL
2014-03-23,Aston Villa,Stoke,1,4,A,12,10,3,5,2013_14,EPL
2014-03-23,Tottenham,Southampton,3,2,H,15,12,6,4,2013_14,EPL
2014-03-25,Arsenal,Swansea,2,2,D,13,8,4,2,2013_14,EPL
2014-03-25,Man United,Man City,0,3,A,10,13,4,4,2013_14,EPL
2014-03-25,Newcastle,Everton,0,3,A,16,8,3,6,2013_14,EPL
2014-03-26,Liverpool,Sunderland,2,1,H,21,12,7,4,2013_14,EPL
2014-03-26,West Ham,Hull,2,1,H,9,10,3,3,2013_14,EPL
2014-03-29,Arsenal,Man City,1,1,D,10,15,3,4,2013_14,EPL
2014-03-29,Crystal Palace,Chelsea,1,0,H,14,21,4,2,2013_14,EPL
2014-03-29,Man United,Aston Villa,4,1,H,9,10,6,1,2013_14,EPL
2014-03-29,Southampton,Newcastle,4,0,H,23,5,11,2,2013_14,EPL
2014-03-29,Stoke,Hull,1,0,H,15,5,3,3,2013_14,EPL
2014-03-29,Swansea,Norwich,3,0,H,16,8,7,4,2013_14,EPL
2014-03-29,West Brom,Cardiff,3,3,D,16,11,6,5,2013_14,EPL
2014-03-30,Fulham,Everton,1,3,A,23,14,8,7,2013_14,EPL
2014-03-30,Liverpool,Tottenham,4,0,H,11,15,5,4,2013_14,EPL
2014-03-31,Sunderland,West Ham,1,2,A,26,11,7,6,2013_14,EPL
2014-04-05,Aston Villa,Fulham,1,2,A,12,16,6,8,2013_14,EPL
2014-04-05,Cardiff,Crystal Palace,0,3,A,13,13,4,8,2013_14,EPL
2014-04-05,Chelsea,Stoke,3,0,H,18,4,8,2,2013_14,EPL
2014-04-05,Hull,Swansea,1,0,H,8,12,4,2,2013_14,EPL
2014-04-05,Man City,Southampton,4,1,H,15,5,8,1,2013_14,EPL
2014-04-05,Newcastle,Man United,0,4,A,14,8,4,4,2013_14,EPL
2014-04-05,Norwich,West Brom,0,1,A,12,8,4,5,2013_14,EPL
2014-04-06,Everton,Arsenal,3,0,H,14,15,8,5,2013_14,EPL
2014-04-06,West Ham,Liverpool,1,2,A,11,17,1,8,2013_14,EPL
2014-04-07,Tottenham,Sunderland,5,1,H,29,8,11,4,2013_14,EPL
2014-04-12,Crystal Palace,Aston Villa,1,0,H,14,7,4,4,2013_14,EPL
2014-04-12,Fulham,Norwich,1,0,H,14,13,3,3,2013_14,EPL
2014-04-12,Southampton,Cardiff,0,1,A,19,6,7,4,2013_14,EPL
2014-04-12,Stoke,Newcastle,1,0,H,10,13,3,1,2013_14,EPL
2014-04-12,Sunderland,Everton,0,1,A,24,20,6,3,2013_14,EPL
2014-04-12,West Brom,Tottenham,3,3,D,6,20,5,8,2013_14,EPL
2014-04-13,Liverpool,Man City,3,2,H,10,13,4,5,2013_14,EPL
2014-04-13,Swansea,Chelsea,0,1,A,7,26,4,3,2013_14,EPL
2014-04-15,Arsenal,West Ham,3,1,H,14,12,8,2,2013_14,EPL
2014-04-16,Everton,Crystal Palace,2,3,A,17,7,5,4,2013_14,EPL
2014-04-16,Man City,Sunderland,2,2,D,16,11,4,3,2013_14,EPL
2014-04-19,Aston Villa,Southampton,0,0,D,6,3,1,2,2013_14,EPL
2014-04-19,Cardiff,Stoke,1,1,D,13,14,4,5,2013_14,EPL
2014-04-19,Chelsea,Sunderland,1,2,A,31,7,15,3,2013_14,EPL
2014-04-19,Newcastle,Swansea,1,2,A,14,10,4,2,2013_14,EPL
2014-04-19,Tottenham,Fulham,3,1,H,14,11,5,4,2013_14,EPL
2014-04-19,West Ham,Crystal Palace,0,1,A,13,11,4,3,2013_14,EPL
2014-04-20,Everton,Man United,2,0,H,17,9,5,2,2013_14,EPL
2014-04-20,Hull,Arsenal,0,3,A,13,12,4,6,2013_14,EPL
2014-04-20,Norwich,Liverpool,2,3,A,13,14,5,6,2013_14,EPL
2014-04-21,Man City,West Brom,3,1,H,19,10,6,3,2013_14,EPL
2014-04-26,Fulham,Hull,2,2,D,10,8,3,4,2013_14,EPL
2014-04-26,Man United,Norwich,4,0,H,25,9,11,2,2013_14,EPL
2014-04-26,Southampton,Everton,2,0,H,14,9,4,2,2013_14,EPL
2014-04-26,Stoke,Tottenham,0,1,A,17,16,3,4,2013_14,EPL
2014-04-26,Swansea,Aston Villa,4,1,H,11,11,8,3,2013_14,EPL
2014-04-26,West Brom,West Ham,1,0,H,19,9,6,3,2013_14,EPL
2014-04-27,Crystal Palace,Man City,0,2,A,3,16,2,6,2013_14,EPL
2014-04-27,Liverpool,Chelsea,0,2,A,26,11,8,4,2013_14,EPL
2014-04-27,Sunderland,Cardiff,4,0,H,21,6,7,1,2013_14,EPL
2014-04-28,Arsenal,Newcastle,3,0,H,20,8,8,3,2013_14,EPL
2014-05-03,Aston Villa,Hull,3,1,H,15,7,9,2,2013_14,EPL
2014-05-03,Everton,Man City,2,3,A,9,18,4,6,2013_14,EPL
2014-05-03,Man United,Sunderland,0,1,A,17,8,2,1,2013_14,EPL
2014-05-03,Newcastle,Cardiff,3,0,H,22,16,6,3,2013_14,EPL
2014-05-03,Stoke,Fulham,4,1,H,23,10,8,2,2013_14,EPL
2014-05-03,Swansea,Southampton,0,1,A,12,18,3,4,2013_14,EPL
2014-05-03,West Ham,Tottenham,2,0,H,20,12,8,3,2013_14,EPL
2014-05-04,Arsenal,West Brom,1,0,H,15,11,4,1,2013_14,EPL
2014-05-04,Chelsea,Norwich,0,0,D,23,6,4,3,2013_14,EPL
2014-05-05,Crystal Palace,Liverpool,3,3,D,10,26,6,9,2013_14,EPL
2014-05-06,Man United,Hull,3,1,H,18,2,7,2,2013_14,EPL
2014-05-07,Man City,Aston Villa,4,0,H,18,5,9,0,2013_14,EPL
2014-05-07,Sunderland,West Brom,2,0,H,10,13,4,3,2013_14,EPL
2014-05-11,Cardiff,Chelsea,1,2,A,10,28,4,7,2013_14,EPL
2014-05-11,Fulham,Crystal Palace,2,2,D,15,15,5,6,2013_14,EPL
2014-05-11,Hull,Everton,0,2,A,12,11,3,4,2013_14,EPL
2014-05-11,Liverpool,Newcastle,2,1,H,13,8,5,2,2013_14,EPL
2014-05-11,Man City,West Ham,2,0,H,28,3,7,0,2013_14,EPL
2014-05-11,Norwich,Arsenal,0,2,A,11,14,5,8,2013_14,EPL
2014-05-11,Southampton,Man United,1,1,D,15,8,6,2,2013_14,EPL
2014-05-11,Sunderland,Swansea,1,3,A,20,8,4,4,2013_14,EPL
2014-05-11,Tottenham,Aston Villa,3,0,H,12,4,6,1,2013_14,EPL
2014-05-11,West Brom,Stoke,1,2,A,17,15,4,4,2013_14,EPL
2014-08-16,Arsenal,Crystal Palace,2,1,H,14,4,6,2,2014_15,EPL
2014-08-16,Leicester,Everton,2,2,D,11,13,3,3,2014_15,EPL
2014-08-16,Man United,Swansea,1,2,A,14,5,5,4,2014_15,EPL
2014-08-16,QPR,Hull,0,1,A,19,11,6,4,2014_15,EPL
2014-08-16,Stoke,Aston Villa,0,1,A,12,7,2,2,2014_15,EPL
2014-08-16,West Brom,Sunderland,2,2,D,10,7,5,2,2014_15,EPL
2014-08-16,West Ham,Tottenham,0,1,A,18,10,4,4,2014_15,EPL
2014-08-17,Liverpool,Southampton,2,1,H,12,12,5,6,2014_15,EPL
2014-08-17,Newcastle,Man City,0,2,A,12,13,0,5,2014_15,EPL
2014-08-18,Burnley,Chelsea,1,3,A,9,11,2,3,2014_15,EPL
2014-08-23,Aston Villa,Newcastle,0,0,D,9,11,0,4,2014_15,EPL
2014-08-23,Chelsea,Leicester,2,0,H,27,6,10,4,2014_15,EPL
2014-08-23,Crystal Palace,West Ham,1,3,A,9,17,4,8,2014_15,EPL
2014-08-23,Everton,Arsenal,2,2,D,8,13,2,3,2014_15,EPL
2014-08-23,Southampton,West Brom,0,0,D,8,8,2,2,2014_15,EPL
2014-08-23,Swansea,Burnley,1,0,H,10,12,5,1,2014_15,EPL
2014-08-24,Hull,Stoke,1,1,D,9,19,2,3,2014_15,EPL
2014-08-24,Sunderland,Man United,1,1,D,11,10,3,3,2014_15,EPL
2014-08-24,Tottenham,QPR,4,0,H,18,9,5,1,2014_15,EPL
2014-08-25,Man City,Liverpool,3,1,H,9,11,4,3,2014_15,EPL
2014-08-30,Burnley,Man United,0,0,D,9,7,3,2,2014_15,EPL
2014-08-30,Everton,Chelsea,3,6,A,17,12,7,8,2014_15,EPL
2014-08-30,Man City,Stoke,0,1,A,16,7,2,2,2014_15,EPL
2014-08-30,Newcastle,Crystal Palace,3,3,D,18,12,4,7,2014_15,EPL
2014-08-30,QPR,Sunderland,1,0,H,18,16,5,6,2014_15,EPL
2014-08-30,Swansea,West Brom,3,0,H,15,16,8,2,2014_15,EPL
2014-08-30,West Ham,Southampton,1,3,A,4,18,2,8,2014_15,EPL
2014-08-31,Aston Villa,Hull,2,1,H,11,9,4,3,2014_15,EPL
2014-08-31,Leicester,Arsenal,1,1,D,9,24,3,6,2014_15,EPL
2014-08-31,Tottenham,Liverpool,0,3,A,7,17,1,8,2014_15,EPL
2014-09-13,Arsenal,Man City,2,2,D,15,15,6,8,2014_15,EPL
2014-09-13,Chelsea,Swansea,4,2,H,29,11,9,2,2014_15,EPL
2014-09-13,Crystal Palace,Burnley,0,0,D,14,11,3,3,2014_15,EPL
2014-09-13,Liverpool,Aston Villa,0,1,A,18,5,1,1,2014_15,EPL
2014-09-13,Southampton,Newcastle,4,0,H,10,9,7,4,2014_15,EPL
2014-09-13,Stoke,Leicester,0,1,A,24,8,4,1,2014_15,EPL
2014-09-13,Sunderland,Tottenham,2,2,D,6,15,1,6,2014_15,EPL
2014-09-13,West Brom,Everton,0,2,A,11,11,1,4,2014_15,EPL
2014-09-14,Man United,QPR,4,0,H,19,9,9,2,2014_15,EPL
2014-09-15,Hull,West Ham,2,2,D,11,16,6,4,2014_15,EPL
2014-09-20,Aston Villa,Arsenal,0,3,A,6,9,2,3,2014_15,EPL
2014-09-20,Burnley,Sunderland,0,0,D,17,14,6,6,2014_15,EPL
2014-09-20,Newcastle,Hull,2,2,D,25,10,7,3,2014_15,EPL
2014-09-20,QPR,Stoke,2,2,D,21,8,5,4,2014_15,EPL
2014-09-20,Swansea,Southampton,0,1,A,5,11,2,4,2014_15,EPL
2014-09-20,West Ham,Liverpool,3,1,H,13,11,7,5,2014_15,EPL
2014-09-21,Everton,Crystal Palace,2,3,A,17,10,6,3,2014_15,EPL
2014-09-21,Leicester,Man United,5,3,H,15,16,5,5,2014_15,EPL
2014-09-21,Man City,Chelsea,1,1,D,16,6,4,2,2014_15,EPL
2014-09-21,Tottenham,West Brom,0,1,A,7,10,1,4,2014_15,EPL
2014-09-27,Arsenal,Tottenham,1,1,D,16,6,6,4,2014_15,EPL
2014-09-27,Chelsea,Aston Villa,3,0,H,17,7,8,1,2014_15,EPL
2014-09-27,Crystal Palace,Leicester,2,0,H,16,7,6,1,2014_15,EPL
2014-09-27,Hull,Man City,2,4,A,10,20,5,6,2014_15,EPL
2014-09-27,Liverpool,Everton,1,1,D,24,11,8,5,2014_15,EPL
2014-09-27,Man United,West Ham,2,1,H,8,13,3,4,2014_15,EPL
2014-09-27,Southampton,QPR,2,1,H,19,10,9,2,2014_15,EPL
2014-09-27,Sunderland,Swansea,0,0,D,15,7,3,1,2014_15,EPL
2014-09-28,West Brom,Burnley,4,0,H,20,10,6,2,2014_15,EPL
2014-09-29,Stoke,Newcastle,1,0,H,12,16,3,1,2014_15,EPL
2014-10-04,Aston Villa,Man City,0,2,A,6,27,1,7,2014_15,EPL
2014-10-04,Hull,Crystal Palace,2,0,H,15,11,2,2,2014_15,EPL
2014-10-04,Leicester,Burnley,2,2,D,15,10,6,4,2014_15,EPL
2014-10-04,Liverpool,West Brom,2,1,H,19,8,7,4,2014_15,EPL
2014-10-04,Sunderland,Stoke,3,1,H,8,11,3,5,2014_15,EPL
2014-10-04,Swansea,Newcastle,2,2,D,11,9,5,4,2014_15,EPL
2014-10-05,Chelsea,Arsenal,2,0,H,5,10,3,0,2014_15,EPL
2014-10-05,Man United,Everton,2,1,H,15,10,4,6,2014_15,EPL
2014-10-05,Tottenham,Southampton,1,0,H,9,7,4,3,2014_15,EPL
2014-10-05,West Ham,QPR,2,0,H,11,10,3,3,2014_15,EPL
2014-10-18,Arsenal,Hull,2,2,D,25,4,9,4,2014_15,EPL
2014-10-18,Burnley,West Ham,1,3,A,17,22,3,6,2014_15,EPL
2014-10-18,Crystal Palace,Chelsea,1,2,A,7,14,4,5,2014_15,EPL
2014-10-18,Everton,Aston Villa,3,0,H,15,10,6,2,2014_15,EPL
2014-10-18,Man City,Tottenham,4,1,H,20,19,12,7,2014_15,EPL
2014-10-18,Newcastle,Leicester,1,0,H,19,7,6,2,2014_15,EPL
2014-10-18,Southampton,Sunderland,8,0,H,20,12,11,1,2014_15,EPL
2014-10-19,QPR,Liverpool,2,3,A,15,15,6,5,2014_15,EPL
2014-10-19,Stoke,Swansea,2,1,H,17,13,3,5,2014_15,EPL
2014-10-20,West Brom,Man United,2,2,D,8,22,2,7,2014_15,EPL
2014-10-25,Liverpool,Hull,0,0,D,17,6,4,3,2014_15,EPL
2014-10-25,Southampton,Stoke,1,0,H,20,8,2,1,2014_15,EPL
2014-10-25,Sunderland,Arsenal,0,2,A,11,15,3,5,2014_15,EPL
2014-10-25,Swansea,Leicester,2,0,H,7,9,3,4,2014_15,EPL
2014-10-25,West Brom,Crystal Palace,2,2,D,17,8,4,6,2014_15,EPL
2014-10-25,West Ham,Man City,2,1,H,12,21,4,5,2014_15,EPL
2014-10-26,Burnley,Everton,1,3,A,14,15,3,6,2014_15,EPL
2014-10-26,Man United,Chelsea,1,1,D,19,9,7,4,2014_15,EPL
2014-10-26,Tottenham,Newcastle,1,2,A,17,8,2,2,2014_15,EPL
2014-10-27,QPR,Aston Villa,2,0,H,11,15,4,6,2014_15,EPL
2014-11-01,Arsenal,Burnley,3,0,H,32,6,13,2,2014_15,EPL
2014-11-01,Chelsea,QPR,2,1,H,18,7,8,1,2014_15,EPL
2014-11-01,Everton,Swansea,0,0,D,17,8,3,0,2014_15,EPL
2014-11-01,Hull,Southampton,0,1,A,8,10,1,3,2014_15,EPL
2014-11-01,Leicester,West Brom,0,1,A,14,8,5,3,2014_15,EPL
2014-11-01,Newcastle,Liverpool,1,0,H,14,6,3,3,2014_15,EPL
2014-11-01,Stoke,West Ham,2,2,D,21,10,6,2,2014_15,EPL
2014-11-02,Aston Villa,Tottenham,1,2,A,12,18,1,7,2014_15,EPL
2014-11-02,Man City,Man United,1,0,H,16,9,6,2,2014_15,EPL
2014-11-03,Crystal Palace,Sunderland,1,3,A,9,8,1,7,2014_15,EPL
2014-11-08,Burnley,Hull,1,0,H,14,12,3,1,2014_15,EPL
2014-11-08,Liverpool,Chelsea,1,2,A,12,15,4,5,2014_15,EPL
2014-11-08,Man United,Crystal Palace,1,0,H,23,6,5,1,2014_15,EPL
2014-11-08,QPR,Man City,2,2,D,17,23,4,6,2014_15,EPL
2014-11-08,Southampton,Leicester,2,0,H,18,5,6,0,2014_15,EPL
2014-11-08,West Ham,Aston Villa,0,0,D,21,12,5,4,2014_15,EPL
2014-11-09,Sunderland,Everton,1,1,D,10,16,3,7,2014_15,EPL
2014-11-09,Swansea,Arsenal,2,1,H,11,12,5,4,2014_15,EPL
2014-11-09,Tottenham,Stoke,1,2,A,14,11,4,4,2014_15,EPL
2014-11-09,West Brom,Newcastle,0,2,A,10,8,2,3,2014_15,EPL
2014-11-22,Arsenal,Man United,1,2,A,23,12,9,2,2014_15,EPL
2014-11-22,Chelsea,West Brom,2,0,H,21,5,8,1,2014_15,EPL
2014-11-22,Everton,West Ham,2,1,H,14,14,4,3,2014_15,EPL
2014-11-22,Leicester,Sunderland,0,0,D,13,10,4,5,2014_15,EPL
2014-11-22,Man City,Swansea,2,1,H,23,8,10,3,2014_15,EPL
2014-11-22,Newcastle,QPR,1,0,H,14,13,6,4,2014_15,EPL
2014-11-22,Stoke,Burnley,1,2,A,25,5,4,4,2014_15,EPL
2014-11-23,Crystal Palace,Liverpool,3,1,H,15,12,5,1,2014_15,EPL
2014-11-23,Hull,Tottenham,1,2,A,10,23,2,6,2014_15,EPL
2014-11-24,Aston Villa,Southampton,1,1,D,7,15,1,4,2014_15,EPL
2014-11-29,Burnley,Aston Villa,1,1,D,11,18,4,7,2014_15,EPL
2014-11-29,Liverpool,Stoke,1,0,H,16,13,3,4,2014_15,EPL
2014-11-29,Man United,Hull,3,0,H,12,4,6,2,2014_15,EPL
2014-11-29,QPR,Leicester,3,2,H,32,19,6,5,2014_15,EPL
2014-11-29,Sunderland,Chelsea,0,0,D,12,24,3,6,2014_15,EPL
2014-11-29,Swansea,Crystal Palace,1,1,D,18,11,4,5,2014_15,EPL
2014-11-29,West Brom,Arsenal,0,1,A,9,17,1,5,2014_15,EPL
2014-11-29,West Ham,Newcastle,1,0,H,12,7,3,1,2014_15,EPL
2014-11-30,Southampton,Man City,0,3,A,13,15,4,6,2014_15,EPL
2014-11-30,Tottenham,Everton,2,1,H,13,10,6,5,2014_15,EPL
2014-12-02,Burnley,Newcastle,1,1,D,12,11,2,4,2014_15,EPL
2014-12-02,Crystal Palace,Aston Villa,0,1,A,17,5,5,3,2014_15,EPL
2014-12-02,Leicester,Liverpool,1,3,A,20,11,4,3,2014_15,EPL
2014-12-02,Man United,Stoke,2,1,H,10,5,3,4,2014_15,EPL
2014-12-02,Swansea,QPR,2,0,H,18,5,7,1,2014_15,EPL
2014-12-02,West Brom,West Ham,1,2,A,23,11,5,6,2014_15,EPL
2014-12-03,Arsenal,Southampton,1,0,H,19,6,8,1,2014_15,EPL
2014-12-03,Chelsea,Tottenham,3,0,H,12,10,8,2,2014_15,EPL
2014-12-03,Everton,Hull,1,1,D,13,8,5,1,2014_15,EPL
2014-12-03,Sunderland,Man City,1,4,A,8,15,2,4,2014_15,EPL
2014-12-06,Hull,West Brom,0,0,D,12,6,2,3,2014_15,EPL
2014-12-06,Liverpool,Sunderland,0,0,D,15,7,2,1,2014_15,EPL
2014-12-06,Man City,Everton,1,0,H,19,9,3,2,2014_15,EPL
2014-12-06,Newcastle,Chelsea,2,1,H,9,26,3,8,2014_15,EPL
2014-12-06,QPR,Burnley,2,0,H,11,15,6,3,2014_15,EPL
2014-12-06,Stoke,Arsenal,3,2,H,13,15,4,6,2014_15,EPL
2014-12-06,Tottenham,Crystal Palace,0,0,D,14,16,3,4,2014_15,EPL
2014-12-07,Aston Villa,Leicester,2,1,H,16,10,7,4,2014_15,EPL
2014-12-07,West Ham,Swansea,3,1,H,15,11,7,2,2014_15,EPL
2014-12-08,Southampton,Man United,1,2,A,15,3,4,2,2014_15,EPL
2014-12-13,Arsenal,Newcastle,4,1,H,17,10,4,4,2014_15,EPL
2014-12-13,Burnley,Southampton,1,0,H,7,15,2,4,2014_15,EPL
2014-12-13,Chelsea,Hull,2,0,H,12,8,3,0,2014_15,EPL
2014-12-13,Crystal Palace,Stoke,1,1,D,10,7,3,3,2014_15,EPL
2014-12-13,Leicester,Man City,0,1,A,7,9,1,4,2014_15,EPL
2014-12-13,Sunderland,West Ham,1,1,D,13,19,4,8,2014_15,EPL
2014-12-13,West Brom,Aston Villa,1,0,H,13,7,5,2,2014_15,EPL
2014-12-14,Man United,Liverpool,3,0,H,11,19,6,9,2014_15,EPL
2014-12-14,Swansea,Tottenham,1,2,A,15,10,3,4,2014_15,EPL
2014-12-15,Everton,QPR,3,1,H,13,17,5,4,2014_15,EPL
2014-12-20,Aston Villa,Man United,1,1,D,10,16,4,9,2014_15,EPL
2014-12-20,Hull,Swansea,0,1,A,11,13,3,3,2014_15,EPL
2014-12-20,Man City,Crystal Palace,3,0,H,15,6,3,1,2014_15,EPL
2014-12-20,QPR,West Brom,3,2,H,17,16,7,6,2014_15,EPL
2014-12-20,Southampton,Everton,3,0,H,11,13,3,4,2014_15,EPL
2014-12-20,Tottenham,Burnley,2,1,H,23,9,6,5,2014_15,EPL
2014-12-20,West Ham,Leicester,2,0,H,10,10,2,4,2014_15,EPL
2014-12-21,Liverpool,Arsenal,2,2,D,27,7,10,3,2014_15,EPL
2014-12-21,Newcastle,Sunderland,0,1,A,15,16,7,3,2014_15,EPL
2014-12-22,Stoke,Chelsea,0,2,A,13,15,2,6,2014_15,EPL
2014-12-26,Arsenal,QPR,2,1,H,15,16,5,2,2014_15,EPL
2014-12-26,Burnley,Liverpool,0,1,A,16,10,0,3,2014_15,EPL
2014-12-26,Chelsea,West Ham,2,0,H,28,6,9,0,2014_15,EPL
2014-12-26,Crystal Palace,Southampton,1,3,A,11,13,4,6,2014_15,EPL
2014-12-26,Everton,Stoke,0,1,A,16,12,5,2,2014_15,EPL
2014-12-26,Leicester,Tottenham,1,2,A,22,8,6,3,2014_15,EPL
2014-12-26,Man United,Newcastle,3,1,H,9,8,4,4,2014_15,EPL
2014-12-26,Sunderland,Hull,1,3,A,12,13,3,5,2014_15,EPL
2014-12-26,Swansea,Aston Villa,1,0,H,7,11,2,3,2014_15,EPL
2014-12-26,West Brom,Man City,1,3,A,18,9,6,5,2014_15,EPL
2014-12-28,Aston Villa,Sunderland,0,0,D,14,15,3,3,2014_15,EPL
2014-12-28,Hull,Leicester,0,1,A,18,4,5,2,2014_15,EPL
2014-12-28,Man City,Burnley,2,2,D,17,12,6,3,2014_15,EPL
2014-12-28,Newcastle,Everton,3,2,H,13,9,6,2,2014_15,EPL
2014-12-28,QPR,Crystal Palace,0,0,D,11,10,3,3,2014_15,EPL
2014-12-28,Southampton,Chelsea,1,1,D,9,7,1,1,2014_15,EPL
2014-12-28,Stoke,West Brom,2,0,H,13,15,3,4,2014_15,EPL
2014-12-28,Tottenham,Man United,0,0,D,9,9,4,5,2014_15,EPL
2014-12-28,West Ham,Arsenal,1,2,A,14,21,4,7,2014_15,EPL
2014-12-29,Liverpool,Swansea,4,1,H,21,11,11,4,2014_15,EPL
2015-01-01,Aston Villa,Crystal Palace,0,0,D,14,6,3,0,2014_15,EPL
2015-01-01,Hull,Everton,2,0,H,14,9,5,3,2014_15,EPL
2015-01-01,Liverpool,Leicester,2,2,D,18,16,6,3,2014_15,EPL
2015-01-01,Man City,Sunderland,3,2,H,32,4,12,4,2014_15,EPL
2015-01-01,Newcastle,Burnley,3,3,D,10,15,4,4,2014_15,EPL
2015-01-01,QPR,Swansea,1,1,D,24,25,6,6,2014_15,EPL
2015-01-01,Southampton,Arsenal,2,0,H,13,11,6,6,2014_15,EPL
2015-01-01,Stoke,Man United,1,1,D,11,6,2,2,2014_15,EPL
2015-01-01,Tottenham,Chelsea,5,3,H,11,19,8,7,2014_15,EPL
2015-01-01,West Ham,West Brom,1,1,D,8,14,3,3,2014_15,EPL
2015-01-10,Burnley,QPR,2,1,H,18,17,7,7,2014_15,EPL
2015-01-10,Chelsea,Newcastle,2,0,H,9,11,5,5,2014_15,EPL
2015-01-10,Crystal Palace,Tottenham,2,1,H,21,9,7,5,2014_15,EPL
2015-01-10,Everton,Man City,1,1,D,11,18,4,2,2014_15,EPL
2015-01-10,Leicester,Aston Villa,1,0,H,11,12,3,1,2014_15,EPL
2015-01-10,Sunderland,Liverpool,0,1,A,5,21,1,4,2014_15,EPL
2015-01-10,Swansea,West Ham,1,1,D,19,11,3,5,2014_15,EPL
2015-01-10,West Brom,Hull,1,0,H,9,12,3,2,2014_15,EPL
2015-01-11,Arsenal,Stoke,3,0,H,14,7,6,2,2014_15,EPL
2015-01-11,Man United,Southampton,0,1,A,10,9,0,1,2014_15,EPL
2015-01-17,Aston Villa,Liverpool,0,2,A,15,12,4,5,2014_15,EPL
2015-01-17,Burnley,Crystal Palace,2,3,A,7,11,4,4,2014_15,EPL
2015-01-17,Leicester,Stoke,0,1,A,7,13,3,3,2014_15,EPL
2015-01-17,Newcastle,Southampton,1,2,A,16,5,3,3,2014_15,EPL
2015-01-17,QPR,Man United,0,2,A,18,12,4,7,2014_15,EPL
2015-01-17,Swansea,Chelsea,0,5,A,11,21,0,11,2014_15,EPL
2015-01-17,Tottenham,Sunderland,2,1,H,25,8,8,4,2014_15,EPL
2015-01-18,Man City,Arsenal,0,2,A,12,9,4,3,2014_15,EPL
2015-01-18,West Ham,Hull,3,0,H,17,9,6,3,2014_15,EPL
2015-01-19,Everton,West Brom,0,0,D,17,5,4,0,2014_15,EPL
2015-01-31,Chelsea,Man City,1,1,D,3,10,2,5,2014_15,EPL
2015-01-31,Crystal Palace,Everton,0,1,A,13,14,3,2,2014_15,EPL
2015-01-31,Hull,Newcastle,0,3,A,13,12,8,5,2014_15,EPL
2015-01-31,Liverpool,West Ham,2,0,H,21,7,7,2,2014_15,EPL
2015-01-31,Man United,Leicester,3,1,H,12,4,5,1,2014_15,EPL
2015-01-31,Stoke,QPR,3,1,H,15,14,3,4,2014_15,EPL
2015-01-31,Sunderland,Burnley,2,0,H,8,13,3,4,2014_15,EPL
2015-01-31,West Brom,Tottenham,0,3,A,13,14,4,4,2014_15,EPL
2015-02-01,Arsenal,Aston Villa,5,0,H,13,9,8,2,2014_15,EPL
2015-02-01,Southampton,Swansea,0,1,A,15,6,6,1,2014_15,EPL
2015-02-07,Aston Villa,Chelsea,1,2,A,8,12,1,5,2014_15,EPL
2015-02-07,Everton,Liverpool,0,0,D,6,17,1,6,2014_15,EPL
2015-02-07,Leicester,Crystal Palace,0,1,A,19,14,5,2,2014_15,EPL
2015-02-07,Man City,Hull,1,1,D,18,7,5,3,2014_15,EPL
2015-02-07,QPR,Southampton,0,1,A,12,16,3,5,2014_15,EPL
2015-02-07,Swansea,Sunderland,1,1,D,16,4,7,1,2014_15,EPL
2015-02-07,Tottenham,Arsenal,2,1,H,23,7,8,3,2014_15,EPL
2015-02-08,Burnley,West Brom,2,2,D,12,12,5,5,2014_15,EPL
2015-02-08,Newcastle,Stoke,1,1,D,9,7,3,3,2014_15,EPL
2015-02-08,West Ham,Man United,1,1,D,13,18,6,6,2014_15,EPL
2015-02-10,Arsenal,Leicester,2,1,H,17,11,7,4,2014_15,EPL
2015-02-10,Hull,Aston Villa,2,0,H,10,11,4,4,2014_15,EPL
2015-02-10,Liverpool,Tottenham,3,2,H,16,14,7,5,2014_15,EPL
2015-02-10,Sunderland,QPR,0,2,A,16,19,5,4,2014_15,EPL
2015-02-11,Chelsea,Everton,1,0,H,21,7,7,4,2014_15,EPL
2015-02-11,Crystal Palace,Newcastle,1,1,D,7,5,3,1,2014_15,EPL
2015-02-11,Man United,Burnley,3,1,H,11,13,7,3,2014_15,EPL
2015-02-11,Southampton,West Ham,0,0,D,21,4,7,1,2014_15,EPL
2015-02-11,Stoke,Man City,1,4,A,17,14,5,8,2014_15,EPL
2015-02-11,West Brom,Swansea,2,0,H,11,10,4,3,2014_15,EPL
2015-02-21,Aston Villa,Stoke,1,2,A,3,11,2,6,2014_15,EPL
2015-02-21,Chelsea,Burnley,1,1,D,14,10,5,5,2014_15,EPL
2015-02-21,Crystal Palace,Arsenal,1,2,A,22,12,3,4,2014_15,EPL
2015-02-21,Hull,QPR,2,1,H,16,8,6,3,2014_15,EPL
2015-02-21,Man City,Newcastle,5,0,H,16,8,9,1,2014_15,EPL
2015-02-21,Sunderland,West Brom,0,0,D,13,5,2,1,2014_15,EPL
2015-02-21,Swansea,Man United,2,1,H,11,18,6,3,2014_15,EPL
2015-02-22,Everton,Leicester,2,2,D,18,15,3,4,2014_15,EPL
2015-02-22,Southampton,Liverpool,0,2,A,13,6,5,4,2014_15,EPL
2015-02-22,Tottenham,West Ham,2,2,D,27,12,8,5,2014_15,EPL
2015-02-28,Burnley,Swansea,0,1,A,13,8,6,2,2014_15,EPL
2015-02-28,Man United,Sunderland,2,0,H,30,5,10,3,2014_15,EPL
2015-02-28,Newcastle,Aston Villa,1,0,H,14,13,5,3,2014_15,EPL
2015-02-28,Stoke,Hull,1,0,H,17,1,2,0,2014_15,EPL
2015-02-28,West Brom,Southampton,1,0,H,7,12,3,2,2014_15,EPL
2015-02-28,West Ham,Crystal Palace,1,3,A,22,12,5,5,2014_15,EPL
2015-03-01,Arsenal,Everton,2,0,H,17,8,4,2,2014_15,EPL
2015-03-01,Liverpool,Man City,2,1,H,11,8,5,1,2014_15,EPL
2015-03-03,Aston Villa,West Brom,2,1,H,16,3,8,1,2014_15,EPL
2015-03-03,Hull,Sunderland,1,1,D,15,9,5,3,2014_15,EPL
2015-03-03,Southampton,Crystal Palace,1,0,H,23,9,3,3,2014_15,EPL
2015-03-04,Liverpool,Burnley,2,0,H,20,9,8,1,2014_15,EPL
2015-03-04,Man City,Leicester,2,0,H,22,6,9,2,2014_15,EPL
2015-03-04,Newcastle,Man United,0,1,A,9,11,2,5,2014_15,EPL
2015-03-04,QPR,Arsenal,1,2,A,10,20,3,9,2014_15,EPL
2015-03-04,Stoke,Everton,2,0,H,11,10,3,5,2014_15,EPL
2015-03-04,Tottenham,Swansea,3,2,H,20,10,7,5,2014_15,EPL
2015-03-04,West Ham,Chelsea,0,1,A,18,12,5,3,2014_15,EPL
2015-03-07,QPR,Tottenham,1,2,A,17,13,6,6,2014_15,EPL
2015-03-14,Arsenal,West Ham,3,0,H,19,7,9,1,2014_15,EPL
2015-03-14,Burnley,Man City,1,0,H,10,21,4,5,2014_15,EPL
2015-03-14,Crystal Palace,QPR,3,1,H,15,11,4,4,2014_15,EPL
2015-03-14,Leicester,Hull,0,0,D,15,12,3,5,2014_15,EPL
2015-03-14,Sunderland,Aston Villa,0,4,A,12,14,2,8,2014_15,EPL
2015-03-14,West Brom,Stoke,1,0,H,14,9,5,2,2014_15,EPL
2015-03-15,Chelsea,Southampton,1,1,D,22,12,7,5,2014_15,EPL
2015-03-15,Everton,Newcastle,3,0,H,15,12,9,4,2014_15,EPL
2015-03-15,Man United,Tottenham,3,0,H,11,5,3,1,2014_15,EPL
2015-03-16,Swansea,Liverpool,0,1,A,10,16,3,5,2014_15,EPL
2015-03-21,Aston Villa,Swansea,0,1,A,12,9,3,6,2014_15,EPL
2015-03-21,Man City,West Brom,3,0,H,43,3,16,0,2014_15,EPL
2015-03-21,Newcastle,Arsenal,1,2,A,16,7,4,3,2014_15,EPL
2015-03-21,Southampton,Burnley,2,0,H,20,15,3,3,2014_15,EPL
2015-03-21,Stoke,Crystal Palace,1,2,A,17,12,4,3,2014_15,EPL
2015-03-21,Tottenham,Leicester,4,3,H,10,14,4,5,2014_15,EPL
2015-03-21,West Ham,Sunderland,1,0,H,15,7,4,3,2014_15,EPL
2015-03-22,Hull,Chelsea,2,3,A,19,8,8,3,2014_15,EPL
2015-03-22,Liverpool,Man United,1,2,A,7,6,1,4,2014_15,EPL
2015-03-22,QPR,Everton,1,2,A,14,8,1,3,2014_15,EPL
2015-04-04,Arsenal,Liverpool,4,1,H,16,13,10,2,2014_15,EPL
2015-04-04,Chelsea,Stoke,2,1,H,19,7,10,2,2014_15,EPL
2015-04-04,Everton,Southampton,1,0,H,11,11,1,2,2014_15,EPL
2015-04-04,Leicester,West Ham,2,1,H,20,14,7,7,2014_15,EPL
2015-04-04,Man United,Aston Villa,3,1,H,19,4,7,2,2014_15,EPL
2015-04-04,Swansea,Hull,3,1,H,9,10,4,1,2014_15,EPL
2015-04-04,West Brom,QPR,1,4,A,21,12,6,7,2014_15,EPL
2015-04-05,Burnley,Tottenham,0,0,D,15,12,4,2,2014_15,EPL
2015-04-05,Sunderland,Newcastle,1,0,H,16,10,4,1,2014_15,EPL
2015-04-06,Crystal Palace,Man City,2,1,H,5,22,3,4,2014_15,EPL
2015-04-07,Aston Villa,QPR,3,3,D,21,11,7,5,2014_15,EPL
2015-04-11,Burnley,Arsenal,0,1,A,8,17,4,5,2014_15,EPL
2015-04-11,Southampton,Hull,2,0,H,9,15,4,4,2014_15,EPL
2015-04-11,Sunderland,Crystal Palace,1,4,A,12,14,3,5,2014_15,EPL
2015-04-11,Swansea,Everton,1,1,D,11,12,3,8,2014_15,EPL
2015-04-11,Tottenham,Aston Villa,0,1,A,14,10,3,3,2014_15,EPL
2015-04-11,West Brom,Leicester,2,3,A,8,12,5,4,2014_15,EPL
2015-04-11,West Ham,Stoke,1,1,D,11,18,3,2,2014_15,EPL
2015-04-12,Man United,Man City,4,2,H,11,10,7,3,2014_15,EPL
2015-04-12,QPR,Chelsea,0,1,A,15,9,4,1,2014_15,EPL
2015-04-13,Liverpool,Newcastle,2,0,H,14,10,6,3,2014_15,EPL
2015-04-18,Chelsea,Man United,1,0,H,7,15,2,2,2014_15,EPL
2015-04-18,Crystal Palace,West Brom,0,2,A,19,8,4,4,2014_15,EPL
2015-04-18,Everton,Burnley,1,0,H,21,10,8,1,2014_15,EPL
2015-04-18,Leicester,Swansea,2,0,H,18,10,6,6,2014_15,EPL
2015-04-18,Stoke,Southampton,2,1,H,15,12,2,6,2014_15,EPL
2015-04-19,Man City,West Ham,2,0,H,18,9,3,3,2014_15,EPL
2015-04-19,Newcastle,Tottenham,1,3,A,11,14,5,8,2014_15,EPL
2015-04-25,Burnley,Leicester,0,1,A,12,8,4,4,2014_15,EPL
2015-04-25,Crystal Palace,Hull,0,2,A,7,21,3,7,2014_15,EPL
2015-04-25,Man City,Aston Villa,3,2,H,11,13,4,4,2014_15,EPL
2015-04-25,Newcastle,Swansea,2,3,A,12,11,4,6,2014_15,EPL
2015-04-25,QPR,West Ham,0,0,D,18,8,7,2,2014_15,EPL
2015-04-25,Southampton,Tottenham,2,2,D,13,7,4,2,2014_15,EPL
2015-04-25,Stoke,Sunderland,1,1,D,23,15,8,5,2014_15,EPL
2015-04-25,West Brom,Liverpool,0,0,D,10,22,4,5,2014_15,EPL
2015-04-26,Arsenal,Chelsea,0,0,D,12,7,1,3,2014_15,EPL
2015-04-26,Everton,Man United,3,0,H,9,17,7,4,2014_15,EPL
2015-04-28,Hull,Liverpool,1,0,H,7,12,4,9,2014_15,EPL
2015-04-29,Leicester,Chelsea,1,3,A,8,11,2,4,2014_15,EPL
2015-05-02,Aston Villa,Everton,3,2,H,11,9,4,5,2014_15,EPL
2015-05-02,Leicester,Newcastle,3,0,H,19,12,7,3,2014_15,EPL
2015-05-02,Liverpool,QPR,2,1,H,25,10,8,2,2014_15,EPL
2015-05-02,Man United,West Brom,0,1,A,26,6,9,3,2014_15,EPL
2015-05-02,Sunderland,Southampton,2,1,H,12,11,6,2,2014_15,EPL
2015-05-02,Swansea,Stoke,2,0,H,16,9,4,3,2014_15,EPL
2015-05-02,West Ham,Burnley,1,0,H,29,8,7,2,2014_15,EPL
2015-05-03,Chelsea,Crystal Palace,1,0,H,17,8,7,1,2014_15,EPL
2015-05-03,Tottenham,Man City,0,1,A,21,15,5,4,2014_15,EPL
2015-05-04,Hull,Arsenal,1,3,A,8,22,1,9,2014_15,EPL
2015-05-09,Aston Villa,West Ham,1,0,H,15,5,5,1,2014_15,EPL
2015-05-09,Crystal Palace,Man United,1,2,A,13,13,4,4,2014_15,EPL
2015-05-09,Everton,Sunderland,0,2,A,22,10,4,3,2014_15,EPL
2015-05-09,Hull,Burnley,0,1,A,21,8,3,2,2014_15,EPL
2015-05-09,Leicester,Southampton,2,0,H,10,10,3,3,2014_15,EPL
2015-05-09,Newcastle,West Brom,1,1,D,15,8,5,3,2014_15,EPL
2015-05-09,Stoke,Tottenham,3,0,H,17,9,9,3,2014_15,EPL
2015-05-10,Chelsea,Liverpool,1,1,D,8,15,3,4,2014_15,EPL
2015-05-10,Man City,QPR,6,0,H,23,9,11,3,2014_15,EPL
2015-05-11,Arsenal,Swansea,0,1,A,23,8,9,3,2014_15,EPL
2015-05-16,Burnley,Stoke,0,0,D,11,11,4,3,2014_15,EPL
2015-05-16,Liverpool,Crystal Palace,1,3,A,18,15,3,6,2014_15,EPL
2015-05-16,QPR,Newcastle,2,1,H,8,22,4,8,2014_15,EPL
2015-05-16,Southampton,Aston Villa,6,1,H,18,9,11,4,2014_15,EPL
2015-05-16,Sunderland,Leicester,0,0,D,13,11,3,0,2014_15,EPL
2015-05-16,Tottenham,Hull,2,0,H,10,14,3,2,2014_15,EPL
2015-05-16,West Ham,Everton,1,2,A,13,21,3,5,2014_15,EPL
2015-05-17,Man United,Arsenal,1,1,D,12,5,4,3,2014_15,EPL
2015-05-17,Swansea,Man City,2,4,A,13,22,9,11,2014_15,EPL
2015-05-18,West Brom,Chelsea,3,0,H,9,12,5,3,2014_15,EPL
2015-05-20,Arsenal,Sunderland,0,0,D,28,7,8,3,2014_15,EPL
2015-05-24,Arsenal,West Brom,4,1,H,24,14,13,5,2014_15,EPL
2015-05-24,Aston Villa,Burnley,0,1,A,16,6,5,3,2014_15,EPL
2015-05-24,Chelsea,Sunderland,3,1,H,24,17,8,9,2014_15,EPL
2015-05-24,Crystal Palace,Swansea,1,0,H,13,5,7,2,2014_15,EPL
2015-05-24,Everton,Tottenham,0,1,A,9,16,1,3,2014_15,EPL
2015-05-24,Hull,Man United,0,0,D,16,7,6,1,2014_15,EPL
2015-05-24,Leicester,QPR,5,1,H,22,18,7,2,2014_15,EPL
2015-05-24,Man City,Southampton,2,0,H,15,13,6,4,2014_15,EPL
2015-05-24,Newcastle,West Ham,2,0,H,17,4,4,1,2014_15,EPL
2015-05-24,Stoke,Liverpool,6,1,H,15,13,9,4,2014_15,EPL
2015-08-08,Bournemouth,Aston Villa,0,1,A,11,7,2,3,2015_16,EPL
2015-08-08,Chelsea,Swansea,2,2,D,11,18,3,10,2015_16,EPL
2015-08-08,Everton,Watford,2,2,D,10,11,5,5,2015_16,EPL
2015-08-08,Leicester,Sunderland,4,2,H,19,10,8,5,2015_16,EPL
2015-08-08,Man United,Tottenham,1,0,H,9,9,1,4,2015_16,EPL
2015-08-08,Norwich,Crystal Palace,1,3,A,17,11,6,7,2015_16,EPL
2015-08-09,Arsenal,West Ham,0,2,A,22,8,6,4,2015_16,EPL
2015-08-09,Newcastle,Southampton,2,2,D,9,15,4,5,2015_16,EPL
2015-08-09,Stoke,Liverpool,0,1,A,7,8,1,3,2015_16,EPL
2015-08-10,West Brom,Man City,0,3,A,9,19,2,7,2015_16,EPL
2015-08-14,Aston Villa,Man United,0,1,A,5,9,1,2,2015_16,EPL
2015-08-15,Southampton,Everton,0,3,A,17,10,4,4,2015_16,EPL
2015-08-15,Sunderland,Norwich,1,3,A,6,19,2,6,2015_16,EPL
2015-08-15,Swansea,Newcastle,2,0,H,19,4,6,2,2015_16,EPL
2015-08-15,Tottenham,Stoke,2,2,D,13,16,7,7,2015_16,EPL
2015-08-15,Watford,West Brom,0,0,D,16,6,5,0,2015_16,EPL
2015-08-15,West Ham,Leicester,1,2,A,10,11,3,6,2015_16,EPL
2015-08-16,Crystal Palace,Arsenal,1,2,A,11,20,4,7,2015_16,EPL
2015-08-16,Man City,Chelsea,3,0,H,18,10,8,3,2015_16,EPL
2015-08-17,Liverpool,Bournemouth,1,0,H,18,13,2,2,2015_16,EPL
2015-08-22,Crystal Palace,Aston Villa,2,1,H,16,11,6,2,2015_16,EPL
2015-08-22,Leicester,Tottenham,1,1,D,13,19,2,6,2015_16,EPL
2015-08-22,Man United,Newcastle,0,0,D,20,7,8,0,2015_16,EPL
2015-08-22,Norwich,Stoke,1,1,D,21,6,7,1,2015_16,EPL
2015-08-22,Sunderland,Swansea,1,1,D,10,20,2,9,2015_16,EPL
2015-08-22,West Ham,Bournemouth,3,4,A,10,15,4,7,2015_16,EPL
2015-08-23,Everton,Man City,0,2,A,10,16,1,9,2015_16,EPL
2015-08-23,Watford,Southampton,0,0,D,13,14,0,5,2015_16,EPL
2015-08-23,West Brom,Chelsea,2,3,A,15,15,6,5,2015_16,EPL
2015-08-24,Arsenal,Liverpool,0,0,D,19,15,5,8,2015_16,EPL
2015-08-29,Aston Villa,Sunderland,2,2,D,21,7,6,3,2015_16,EPL
2015-08-29,Bournemouth,Leicester,1,1,D,5,4,2,2,2015_16,EPL
2015-08-29,Chelsea,Crystal Palace,1,2,A,26,13,9,6,2015_16,EPL
2015-08-29,Liverpool,West Ham,0,3,A,13,12,1,5,2015_16,EPL
2015-08-29,Man City,Watford,2,0,H,18,7,5,0,2015_16,EPL
2015-08-29,Newcastle,Arsenal,0,1,A,1,22,0,9,2015_16,EPL
2015-08-29,Stoke,West Brom,0,1,A,13,15,5,5,2015_16,EPL
2015-08-29,Tottenham,Everton,0,0,D,20,8,6,3,2015_16,EPL
2015-08-30,Southampton,Norwich,3,0,H,23,6,8,1,2015_16,EPL
2015-08-30,Swansea,Man United,2,1,H,9,11,4,4,2015_16,EPL
2015-09-12,Arsenal,Stoke,2,0,H,29,9,12,4,2015_16,EPL
2015-09-12,Crystal Palace,Man City,0,1,A,10,21,2,7,2015_16,EPL
2015-09-12,Everton,Chelsea,3,1,H,14,15,9,2,2015_16,EPL
2015-09-12,Man United,Liverpool,3,1,H,9,8,3,4,2015_16,EPL
2015-09-12,Norwich,Bournemouth,3,1,H,12,7,4,2,2015_16,EPL
2015-09-12,Watford,Swansea,1,0,H,17,8,6,3,2015_16,EPL
2015-09-12,West Brom,Southampton,0,0,D,8,14,1,4,2015_16,EPL
2015-09-13,Leicester,Aston Villa,3,2,H,21,11,6,4,2015_16,EPL
2015-09-13,Sunderland,Tottenham,0,1,A,12,15,2,4,2015_16,EPL
2015-09-14,West Ham,Newcastle,2,0,H,17,14,3,4,2015_16,EPL
2015-09-19,Aston Villa,West Brom,0,1,A,13,11,3,6,2015_16,EPL
2015-09-19,Bournemouth,Sunderland,2,0,H,15,9,5,2,2015_16,EPL
2015-09-19,Chelsea,Arsenal,2,0,H,22,9,7,2,2015_16,EPL
2015-09-19,Man City,West Ham,1,2,A,27,6,8,3,2015_16,EPL
2015-09-19,Newcastle,Watford,1,2,A,15,13,5,4,2015_16,EPL
2015-09-19,Stoke,Leicester,2,2,D,11,12,4,5,2015_16,EPL
2015-09-19,Swansea,Everton,0,0,D,12,17,3,2,2015_16,EPL
2015-09-20,Liverpool,Norwich,1,1,D,23,7,7,2,2015_16,EPL
2015-09-20,Southampton,Man United,2,3,A,15,10,8,3,2015_16,EPL
2015-09-20,Tottenham,Crystal Palace,1,0,H,22,12,6,4,2015_16,EPL
2015-09-26,Leicester,Arsenal,2,5,A,16,26,7,12,2015_16,EPL
2015-09-26,Liverpool,Aston Villa,3,2,H,21,10,12,4,2015_16,EPL
2015-09-26,Man United,Sunderland,3,0,H,12,9,7,4,2015_16,EPL
2015-09-26,Newcastle,Chelsea,2,2,D,11,16,5,4,2015_16,EPL
2015-09-26,Southampton,Swansea,3,1,H,18,11,7,4,2015_16,EPL
2015-09-26,Stoke,Bournemouth,2,1,H,8,11,5,6,2015_16,EPL
2015-09-26,Tottenham,Man City,4,1,H,15,22,8,8,2015_16,EPL
2015-09-26,West Ham,Norwich,2,2,D,19,16,7,7,2015_16,EPL
2015-09-27,Watford,Crystal Palace,0,1,A,15,16,2,3,2015_16,EPL
2015-09-28,West Brom,Everton,2,3,A,9,12,4,4,2015_16,EPL
2015-10-03,Aston Villa,Stoke,0,1,A,13,12,2,5,2015_16,EPL
2015-10-03,Bournemouth,Watford,1,1,D,12,11,6,2,2015_16,EPL
2015-10-03,Chelsea,Southampton,1,3,A,10,13,3,5,2015_16,EPL
2015-10-03,Crystal Palace,West Brom,2,0,H,21,7,8,2,2015_16,EPL
2015-10-03,Man City,Newcastle,6,1,H,23,6,11,4,2015_16,EPL
2015-10-03,Norwich,Leicester,1,2,A,17,16,2,5,2015_16,EPL
2015-10-03,Sunderland,West Ham,2,2,D,12,20,3,6,2015_16,EPL
2015-10-04,Arsenal,Man United,3,0,H,12,9,5,5,2015_16,EPL
2015-10-04,Everton,Liverpool,1,1,D,14,13,4,4,2015_16,EPL
2015-10-04,Swansea,Tottenham,2,2,D,11,19,2,11,2015_16,EPL
2015-10-17,Chelsea,Aston Villa,2,0,H,9,8,3,1,2015_16,EPL
2015-10-17,Crystal Palace,West Ham,1,3,A,6,24,1,4,2015_16,EPL
2015-10-17,Everton,Man United,0,3,A,12,10,3,7,2015_16,EPL
2015-10-17,Man City,Bournemouth,5,1,H,15,5,11,1,2015_16,EPL
2015-10-17,Southampton,Leicester,2,2,D,14,26,6,7,2015_16,EPL
2015-10-17,Tottenham,Liverpool,0,0,D,13,12,4,3,2015_16,EPL
2015-10-17,Watford,Arsenal,0,3,A,8,17,1,6,2015_16,EPL
2015-10-17,West Brom,Sunderland,1,0,H,8,9,1,2,2015_16,EPL
2015-10-18,Newcastle,Norwich,6,2,H,11,18,6,6,2015_16,EPL
2015-10-19,Swansea,Stoke,0,1,A,14,9,2,2,2015_16,EPL
2015-10-24,Arsenal,Everton,2,1,H,20,10,5,5,2015_16,EPL
2015-10-24,Aston Villa,Swansea,1,2,A,9,11,3,4,2015_16,EPL
2015-10-24,Leicester,Crystal Palace,1,0,H,12,9,3,4,2015_16,EPL
2015-10-24,Norwich,West Brom,0,1,A,16,7,3,4,2015_16,EPL
2015-10-24,Stoke,Watford,0,2,A,12,13,1,3,2015_16,EPL
2015-10-24,West Ham,Chelsea,2,1,H,12,8,5,4,2015_16,EPL
2015-10-25,Bournemouth,Tottenham,1,5,A,11,14,3,9,2015_16,EPL
2015-10-25,Liverpool,Southampton,1,1,D,15,8,2,3,2015_16,EPL
2015-10-25,Man United,Man City,0,0,D,6,6,1,1,2015_16,EPL
2015-10-25,Sunderland,Newcastle,3,0,H,9,21,3,8,2015_16,EPL
2015-10-31,Chelsea,Liverpool,1,3,A,8,16,2,7,2015_16,EPL
2015-10-31,Crystal Palace,Man United,0,0,D,10,5,5,1,2015_16,EPL
2015-10-31,Man City,Norwich,2,1,H,21,5,5,3,2015_16,EPL
2015-10-31,Newcastle,Stoke,0,0,D,15,9,6,2,2015_16,EPL
2015-10-31,Swansea,Arsenal,0,3,A,8,15,3,5,2015_16,EPL
2015-10-31,Watford,West Ham,2,0,H,20,8,5,3,2015_16,EPL
2015-10-31,West Brom,Leicester,2,3,A,14,13,6,5,2015_16,EPL
2015-11-01,Everton,Sunderland,6,2,H,15,17,8,9,2015_16,EPL
2015-11-01,Southampton,Bournemouth,2,0,H,11,16,2,2,2015_16,EPL
2015-11-02,Tottenham,Aston Villa,3,1,H,17,13,6,2,2015_16,EPL
2015-11-07,Bournemouth,Newcastle,0,1,A,20,2,5,1,2015_16,EPL
2015-11-07,Leicester,Watford,2,1,H,12,8,6,4,2015_16,EPL
2015-11-07,Man United,West Brom,2,0,H,13,4,3,0,2015_16,EPL
2015-11-07,Norwich,Swansea,1,0,H,9,8,5,0,2015_16,EPL
2015-11-07,Stoke,Chelsea,1,0,H,8,19,2,4,2015_16,EPL
2015-11-07,Sunderland,Southampton,0,1,A,9,11,3,4,2015_16,EPL
2015-11-07,West Ham,Everton,1,1,D,16,13,5,4,2015_16,EPL
2015-11-08,Arsenal,Tottenham,1,1,D,10,14,4,4,2015_16,EPL
2015-11-08,Aston Villa,Man City,0,0,D,3,13,0,3,2015_16,EPL
2015-11-08,Liverpool,Crystal Palace,1,2,A,22,9,4,4,2015_16,EPL
2015-11-21,Chelsea,Norwich,1,0,H,21,4,7,2,2015_16,EPL
2015-11-21,Everton,Aston Villa,4,0,H,16,10,9,3,2015_16,EPL
2015-11-21,Man City,Liverpool,1,4,A,11,14,3,9,2015_16,EPL
2015-11-21,Newcastle,Leicester,0,3,A,9,18,1,7,2015_16,EPL
2015-11-21,Southampton,Stoke,0,1,A,16,16,1,4,2015_16,EPL
2015-11-21,Swansea,Bournemouth,2,2,D,11,16,4,4,2015_16,EPL
2015-11-21,Watford,Man United,1,2,A,10,13,5,6,2015_16,EPL
2015-11-21,West Brom,Arsenal,2,1,H,4,11,1,3,2015_16,EPL
2015-11-22,Tottenham,West Ham,4,1,H,22,10,12,4,2015_16,EPL
2015-11-23,Crystal Palace,Sunderland,0,1,A,19,12,7,4,2015_16,EPL
2015-11-28,Aston Villa,Watford,2,3,A,12,14,6,6,2015_16,EPL
2015-11-28,Bournemouth,Everton,3,3,D,19,11,10,6,2015_16,EPL
2015-11-28,Crystal Palace,Newcastle,5,1,H,19,7,8,2,2015_16,EPL
2015-11-28,Leicester,Man United,1,1,D,7,10,3,2,2015_16,EPL
2015-11-28,Man City,Southampton,3,1,H,16,12,9,8,2015_16,EPL
2015-11-28,Sunderland,Stoke,2,0,H,18,7,5,3,2015_16,EPL
2015-11-29,Liverpool,Swansea,1,0,H,10,8,2,0,2015_16,EPL
2015-11-29,Norwich,Arsenal,1,1,D,7,12,2,3,2015_16,EPL
2015-11-29,Tottenham,Chelsea,0,0,D,9,5,4,1,2015_16,EPL
2015-11-29,West Ham,West Brom,1,1,D,17,7,6,3,2015_16,EPL
2015-12-05,Arsenal,Sunderland,3,1,H,16,11,7,4,2015_16,EPL
2015-12-05,Chelsea,Bournemouth,0,1,A,19,15,6,5,2015_16,EPL
2015-12-05,Man United,West Ham,0,0,D,21,9,1,2,2015_16,EPL
2015-12-05,Southampton,Aston Villa,1,1,D,23,9,5,2,2015_16,EPL
2015-12-05,Stoke,Man City,2,0,H,7,11,4,4,2015_16,EPL
2015-12-05,Swansea,Leicester,0,3,A,10,16,2,5,2015_16,EPL
2015-12-05,Watford,Norwich,2,0,H,14,6,7,1,2015_16,EPL
2015-12-05,West Brom,Tottenham,1,1,D,11,9,4,3,2015_16,EPL
2015-12-06,Newcastle,Liverpool,2,0,H,6,10,1,1,2015_16,EPL
2015-12-07,Everton,Crystal Palace,1,1,D,19,14,4,5,2015_16,EPL
2015-12-12,Bournemouth,Man United,2,1,H,11,11,5,5,2015_16,EPL
2015-12-12,Crystal Palace,Southampton,1,0,H,12,15,5,3,2015_16,EPL
2015-12-12,Man City,Swansea,2,1,H,13,13,5,7,2015_16,EPL
2015-12-12,Norwich,Everton,1,1,D,9,15,2,3,2015_16,EPL
2015-12-12,Sunderland,Watford,0,1,A,14,13,2,6,2015_16,EPL
2015-12-12,West Ham,Stoke,0,0,D,22,12,9,3,2015_16,EPL
2015-12-13,Aston Villa,Arsenal,0,2,A,18,8,2,4,2015_16,EPL
2015-12-13,Liverpool,West Brom,2,2,D,28,4,8,2,2015_16,EPL
2015-12-13,Tottenham,Newcastle,1,2,A,20,8,8,4,2015_16,EPL
2015-12-14,Leicester,Chelsea,2,1,H,9,11,5,5,2015_16,EPL
2015-12-19,Chelsea,Sunderland,3,1,H,17,11,7,3,2015_16,EPL
2015-12-19,Everton,Leicester,2,3,A,13,10,5,5,2015_16,EPL
2015-12-19,Man United,Norwich,1,2,A,11,6,2,4,2015_16,EPL
2015-12-19,Newcastle,Aston Villa,1,1,D,8,10,4,7,2015_16,EPL
2015-12-19,Southampton,Tottenham,0,2,A,11,13,4,6,2015_16,EPL
2015-12-19,Stoke,Crystal Palace,1,2,A,26,12,5,3,2015_16,EPL
2015-12-19,West Brom,Bournemouth,1,2,A,6,16,2,7,2015_16,EPL
2015-12-20,Swansea,West Ham,0,0,D,21,11,2,2,2015_16,EPL
2015-12-20,Watford,Liverpool,3,0,H,6,12,5,4,2015_16,EPL
2015-12-21,Arsenal,Man City,2,1,H,8,20,5,6,2015_16,EPL
2015-12-26,Aston Villa,West Ham,1,1,D,15,10,8,4,2015_16,EPL
2015-12-26,Bournemouth,Crystal Palace,0,0,D,10,8,4,0,2015_16,EPL
2015-12-26,Chelsea,Watford,2,2,D,17,12,2,3,2015_16,EPL
2015-12-26,Liverpool,Leicester,1,0,H,25,7,4,3,2015_16,EPL
2015-12-26,Man City,Sunderland,4,1,H,19,11,9,3,2015_16,EPL
2015-12-26,Newcastle,Everton,0,1,A,10,20,1,7,2015_16,EPL
2015-12-26,Southampton,Arsenal,4,0,H,15,7,5,4,2015_16,EPL
2015-12-26,Stoke,Man United,2,0,H,13,11,3,6,2015_16,EPL
2015-12-26,Swansea,West Brom,1,0,H,7,9,2,3,2015_16,EPL
2015-12-26,Tottenham,Norwich,3,0,H,15,11,10,3,2015_16,EPL
2015-12-28,Arsenal,Bournemouth,2,0,H,13,10,6,3,2015_16,EPL
2015-12-28,Crystal Palace,Swansea,0,0,D,10,5,2,3,2015_16,EPL
2015-12-28,Everton,Stoke,3,4,A,15,8,3,5,2015_16,EPL
2015-12-28,Man United,Chelsea,0,0,D,12,8,2,3,2015_16,EPL
2015-12-28,Norwich,Aston Villa,2,0,H,9,6,4,3,2015_16,EPL
2015-12-28,Watford,Tottenham,1,2,A,9,10,1,3,2015_16,EPL
2015-12-28,West Brom,Newcastle,1,0,H,22,7,5,2,2015_16,EPL
2015-12-28,West Ham,Southampton,2,1,H,13,15,5,4,2015_16,EPL
2015-12-29,Leicester,Man City,0,0,D,11,21,4,5,2015_16,EPL
2015-12-30,Sunderland,Liverpool,0,1,A,8,17,3,6,2015_16,EPL
2016-01-02,Arsenal,Newcastle,1,0,H,16,15,3,6,2015_16,EPL
2016-01-02,Leicester,Bournemouth,0,0,D,16,9,2,0,2015_16,EPL
2016-01-02,Man United,Swansea,2,1,H,19,9,6,4,2015_16,EPL
2016-01-02,Norwich,Southampton,1,0,H,10,10,1,4,2015_16,EPL
2016-01-02,Sunderland,Aston Villa,3,1,H,13,8,6,3,2015_16,EPL
2016-01-02,Watford,Man City,1,2,A,11,16,3,5,2015_16,EPL
2016-01-02,West Brom,Stoke,2,1,H,16,10,5,3,2015_16,EPL
2016-01-02,West Ham,Liverpool,2,0,H,18,23,10,2,2015_16,EPL
2016-01-03,Crystal Palace,Chelsea,0,3,A,8,10,4,4,2015_16,EPL
2016-01-03,Everton,Tottenham,1,1,D,12,19,3,4,2015_16,EPL
2016-01-12,Aston Villa,Crystal Palace,1,0,H,13,9,3,1,2015_16,EPL
2016-01-12,Bournemouth,West Ham,1,3,A,11,10,4,5,2015_16,EPL
2016-01-12,Newcastle,Man United,3,3,D,14,12,6,4,2015_16,EPL
2016-01-13,Chelsea,West Brom,2,2,D,14,13,2,6,2015_16,EPL
2016-01-13,Liverpool,Arsenal,3,3,D,22,14,6,5,2015_16,EPL
2016-01-13,Man City,Everton,0,0,D,22,7,5,2,2015_16,EPL
2016-01-13,Southampton,Watford,2,0,H,15,4,7,1,2015_16,EPL
2016-01-13,Stoke,Norwich,3,1,H,14,5,4,2,2015_16,EPL
2016-01-13,Swansea,Sunderland,2,4,A,10,7,5,5,2015_16,EPL
2016-01-13,Tottenham,Leicester,0,1,A,21,10,5,2,2015_16,EPL
2016-01-16,Aston Villa,Leicester,1,1,D,14,12,5,5,2015_16,EPL
2016-01-16,Bournemouth,Norwich,3,0,H,15,10,8,3,2015_16,EPL
2016-01-16,Chelsea,Everton,3,3,D,14,9,7,4,2015_16,EPL
2016-01-16,Man City,Crystal Palace,4,0,H,17,9,4,3,2015_16,EPL
2016-01-16,Newcastle,West Ham,2,1,H,23,10,10,3,2015_16,EPL
2016-01-16,Southampton,West Brom,3,0,H,9,9,5,0,2015_16,EPL
2016-01-16,Tottenham,Sunderland,4,1,H,26,5,11,2,2015_16,EPL
2016-01-17,Liverpool,Man United,0,1,A,19,7,4,1,2015_16,EPL
2016-01-17,Stoke,Arsenal,0,0,D,14,8,6,3,2015_16,EPL
2016-01-18,Swansea,Watford,1,0,H,10,13,2,2,2015_16,EPL
2016-01-23,Crystal Palace,Tottenham,1,3,A,11,24,3,11,2015_16,EPL
2016-01-23,Leicester,Stoke,3,0,H,15,3,5,2,2015_16,EPL
2016-01-23,Man United,Southampton,0,1,A,8,7,1,2,2015_16,EPL
2016-01-23,Norwich,Liverpool,4,5,A,6,13,5,7,2015_16,EPL
2016-01-23,Sunderland,Bournemouth,1,1,D,10,15,5,5,2015_16,EPL
2016-01-23,Watford,Newcastle,2,1,H,13,11,5,2,2015_16,EPL
2016-01-23,West Brom,Aston Villa,0,0,D,4,15,0,4,2015_16,EPL
2016-01-23,West Ham,Man City,2,2,D,10,16,3,3,2015_16,EPL
2016-01-24,Arsenal,Chelsea,0,1,A,9,12,1,6,2015_16,EPL
2016-01-24,Everton,Swansea,1,2,A,20,7,2,5,2015_16,EPL
2016-02-02,Arsenal,Southampton,0,0,D,21,14,11,3,2015_16,EPL
2016-02-02,Crystal Palace,Bournemouth,1,2,A,14,8,3,4,2015_16,EPL
2016-02-02,Leicester,Liverpool,2,0,H,13,14,6,2,2015_16,EPL
2016-02-02,Man United,Stoke,3,0,H,15,10,5,0,2015_16,EPL
2016-02-02,Norwich,Tottenham,0,3,A,10,17,2,6,2015_16,EPL
2016-02-02,Sunderland,Man City,0,1,A,11,6,2,2,2015_16,EPL
2016-02-02,West Brom,Swansea,1,1,D,17,18,7,4,2015_16,EPL
2016-02-02,West Ham,Aston Villa,2,0,H,25,6,6,2,2015_16,EPL
2016-02-03,Everton,Newcastle,3,0,H,18,7,7,3,2015_16,EPL
2016-02-03,Watford,Chelsea,0,0,D,12,12,3,4,2015_16,EPL
2016-02-06,Aston Villa,Norwich,2,0,H,10,12,3,4,2015_16,EPL
2016-02-06,Liverpool,Sunderland,2,2,D,16,7,5,2,2015_16,EPL
2016-02-06,Man City,Leicester,1,3,A,22,14,4,7,2015_16,EPL
2016-02-06,Newcastle,West Brom,1,0,H,19,7,7,0,2015_16,EPL
2016-02-06,Southampton,West Ham,1,0,H,8,18,2,2,2015_16,EPL
2016-02-06,Stoke,Everton,0,3,A,11,14,3,6,2015_16,EPL
2016-02-06,Swansea,Crystal Palace,1,1,D,19,12,3,2,2015_16,EPL
2016-02-06,Tottenham,Watford,1,0,H,26,3,9,0,2015_16,EPL
2016-02-07,Bournemouth,Arsenal,0,2,A,17,10,4,5,2015_16,EPL
2016-02-07,Chelsea,Man United,1,1,D,16,17,5,7,2015_16,EPL
2016-02-13,Bournemouth,Stoke,1,3,A,11,11,2,6,2015_16,EPL
2016-02-13,Chelsea,Newcastle,5,1,H,15,10,5,4,2015_16,EPL
2016-02-13,Crystal Palace,Watford,1,2,A,14,10,7,3,2015_16,EPL
2016-02-13,Everton,West Brom,0,1,A,34,5,6,1,2015_16,EPL
2016-02-13,Norwich,West Ham,2,2,D,13,11,3,6,2015_16,EPL
2016-02-13,Sunderland,Man United,2,1,H,21,12,5,6,2015_16,EPL
2016-02-13,Swansea,Southampton,0,1,A,13,13,2,5,2015_16,EPL
2016-02-14,Arsenal,Leicester,2,1,H,24,7,6,3,2015_16,EPL
2016-02-14,Aston Villa,Liverpool,0,6,A,6,11,1,9,2015_16,EPL
2016-02-14,Man City,Tottenham,1,2,A,19,6,4,3,2015_16,EPL
2016-02-27,Leicester,Norwich,1,0,H,13,9,3,1,2015_16,EPL
2016-02-27,Southampton,Chelsea,1,2,A,7,16,2,4,2015_16,EPL
2016-02-27,Stoke,Aston Villa,2,1,H,11,5,3,1,2015_16,EPL
2016-02-27,Watford,Bournemouth,0,0,D,14,11,1,3,2015_16,EPL
2016-02-27,West Brom,Crystal Palace,3,2,H,11,15,5,2,2015_16,EPL
2016-02-27,West Ham,Sunderland,1,0,H,9,13,3,4,2015_16,EPL
2016-02-28,Tottenham,Swansea,2,1,H,34,10,14,4,2015_16,EPL
2016-02-28,Man United,Arsenal,3,2,H,7,13,5,5,2015_16,EPL
2016-03-01,Aston Villa,Everton,1,3,A,14,10,5,7,2015_16,EPL
2016-03-01,Bournemouth,Southampton,2,0,H,9,6,4,1,2015_16,EPL
2016-03-01,Leicester,West Brom,2,2,D,22,11,5,3,2015_16,EPL
2016-03-01,Norwich,Chelsea,1,2,A,13,10,2,2,2015_16,EPL
2016-03-01,Sunderland,Crystal Palace,2,2,D,17,13,6,5,2015_16,EPL
2016-03-02,Arsenal,Swansea,1,2,A,18,11,4,2,2015_16,EPL
2016-03-02,Liverpool,Man City,3,0,H,11,4,7,2,2015_16,EPL
2016-03-02,Man United,Watford,1,0,H,14,13,3,3,2015_16,EPL
2016-03-02,Stoke,Newcastle,1,0,H,9,5,2,3,2015_16,EPL
2016-03-02,West Ham,Tottenham,1,0,H,14,9,3,2,2015_16,EPL
2016-03-05,Chelsea,Stoke,1,1,D,20,16,7,5,2015_16,EPL
2016-03-05,Everton,West Ham,2,3,A,15,17,8,5,2015_16,EPL
2016-03-05,Man City,Aston Villa,4,0,H,22,2,9,1,2015_16,EPL
2016-03-05,Newcastle,Bournemouth,1,3,A,14,16,3,5,2015_16,EPL
2016-03-05,Southampton,Sunderland,1,1,D,16,11,5,3,2015_16,EPL
2016-03-05,Swansea,Norwich,1,0,H,10,8,3,3,2015_16,EPL
2016-03-05,Tottenham,Arsenal,2,2,D,26,10,11,4,2015_16,EPL
2016-03-05,Watford,Leicester,0,1,A,11,14,4,7,2015_16,EPL
2016-03-06,Crystal Palace,Liverpool,1,2,A,14,19,4,5,2015_16,EPL
2016-03-06,West Brom,Man United,1,0,H,9,7,2,1,2015_16,EPL
2016-03-12,Bournemouth,Swansea,3,2,H,12,12,4,4,2015_16,EPL
2016-03-12,Norwich,Man City,0,0,D,5,15,0,3,2015_16,EPL
2016-03-12,Stoke,Southampton,1,2,A,13,11,2,4,2015_16,EPL
2016-03-13,Aston Villa,Tottenham,0,2,A,11,19,2,8,2015_16,EPL
2016-03-14,Leicester,Newcastle,1,0,H,10,13,1,2,2015_16,EPL
2016-03-19,Chelsea,West Ham,2,2,D,22,13,5,6,2015_16,EPL
2016-03-19,Crystal Palace,Leicester,0,1,A,12,8,4,3,2015_16,EPL
2016-03-19,Everton,Arsenal,0,2,A,8,11,2,3,2015_16,EPL
2016-03-19,Swansea,Aston Villa,1,0,H,10,12,1,2,2015_16,EPL
2016-03-19,Watford,Stoke,1,2,A,9,9,4,6,2015_16,EPL
2016-03-19,West Brom,Norwich,0,1,A,10,7,0,1,2015_16,EPL
2016-03-20,Man City,Man United,0,1,A,26,5,2,3,2015_16,EPL
2016-03-20,Newcastle,Sunderland,1,1,D,17,14,8,4,2015_16,EPL
2016-03-20,Southampton,Liverpool,3,2,H,16,18,5,9,2015_16,EPL
2016-03-20,Tottenham,Bournemouth,3,0,H,17,2,8,0,2015_16,EPL
2016-04-02,Arsenal,Watford,4,0,H,19,6,12,2,2015_16,EPL
2016-04-02,Aston Villa,Chelsea,0,4,A,15,11,4,8,2015_16,EPL
2016-04-02,Bournemouth,Man City,0,4,A,11,15,2,7,2015_16,EPL
2016-04-02,Liverpool,Tottenham,1,1,D,15,18,7,5,2015_16,EPL
2016-04-02,Norwich,Newcastle,3,2,H,13,13,6,5,2015_16,EPL
2016-04-02,Stoke,Swansea,2,2,D,12,12,5,3,2015_16,EPL
2016-04-02,Sunderland,West Brom,0,0,D,22,3,7,0,2015_16,EPL
2016-04-02,West Ham,Crystal Palace,2,2,D,18,12,6,5,2015_16,EPL
2016-04-03,Leicester,Southampton,1,0,H,11,10,4,2,2015_16,EPL
2016-04-03,Man United,Everton,1,0,H,10,7,2,1,2015_16,EPL
2016-04-09,Aston Villa,Bournemouth,1,2,A,6,12,1,3,2015_16,EPL
2016-04-09,Crystal Palace,Norwich,1,0,H,13,13,6,4,2015_16,EPL
2016-04-09,Man City,West Brom,2,1,H,13,13,4,2,2015_16,EPL
2016-04-09,Southampton,Newcastle,3,1,H,20,5,6,3,2015_16,EPL
2016-04-09,Swansea,Chelsea,1,0,H,12,8,6,2,2015_16,EPL
2016-04-09,Watford,Everton,1,1,D,13,12,5,7,2015_16,EPL
2016-04-09,West Ham,Arsenal,3,3,D,19,11,7,6,2015_16,EPL
2016-04-10,Liverpool,Stoke,4,1,H,14,10,6,3,2015_16,EPL
2016-04-10,Sunderland,Leicester,0,2,A,15,17,1,7,2015_16,EPL
2016-04-10,Tottenham,Man United,3,0,H,16,5,8,1,2015_16,EPL
2016-04-13,Crystal Palace,Everton,0,0,D,18,9,6,5,2015_16,EPL
2016-04-16,Chelsea,Man City,0,3,A,11,11,4,8,2015_16,EPL
2016-04-16,Everton,Southampton,1,1,D,7,18,2,4,2015_16,EPL
2016-04-16,Man United,Aston Villa,1,0,H,13,7,4,1,2015_16,EPL
2016-04-16,Newcastle,Swansea,3,0,H,12,11,7,1,2015_16,EPL
2016-04-16,Norwich,Sunderland,0,3,A,19,8,6,3,2015_16,EPL
2016-04-16,West Brom,Watford,0,1,A,16,11,4,4,2015_16,EPL
2016-04-17,Arsenal,Crystal Palace,1,1,D,21,7,6,2,2015_16,EPL
2016-04-17,Bournemouth,Liverpool,1,2,A,18,19,5,6,2015_16,EPL
2016-04-17,Leicester,West Ham,2,2,D,6,19,2,4,2015_16,EPL
2016-04-18,Stoke,Tottenham,0,4,A,12,23,2,6,2015_16,EPL
2016-04-19,Newcastle,Man City,1,1,D,5,9,3,5,2015_16,EPL
2016-04-20,Liverpool,Everton,4,0,H,37,3,13,0,2015_16,EPL
2016-04-20,Man United,Crystal Palace,2,0,H,16,5,10,0,2015_16,EPL
2016-04-20,West Ham,Watford,3,1,H,18,7,7,4,2015_16,EPL
2016-04-21,Arsenal,West Brom,2,0,H,16,8,7,1,2015_16,EPL
2016-04-23,Aston Villa,Southampton,2,4,A,16,17,7,7,2015_16,EPL
2016-04-23,Bournemouth,Chelsea,1,4,A,13,16,4,4,2015_16,EPL
2016-04-23,Liverpool,Newcastle,2,2,D,13,6,4,3,2015_16,EPL
2016-04-23,Man City,Stoke,4,0,H,11,14,6,2,2015_16,EPL
2016-04-24,Leicester,Swansea,4,0,H,18,9,9,1,2015_16,EPL
2016-04-24,Sunderland,Arsenal,0,0,D,12,20,3,7,2015_16,EPL
2016-04-25,Tottenham,West Brom,1,1,D,19,16,2,3,2015_16,EPL
2016-04-30,Arsenal,Norwich,1,0,H,14,12,3,3,2015_16,EPL
2016-04-30,Everton,Bournemouth,2,1,H,12,16,5,2,2015_16,EPL
2016-04-30,Newcastle,Crystal Palace,1,0,H,10,9,4,3,2015_16,EPL
2016-04-30,Stoke,Sunderland,1,1,D,11,14,3,5,2015_16,EPL
2016-04-30,Watford,Aston Villa,3,2,H,18,7,6,2,2015_16,EPL
2016-04-30,West Brom,West Ham,0,3,A,15,8,5,4,2015_16,EPL
2016-05-01,Man United,Leicester,1,1,D,21,14,6,3,2015_16,EPL
2016-05-01,Southampton,Man City,4,2,H,14,6,7,5,2015_16,EPL
2016-05-01,Swansea,Liverpool,3,1,H,18,11,9,3,2015_16,EPL
2016-05-02,Chelsea,Tottenham,2,2,D,13,16,5,5,2015_16,EPL
2016-05-07,Aston Villa,Newcastle,0,0,D,2,9,0,3,2015_16,EPL
2016-05-07,Bournemouth,West Brom,1,1,D,12,12,4,4,2015_16,EPL
2016-05-07,Crystal Palace,Stoke,2,1,H,17,12,4,3,2015_16,EPL
2016-05-07,Leicester,Everton,3,1,H,32,9,8,5,2015_16,EPL
2016-05-07,Norwich,Man United,0,1,A,8,15,2,2,2015_16,EPL
2016-05-07,Sunderland,Chelsea,3,2,H,15,9,4,8,2015_16,EPL
2016-05-07,West Ham,Swansea,1,4,A,25,13,7,6,2015_16,EPL
2016-05-08,Liverpool,Watford,2,0,H,19,14,5,3,2015_16,EPL
2016-05-08,Man City,Arsenal,2,2,D,14,5,3,2,2015_16,EPL
2016-05-08,Tottenham,Southampton,1,2,A,20,10,6,2,2015_16,EPL
2016-05-10,West Ham,Man United,3,2,H,20,3,6,2,2015_16,EPL
2016-05-11,Liverpool,Chelsea,1,1,D,28,13,9,7,2015_16,EPL
2016-05-11,Norwich,Watford,4,2,H,18,12,6,7,2015_16,EPL
2016-05-11,Sunderland,Everton,3,0,H,14,17,8,6,2015_16,EPL
2016-05-15,Arsenal,Aston Villa,4,0,H,16,5,7,2,2015_16,EPL
2016-05-15,Chelsea,Leicester,1,1,D,17,18,4,5,2015_16,EPL
2016-05-15,Everton,Norwich,3,0,H,15,10,8,2,2015_16,EPL
2016-05-15,Newcastle,Tottenham,5,1,H,19,17,10,5,2015_16,EPL
2016-05-15,Southampton,Crystal Palace,4,1,H,18,16,5,4,2015_16,EPL
2016-05-15,Stoke,West Ham,2,1,H,7,20,4,7,2015_16,EPL
2016-05-15,Swansea,Man City,1,1,D,4,18,1,5,2015_16,EPL
2016-05-15,Watford,Sunderland,2,2,D,21,6,6,4,2015_16,EPL
2016-05-15,West Brom,Liverpool,1,1,D,13,7,1,3,2015_16,EPL
2016-05-17,Man United,Bournemouth,3,1,H,12,7,5,0,2015_16,EPL
2016-08-13,Burnley,Swansea,0,1,A,10,17,3,9,2016_17,EPL
2016-08-13,Crystal Palace,West Brom,0,1,A,14,13,4,3,2016_17,EPL
2016-08-13,Everton,Tottenham,1,1,D,12,13,6,4,2016_17,EPL
2016-08-13,Hull,Leicester,2,1,H,14,18,5,5,2016_17,EPL
2016-08-13,Man City,Sunderland,2,1,H,16,7,4,3,2016_17,EPL
2016-08-13,Middlesbrough,Stoke,1,1,D,12,12,2,1,2016_17,EPL
2016-08-13,Southampton,Watford,1,1,D,24,5,6,1,2016_17,EPL
2016-08-14,Arsenal,Liverpool,3,4,A,9,16,5,7,2016_17,EPL
2016-08-14,Bournemouth,Man United,1,3,A,9,11,3,7,2016_17,EPL
2016-08-15,Chelsea,West Ham,2,1,H,16,7,6,3,2016_17,EPL
2016-08-19,Man United,Southampton,2,0,H,12,13,5,1,2016_17,EPL
2016-08-20,Burnley,Liverpool,2,0,H,3,26,2,5,2016_17,EPL
2016-08-20,Leicester,Arsenal,0,0,D,8,13,1,4,2016_17,EPL
2016-08-20,Stoke,Man City,1,4,A,8,12,3,6,2016_17,EPL
2016-08-20,Swansea,Hull,0,2,A,13,12,3,4,2016_17,EPL
2016-08-20,Tottenham,Crystal Palace,1,0,H,20,10,5,2,2016_17,EPL
2016-08-20,Watford,Chelsea,1,2,A,6,13,2,4,2016_17,EPL
2016-08-20,West Brom,Everton,1,2,A,11,13,4,7,2016_17,EPL
2016-08-21,Sunderland,Middlesbrough,1,2,A,18,8,5,3,2016_17,EPL
2016-08-21,West Ham,Bournemouth,1,0,H,15,8,2,5,2016_17,EPL
2016-08-27,Chelsea,Burnley,3,0,H,22,6,10,0,2016_17,EPL
2016-08-27,Crystal Palace,Bournemouth,1,1,D,24,10,5,3,2016_17,EPL
2016-08-27,Everton,Stoke,1,0,H,21,8,9,1,2016_17,EPL
2016-08-27,Hull,Man United,0,1,A,8,29,2,9,2016_17,EPL
2016-08-27,Leicester,Swansea,2,1,H,13,9,6,3,2016_17,EPL
2016-08-27,Southampton,Sunderland,1,1,D,16,5,7,2,2016_17,EPL
2016-08-27,Tottenham,Liverpool,1,1,D,11,13,4,3,2016_17,EPL
2016-08-27,Watford,Arsenal,1,3,A,14,10,6,7,2016_17,EPL
2016-08-28,Man City,West Ham,3,1,H,22,9,5,2,2016_17,EPL
2016-08-28,West Brom,Middlesbrough,0,0,D,13,7,2,2,2016_17,EPL
2016-09-10,Arsenal,Southampton,2,1,H,17,11,2,5,2016_17,EPL
2016-09-10,Bournemouth,West Brom,1,0,H,12,12,5,2,2016_17,EPL
2016-09-10,Burnley,Hull,1,1,D,13,11,2,3,2016_17,EPL
2016-09-10,Liverpool,Leicester,4,1,H,17,12,11,3,2016_17,EPL
2016-09-10,Man United,Man City,1,2,A,14,18,3,6,2016_17,EPL
2016-09-10,Middlesbrough,Crystal Palace,1,2,A,12,12,4,4,2016_17,EPL
2016-09-10,Stoke,Tottenham,0,4,A,15,20,2,8,2016_17,EPL
2016-09-10,West Ham,Watford,2,4,A,19,13,4,8,2016_17,EPL
2016-09-11,Swansea,Chelsea,2,2,D,6,28,2,7,2016_17,EPL
2016-09-12,Sunderland,Everton,0,3,A,11,20,2,9,2016_17,EPL
2016-09-16,Chelsea,Liverpool,1,2,A,12,13,4,5,2016_17,EPL
2016-09-17,Everton,Middlesbrough,3,1,H,11,7,6,0,2016_17,EPL
2016-09-17,Hull,Arsenal,1,4,A,6,24,2,9,2016_17,EPL
2016-09-17,Leicester,Burnley,3,0,H,14,7,6,2,2016_17,EPL
2016-09-17,Man City,Bournemouth,4,0,H,20,6,12,2,2016_17,EPL
2016-09-17,West Brom,West Ham,4,2,H,8,23,6,5,2016_17,EPL
2016-09-18,Crystal Palace,Stoke,4,1,H,14,11,8,4,2016_17,EPL
2016-09-18,Southampton,Swansea,1,0,H,19,9,6,3,2016_17,EPL
2016-09-18,Tottenham,Sunderland,1,0,H,31,6,9,2,2016_17,EPL
2016-09-18,Watford,Man United,3,1,H,10,15,5,2,2016_17,EPL
2016-09-24,Arsenal,Chelsea,3,0,H,14,9,5,2,2016_17,EPL
2016-09-24,Bournemouth,Everton,1,0,H,12,13,1,2,2016_17,EPL
2016-09-24,Liverpool,Hull,5,1,H,32,2,12,1,2016_17,EPL
2016-09-24,Man United,Leicester,4,1,H,16,10,7,3,2016_17,EPL
2016-09-24,Middlesbrough,Tottenham,1,2,A,6,19,2,5,2016_17,EPL
2016-09-24,Stoke,West Brom,1,1,D,12,9,2,3,2016_17,EPL
2016-09-24,Sunderland,Crystal Palace,2,3,A,11,20,4,4,2016_17,EPL
2016-09-24,Swansea,Man City,1,3,A,13,18,5,4,2016_17,EPL
2016-09-25,West Ham,Southampton,0,3,A,13,18,1,9,2016_17,EPL
2016-09-26,Burnley,Watford,2,0,H,13,12,4,3,2016_17,EPL
2016-09-30,Everton,Crystal Palace,1,1,D,13,10,3,2,2016_17,EPL
2016-10-01,Hull,Chelsea,0,2,A,8,22,3,9,2016_17,EPL
2016-10-01,Sunderland,West Brom,1,1,D,7,17,2,7,2016_17,EPL
2016-10-01,Swansea,Liverpool,1,2,A,8,18,3,6,2016_17,EPL
2016-10-01,Watford,Bournemouth,2,2,D,17,11,7,2,2016_17,EPL
2016-10-01,West Ham,Middlesbrough,1,1,D,19,9,2,3,2016_17,EPL
2016-10-02,Burnley,Arsenal,0,1,A,10,18,1,3,2016_17,EPL
2016-10-02,Leicester,Southampton,0,0,D,9,11,1,5,2016_17,EPL
2016-10-02,Man United,Stoke,1,1,D,24,7,9,6,2016_17,EPL
2016-10-02,Tottenham,Man City,2,0,H,13,12,7,6,2016_17,EPL
2016-10-15,Arsenal,Swansea,3,2,H,16,13,6,6,2016_17,EPL
2016-10-15,Bournemouth,Hull,6,1,H,22,11,10,4,2016_17,EPL
2016-10-15,Chelsea,Leicester,3,0,H,16,5,6,0,2016_17,EPL
2016-10-15,Crystal Palace,West Ham,0,1,A,12,12,3,4,2016_17,EPL
2016-10-15,Man City,Everton,1,1,D,19,3,8,2,2016_17,EPL
2016-10-15,Stoke,Sunderland,2,0,H,18,11,6,1,2016_17,EPL
2016-10-15,West Brom,Tottenham,1,1,D,8,20,4,8,2016_17,EPL
2016-10-16,Middlesbrough,Watford,0,1,A,10,4,3,2,2016_17,EPL
2016-10-16,Southampton,Burnley,3,1,H,34,6,14,1,2016_17,EPL
2016-10-17,Liverpool,Man United,0,0,D,9,7,3,1,2016_17,EPL
2016-10-22,Arsenal,Middlesbrough,0,0,D,9,11,5,4,2016_17,EPL
2016-10-22,Bournemouth,Tottenham,0,0,D,8,16,1,4,2016_17,EPL
2016-10-22,Burnley,Everton,2,1,H,9,20,3,8,2016_17,EPL
2016-10-22,Hull,Stoke,0,2,A,9,12,2,6,2016_17,EPL
2016-10-22,Leicester,Crystal Palace,3,1,H,17,23,4,7,2016_17,EPL
2016-10-22,Liverpool,West Brom,2,1,H,21,6,7,1,2016_17,EPL
2016-10-22,Swansea,Watford,0,0,D,11,10,5,2,2016_17,EPL
2016-10-22,West Ham,Sunderland,1,0,H,20,10,3,2,2016_17,EPL
2016-10-23,Chelsea,Man United,4,0,H,14,16,6,5,2016_17,EPL
2016-10-23,Man City,Southampton,1,1,D,14,6,3,2,2016_17,EPL
2016-10-29,Crystal Palace,Liverpool,2,4,A,7,17,6,10,2016_17,EPL
2016-10-29,Man United,Burnley,0,0,D,37,7,11,1,2016_17,EPL
2016-10-29,Middlesbrough,Bournemouth,2,0,H,10,15,3,3,2016_17,EPL
2016-10-29,Sunderland,Arsenal,1,4,A,3,21,1,7,2016_17,EPL
2016-10-29,Tottenham,Leicester,1,1,D,22,6,5,1,2016_17,EPL
2016-10-29,Watford,Hull,1,0,H,22,8,0,2,2016_17,EPL
2016-10-29,West Brom,Man City,0,4,A,9,21,1,8,2016_17,EPL
2016-10-30,Everton,West Ham,2,0,H,17,13,6,3,2016_17,EPL
2016-10-30,Southampton,Chelsea,0,2,A,9,13,1,7,2016_17,EPL
2016-10-31,Stoke,Swansea,3,1,H,17,14,4,6,2016_17,EPL
2016-11-05,Bournemouth,Sunderland,1,2,A,22,9,7,4,2016_17,EPL
2016-11-05,Burnley,Crystal Palace,3,2,H,14,16,7,5,2016_17,EPL
2016-11-05,Chelsea,Everton,5,0,H,21,1,9,0,2016_17,EPL
2016-11-05,Man City,Middlesbrough,1,1,D,25,5,7,3,2016_17,EPL
2016-11-05,West Ham,Stoke,1,1,D,9,12,2,4,2016_17,EPL
2016-11-06,Arsenal,Tottenham,1,1,D,15,10,2,3,2016_17,EPL
2016-11-06,Hull,Southampton,2,1,H,6,19,2,7,2016_17,EPL
2016-11-06,Leicester,West Brom,1,2,A,5,11,2,5,2016_17,EPL
2016-11-06,Liverpool,Watford,6,1,H,28,11,17,8,2016_17,EPL
2016-11-06,Swansea,Man United,1,3,A,6,9,1,3,2016_17,EPL
2016-11-19,Crystal Palace,Man City,1,2,A,9,10,2,4,2016_17,EPL
2016-11-19,Everton,Swansea,1,1,D,14,5,6,3,2016_17,EPL
2016-11-19,Man United,Arsenal,1,1,D,12,5,5,1,2016_17,EPL
2016-11-19,Southampton,Liverpool,0,0,D,3,15,0,2,2016_17,EPL
2016-11-19,Stoke,Bournemouth,0,1,A,14,9,6,2,2016_17,EPL
2016-11-19,Sunderland,Hull,3,0,H,11,17,4,7,2016_17,EPL
2016-11-19,Tottenham,West Ham,3,2,H,14,11,6,3,2016_17,EPL
2016-11-19,Watford,Leicester,2,1,H,10,10,3,2,2016_17,EPL
2016-11-20,Middlesbrough,Chelsea,0,1,A,12,13,1,3,2016_17,EPL
2016-11-21,West Brom,Burnley,4,0,H,16,5,6,2,2016_17,EPL
2016-11-26,Burnley,Man City,1,2,A,10,21,5,5,2016_17,EPL
2016-11-26,Chelsea,Tottenham,2,1,H,9,12,5,6,2016_17,EPL
2016-11-26,Hull,West Brom,1,1,D,10,11,4,2,2016_17,EPL
2016-11-26,Leicester,Middlesbrough,2,2,D,11,6,3,2,2016_17,EPL
2016-11-26,Liverpool,Sunderland,2,0,H,27,6,7,1,2016_17,EPL
2016-11-26,Swansea,Crystal Palace,5,4,H,18,12,9,4,2016_17,EPL
2016-11-27,Arsenal,Bournemouth,3,1,H,16,9,3,3,2016_17,EPL
2016-11-27,Man United,West Ham,1,1,D,17,6,8,2,2016_17,EPL
2016-11-27,Southampton,Everton,1,0,H,17,13,7,1,2016_17,EPL
2016-11-27,Watford,Stoke,0,1,A,11,14,2,1,2016_17,EPL
2016-12-03,Crystal Palace,Southampton,3,0,H,9,17,4,3,2016_17,EPL
2016-12-03,Man City,Chelsea,1,3,A,14,10,5,4,2016_17,EPL
2016-12-03,Stoke,Burnley,2,0,H,10,14,4,4,2016_17,EPL
2016-12-03,Sunderland,Leicester,2,1,H,22,17,6,5,2016_17,EPL
2016-12-03,Tottenham,Swansea,5,0,H,28,1,15,0,2016_17,EPL
2016-12-03,West Brom,Watford,3,1,H,11,17,3,5,2016_17,EPL
2016-12-03,West Ham,Arsenal,1,5,A,10,19,3,10,2016_17,EPL
2016-12-04,Bournemouth,Liverpool,4,3,H,12,10,8,3,2016_17,EPL
2016-12-04,Everton,Man United,1,1,D,13,10,6,2,2016_17,EPL
2016-12-05,Middlesbrough,Hull,1,0,H,16,6,4,2,2016_17,EPL
2016-12-10,Arsenal,Stoke,3,1,H,21,12,6,5,2016_17,EPL
2016-12-10,Burnley,Bournemouth,3,2,H,16,17,7,4,2016_17,EPL
2016-12-10,Hull,Crystal Palace,3,3,D,15,14,6,6,2016_17,EPL
2016-12-10,Leicester,Man City,4,2,H,10,19,6,4,2016_17,EPL
2016-12-10,Swansea,Sunderland,3,0,H,14,11,5,2,2016_17,EPL
2016-12-10,Watford,Everton,3,2,H,11,11,6,4,2016_17,EPL
2016-12-11,Chelsea,West Brom,1,0,H,12,6,2,1,2016_17,EPL
2016-12-11,Liverpool,West Ham,2,2,D,18,7,3,3,2016_17,EPL
2016-12-11,Man United,Tottenham,1,0,H,15,12,5,4,2016_17,EPL
2016-12-11,Southampton,Middlesbrough,1,0,H,14,6,3,2,2016_17,EPL
2016-12-13,Bournemouth,Leicester,1,0,H,9,12,3,4,2016_17,EPL
2016-12-13,Everton,Arsenal,2,1,H,14,9,4,3,2016_17,EPL
2016-12-14,Crystal Palace,Man United,1,2,A,6,16,3,6,2016_17,EPL
2016-12-14,Man City,Watford,2,0,H,13,5,7,2,2016_17,EPL
2016-12-14,Middlesbrough,Liverpool,0,3,A,8,15,3,4,2016_17,EPL
2016-12-14,Stoke,Southampton,0,0,D,5,15,3,4,2016_17,EPL
2016-12-14,Sunderland,Chelsea,0,1,A,8,19,3,6,2016_17,EPL
2016-12-14,Tottenham,Hull,3,0,H,27,10,9,5,2016_17,EPL
2016-12-14,West Brom,Swansea,3,1,H,13,8,4,4,2016_17,EPL
2016-12-14,West Ham,Burnley,1,0,H,20,8,7,2,2016_17,EPL
2016-12-17,Crystal Palace,Chelsea,0,1,A,6,13,2,6,2016_17,EPL
2016-12-17,Middlesbrough,Swansea,3,0,H,10,14,4,2,2016_17,EPL
2016-12-17,Stoke,Leicester,2,2,D,16,14,7,8,2016_17,EPL
2016-12-17,Sunderland,Watford,1,0,H,12,9,4,4,2016_17,EPL
2016-12-17,West Brom,Man United,0,2,A,10,10,1,5,2016_17,EPL
2016-12-17,West Ham,Hull,1,0,H,18,16,6,5,2016_17,EPL
2016-12-18,Bournemouth,Southampton,1,3,A,10,14,5,8,2016_17,EPL
2016-12-18,Man City,Arsenal,2,1,H,14,6,5,1,2016_17,EPL
2016-12-18,Tottenham,Burnley,2,1,H,30,5,9,2,2016_17,EPL
2016-12-19,Everton,Liverpool,0,1,A,6,11,1,4,2016_17,EPL
2016-12-26,Arsenal,West Brom,1,0,H,26,3,11,1,2016_17,EPL
2016-12-26,Burnley,Middlesbrough,1,0,H,6,8,4,2,2016_17,EPL
2016-12-26,Chelsea,Bournemouth,3,0,H,14,7,4,3,2016_17,EPL
2016-12-26,Hull,Man City,0,3,A,10,16,3,6,2016_17,EPL
2016-12-26,Leicester,Everton,0,2,A,7,8,2,3,2016_17,EPL
2016-12-26,Man United,Sunderland,3,1,H,26,7,9,4,2016_17,EPL
2016-12-26,Swansea,West Ham,1,4,A,14,14,7,7,2016_17,EPL
2016-12-26,Watford,Crystal Palace,1,1,D,9,10,3,4,2016_17,EPL
2016-12-27,Liverpool,Stoke,4,1,H,20,6,6,2,2016_17,EPL
2016-12-28,Southampton,Tottenham,1,4,A,9,17,2,5,2016_17,EPL
2016-12-30,Hull,Everton,2,2,D,13,20,4,7,2016_17,EPL
2016-12-31,Burnley,Sunderland,4,1,H,16,11,6,3,2016_17,EPL
2016-12-31,Chelsea,Stoke,4,2,H,18,5,7,2,2016_17,EPL
2016-12-31,Leicester,West Ham,1,0,H,12,25,4,5,2016_17,EPL
2016-12-31,Liverpool,Man City,1,0,H,5,9,1,2,2016_17,EPL
2016-12-31,Man United,Middlesbrough,2,1,H,32,9,12,2,2016_17,EPL
2016-12-31,Southampton,West Brom,1,2,A,10,7,1,3,2016_17,EPL
2016-12-31,Swansea,Bournemouth,0,3,A,14,11,5,6,2016_17,EPL
2017-01-01,Arsenal,Crystal Palace,2,0,H,22,7,7,4,2016_17,EPL
2017-01-01,Watford,Tottenham,1,4,A,6,19,2,6,2016_17,EPL
2017-01-02,Everton,Southampton,3,0,H,17,12,6,3,2016_17,EPL
2017-01-02,Man City,Burnley,2,1,H,14,11,3,3,2016_17,EPL
2017-01-02,Middlesbrough,Leicester,0,0,D,9,10,1,4,2016_17,EPL
2017-01-02,Sunderland,Liverpool,2,2,D,10,21,5,15,2016_17,EPL
2017-01-02,West Brom,Hull,3,1,H,8,17,5,6,2016_17,EPL
2017-01-02,West Ham,Man United,0,2,A,8,13,2,6,2016_17,EPL
2017-01-03,Bournemouth,Arsenal,3,3,D,12,14,6,4,2016_17,EPL
2017-01-03,Crystal Palace,Swansea,1,2,A,7,11,3,4,2016_17,EPL
2017-01-03,Stoke,Watford,2,0,H,17,9,5,2,2016_17,EPL
2017-01-04,Tottenham,Chelsea,2,0,H,9,11,2,2,2016_17,EPL
2017-01-14,Burnley,Southampton,1,0,H,9,20,3,5,2016_17,EPL
2017-01-14,Hull,Bournemouth,3,1,H,14,8,3,6,2016_17,EPL
2017-01-14,Leicester,Chelsea,0,3,A,7,8,2,3,2016_17,EPL
2017-01-14,Sunderland,Stoke,1,3,A,14,14,3,6,2016_17,EPL
2017-01-14,Swansea,Arsenal,0,4,A,12,14,3,6,2016_17,EPL
2017-01-14,Tottenham,West Brom,4,0,H,21,3,11,0,2016_17,EPL
2017-01-14,Watford,Middlesbrough,0,0,D,12,5,5,1,2016_17,EPL
2017-01-14,West Ham,Crystal Palace,3,0,H,14,10,3,1,2016_17,EPL
2017-01-15,Everton,Man City,4,0,H,6,13,4,5,2016_17,EPL
2017-01-15,Man United,Liverpool,1,1,D,9,13,3,4,2016_17,EPL
2017-01-21,Bournemouth,Watford,2,2,D,15,10,5,3,2016_17,EPL
2017-01-21,Crystal Palace,Everton,0,1,A,8,16,2,8,2016_17,EPL
2017-01-21,Liverpool,Swansea,2,3,A,16,6,5,3,2016_17,EPL
2017-01-21,Man City,Tottenham,2,2,D,17,6,7,2,2016_17,EPL
2017-01-21,Middlesbrough,West Ham,1,3,A,11,13,2,5,2016_17,EPL
2017-01-21,Stoke,Man United,1,1,D,6,25,1,8,2016_17,EPL
2017-01-21,West Brom,Sunderland,2,0,H,14,9,5,3,2016_17,EPL
2017-01-22,Arsenal,Burnley,2,1,H,24,13,8,7,2016_17,EPL
2017-01-22,Chelsea,Hull,2,0,H,9,9,5,4,2016_17,EPL
2017-01-22,Southampton,Leicester,3,0,H,20,11,7,2,2016_17,EPL
2017-01-31,Arsenal,Watford,1,2,A,20,10,5,6,2016_17,EPL
2017-01-31,Bournemouth,Crystal Palace,0,2,A,10,11,2,4,2016_17,EPL
2017-01-31,Burnley,Leicester,1,0,H,24,13,3,5,2016_17,EPL
2017-01-31,Liverpool,Chelsea,1,1,D,7,8,3,2,2016_17,EPL
2017-01-31,Middlesbrough,West Brom,1,1,D,11,16,3,5,2016_17,EPL
2017-01-31,Sunderland,Tottenham,0,0,D,3,14,1,3,2016_17,EPL
2017-01-31,Swansea,Southampton,2,1,H,11,10,5,2,2016_17,EPL
2017-02-01,Man United,Hull,0,0,D,15,6,6,2,2016_17,EPL
2017-02-01,Stoke,Everton,1,1,D,14,14,7,5,2016_17,EPL
2017-02-01,West Ham,Man City,0,4,A,6,11,1,4,2016_17,EPL
2017-02-04,Chelsea,Arsenal,3,1,H,13,9,6,5,2016_17,EPL
2017-02-04,Crystal Palace,Sunderland,0,4,A,21,10,9,7,2016_17,EPL
2017-02-04,Everton,Bournemouth,6,3,H,15,18,10,8,2016_17,EPL
2017-02-04,Hull,Liverpool,2,0,H,7,22,4,5,2016_17,EPL
2017-02-04,Southampton,West Ham,1,3,A,21,6,7,4,2016_17,EPL
2017-02-04,Tottenham,Middlesbrough,1,0,H,17,8,5,0,2016_17,EPL
2017-02-04,Watford,Burnley,2,1,H,16,11,7,7,2016_17,EPL
2017-02-04,West Brom,Stoke,1,0,H,16,12,4,2,2016_17,EPL
2017-02-05,Leicester,Man United,0,3,A,11,15,1,9,2016_17,EPL
2017-02-05,Man City,Swansea,2,1,H,17,4,5,2,2016_17,EPL
2017-02-11,Arsenal,Hull,2,0,H,17,9,7,4,2016_17,EPL
2017-02-11,Liverpool,Tottenham,2,0,H,17,7,9,2,2016_17,EPL
2017-02-11,Man United,Watford,2,0,H,22,9,11,3,2016_17,EPL
2017-02-11,Middlesbrough,Everton,0,0,D,9,7,3,3,2016_17,EPL
2017-02-11,Stoke,Crystal Palace,1,0,H,7,6,4,1,2016_17,EPL
2017-02-11,Sunderland,Southampton,0,4,A,6,15,1,8,2016_17,EPL
2017-02-11,West Ham,West Brom,2,2,D,16,8,4,3,2016_17,EPL
2017-02-12,Burnley,Chelsea,1,1,D,6,13,4,2,2016_17,EPL
2017-02-12,Swansea,Leicester,2,0,H,10,9,4,1,2016_17,EPL
2017-02-13,Bournemouth,Man City,0,2,A,5,17,1,5,2016_17,EPL
2017-02-25,Chelsea,Swansea,3,1,H,16,3,5,2,2016_17,EPL
2017-02-25,Crystal Palace,Middlesbrough,1,0,H,15,11,3,4,2016_17,EPL
2017-02-25,Everton,Sunderland,2,0,H,20,10,8,1,2016_17,EPL
2017-02-25,Hull,Burnley,1,1,D,15,10,1,3,2016_17,EPL
2017-02-25,Watford,West Ham,1,1,D,9,13,1,2,2016_17,EPL
2017-02-25,West Brom,Bournemouth,2,1,H,13,12,4,4,2016_17,EPL
2017-02-26,Tottenham,Stoke,4,0,H,21,5,9,3,2016_17,EPL
2017-02-27,Leicester,Liverpool,3,1,H,13,17,7,7,2016_17,EPL
2017-03-04,Leicester,Hull,3,1,H,17,10,5,4,2016_17,EPL
2017-03-04,Liverpool,Arsenal,3,1,H,18,7,7,3,2016_17,EPL
2017-03-04,Man United,Bournemouth,1,1,D,20,3,7,1,2016_17,EPL
2017-03-04,Stoke,Middlesbrough,2,0,H,13,8,8,2,2016_17,EPL
2017-03-04,Swansea,Burnley,3,2,H,23,6,10,4,2016_17,EPL
2017-03-04,Watford,Southampton,3,4,A,16,20,4,11,2016_17,EPL
2017-03-04,West Brom,Crystal Palace,0,2,A,11,10,1,4,2016_17,EPL
2017-03-05,Sunderland,Man City,0,2,A,11,14,3,7,2016_17,EPL
2017-03-05,Tottenham,Everton,3,2,H,20,8,7,4,2016_17,EPL
2017-03-06,West Ham,Chelsea,1,2,A,11,9,2,4,2016_17,EPL
2017-03-08,Man City,Stoke,0,0,D,12,5,1,2,2016_17,EPL
2017-03-11,Bournemouth,West Ham,3,2,H,21,15,9,7,2016_17,EPL
2017-03-11,Everton,West Brom,3,0,H,16,5,5,2,2016_17,EPL
2017-03-11,Hull,Swansea,2,1,H,15,11,7,3,2016_17,EPL
2017-03-12,Liverpool,Burnley,2,1,H,10,11,3,1,2016_17,EPL
2017-03-18,Bournemouth,Swansea,2,0,H,12,10,6,1,2016_17,EPL
2017-03-18,Crystal Palace,Watford,1,0,H,7,6,0,2,2016_17,EPL
2017-03-18,Everton,Hull,4,0,H,14,6,8,0,2016_17,EPL
2017-03-18,Stoke,Chelsea,1,2,A,5,20,1,7,2016_17,EPL
2017-03-18,Sunderland,Burnley,0,0,D,14,17,5,3,2016_17,EPL
2017-03-18,West Brom,Arsenal,3,1,H,12,11,8,2,2016_17,EPL
2017-03-18,West Ham,Leicester,2,3,A,20,11,7,5,2016_17,EPL
2017-03-19,Man City,Liverpool,1,1,D,13,13,3,4,2016_17,EPL
2017-03-19,Middlesbrough,Man United,1,3,A,10,14,3,6,2016_17,EPL
2017-03-19,Tottenham,Southampton,2,1,H,12,8,6,3,2016_17,EPL
2017-04-01,Burnley,Tottenham,0,2,A,13,19,2,7,2016_17,EPL
2017-04-01,Chelsea,Crystal Palace,1,2,A,24,8,11,3,2016_17,EPL
2017-04-01,Hull,West Ham,2,1,H,7,12,3,4,2016_17,EPL
2017-04-01,Leicester,Stoke,2,0,H,23,10,10,2,2016_17,EPL
2017-04-01,Liverpool,Everton,3,1,H,10,9,6,4,2016_17,EPL
2017-04-01,Man United,West Brom,0,0,D,18,3,3,1,2016_17,EPL
2017-04-01,Southampton,Bournemouth,0,0,D,14,12,4,3,2016_17,EPL
2017-04-01,Watford,Sunderland,1,0,H,23,11,10,3,2016_17,EPL
2017-04-02,Arsenal,Man City,2,2,D,8,14,3,5,2016_17,EPL
2017-04-02,Swansea,Middlesbrough,0,0,D,15,8,3,1,2016_17,EPL
2017-04-04,Burnley,Stoke,1,0,H,7,15,3,2,2016_17,EPL
2017-04-04,Leicester,Sunderland,2,0,H,19,15,8,3,2016_17,EPL
2017-04-04,Man United,Everton,1,1,D,18,11,3,4,2016_17,EPL
2017-04-04,Watford,West Brom,2,0,H,9,18,2,2,2016_17,EPL
2017-04-05,Arsenal,West Ham,3,0,H,21,7,8,2,2016_17,EPL
2017-04-05,Chelsea,Man City,2,1,H,10,17,4,7,2016_17,EPL
2017-04-05,Hull,Middlesbrough,4,2,H,17,12,5,4,2016_17,EPL
2017-04-05,Liverpool,Bournemouth,2,2,D,20,7,8,2,2016_17,EPL
2017-04-05,Southampton,Crystal Palace,3,1,H,25,17,9,3,2016_17,EPL
2017-04-05,Swansea,Tottenham,1,3,A,4,18,1,8,2016_17,EPL
2017-04-08,Bournemouth,Chelsea,1,3,A,12,15,1,5,2016_17,EPL
2017-04-08,Man City,Hull,3,1,H,23,6,7,1,2016_17,EPL
2017-04-08,Middlesbrough,Burnley,0,0,D,12,7,5,2,2016_17,EPL
2017-04-08,Stoke,Liverpool,1,2,A,9,14,4,4,2016_17,EPL
2017-04-08,Tottenham,Watford,4,0,H,19,8,6,2,2016_17,EPL
2017-04-08,West Brom,Southampton,0,1,A,17,10,6,3,2016_17,EPL
2017-04-08,West Ham,Swansea,1,0,H,14,4,6,1,2016_17,EPL
2017-04-09,Everton,Leicester,4,2,H,12,6,7,4,2016_17,EPL
2017-04-09,Sunderland,Man United,0,3,A,9,18,4,9,2016_17,EPL
2017-04-10,Crystal Palace,Arsenal,3,0,H,17,11,6,3,2016_17,EPL
2017-04-15,Crystal Palace,Leicester,2,2,D,15,6,4,2,2016_17,EPL
2017-04-15,Everton,Burnley,3,1,H,29,13,7,6,2016_17,EPL
2017-04-15,Southampton,Man City,0,3,A,8,18,1,5,2016_17,EPL
2017-04-15,Stoke,Hull,3,1,H,14,14,4,3,2016_17,EPL
2017-04-15,Sunderland,West Ham,2,2,D,14,7,4,3,2016_17,EPL
2017-04-15,Tottenham,Bournemouth,4,0,H,24,5,14,1,2016_17,EPL
2017-04-15,Watford,Swansea,1,0,H,15,13,7,4,2016_17,EPL
2017-04-16,Man United,Chelsea,2,0,H,9,5,3,0,2016_17,EPL
2017-04-16,West Brom,Liverpool,0,1,A,7,15,2,2,2016_17,EPL
2017-04-17,Middlesbrough,Arsenal,1,2,A,13,12,5,4,2016_17,EPL
2017-04-22,Bournemouth,Middlesbrough,4,0,H,20,5,10,2,2016_17,EPL
2017-04-22,Hull,Watford,2,0,H,8,13,3,2,2016_17,EPL
2017-04-22,Swansea,Stoke,2,0,H,10,9,6,3,2016_17,EPL
2017-04-22,West Ham,Everton,0,0,D,15,4,3,0,2016_17,EPL
2017-04-23,Burnley,Man United,0,2,A,8,12,0,6,2016_17,EPL
2017-04-23,Liverpool,Crystal Palace,1,2,A,14,7,1,3,2016_17,EPL
2017-04-25,Chelsea,Southampton,4,2,H,17,12,7,4,2016_17,EPL
2017-04-26,Arsenal,Leicester,1,0,H,12,7,5,3,2016_17,EPL
2017-04-26,Crystal Palace,Tottenham,0,1,A,6,18,1,4,2016_17,EPL
2017-04-26,Middlesbrough,Sunderland,1,0,H,6,10,2,4,2016_17,EPL
2017-04-27,Man City,Man United,0,0,D,19,3,6,1,2016_17,EPL
2017-04-29,Crystal Palace,Burnley,0,2,A,15,9,5,3,2016_17,EPL
2017-04-29,Southampton,Hull,0,0,D,11,9,2,1,2016_17,EPL
2017-04-29,Stoke,West Ham,0,0,D,19,12,4,4,2016_17,EPL
2017-04-29,Sunderland,Bournemouth,0,1,A,17,15,5,7,2016_17,EPL
2017-04-29,West Brom,Leicester,0,1,A,16,6,4,1,2016_17,EPL
2017-04-30,Everton,Chelsea,0,3,A,12,11,4,5,2016_17,EPL
2017-04-30,Man United,Swansea,1,1,D,12,12,6,4,2016_17,EPL
2017-04-30,Middlesbrough,Man City,2,2,D,14,22,6,4,2016_17,EPL
2017-04-30,Tottenham,Arsenal,2,0,H,20,12,11,4,2016_17,EPL
2017-05-01,Watford,Liverpool,0,1,A,9,12,2,8,2016_17,EPL
2017-05-05,West Ham,Tottenham,1,0,H,13,11,5,5,2016_17,EPL
2017-05-06,Bournemouth,Stoke,2,2,D,12,14,2,3,2016_17,EPL
2017-05-06,Burnley,West Brom,2,2,D,14,11,4,3,2016_17,EPL
2017-05-06,Hull,Sunderland,0,2,A,16,12,6,5,2016_17,EPL
2017-05-06,Leicester,Watford,3,0,H,11,14,5,7,2016_17,EPL
2017-05-06,Man City,Crystal Palace,5,0,H,26,5,12,2,2016_17,EPL
2017-05-06,Swansea,Everton,1,0,H,9,8,4,2,2016_17,EPL
2017-05-07,Arsenal,Man United,2,0,H,9,10,4,4,2016_17,EPL
2017-05-07,Liverpool,Southampton,0,0,D,17,4,8,0,2016_17,EPL
2017-05-08,Chelsea,Middlesbrough,3,0,H,21,2,7,1,2016_17,EPL
2017-05-10,Southampton,Arsenal,0,2,A,14,11,3,4,2016_17,EPL
2017-05-12,Everton,Watford,1,0,H,15,14,6,2,2016_17,EPL
2017-05-12,West Brom,Chelsea,0,1,A,7,24,2,5,2016_17,EPL
2017-05-13,Bournemouth,Burnley,2,1,H,18,14,6,3,2016_17,EPL
2017-05-13,Man City,Leicester,2,1,H,17,9,5,4,2016_17,EPL
2017-05-13,Middlesbrough,Southampton,1,2,A,14,14,3,4,2016_17,EPL
2017-05-13,Stoke,Arsenal,1,4,A,10,10,4,6,2016_17,EPL
2017-05-13,Sunderland,Swansea,0,2,A,13,3,4,3,2016_17,EPL
2017-05-14,Crystal Palace,Hull,4,0,H,12,9,4,0,2016_17,EPL
2017-05-14,Tottenham,Man United,2,1,H,14,8,7,2,2016_17,EPL
2017-05-14,West Ham,Liverpool,0,4,A,10,26,3,11,2016_17,EPL
2017-05-15,Chelsea,Watford,4,3,H,24,9,9,3,2016_17,EPL
2017-05-16,Arsenal,Sunderland,2,0,H,36,6,13,2,2016_17,EPL
2017-05-16,Man City,West Brom,3,1,H,21,5,10,2,2016_17,EPL
2017-05-17,Southampton,Man United,0,0,D,17,11,6,1,2016_17,EPL
2017-05-18,Leicester,Tottenham,1,6,A,12,26,5,12,2016_17,EPL
2017-05-21,Arsenal,Everton,3,1,H,17,22,9,7,2016_17,EPL
2017-05-21,Burnley,West Ham,1,2,A,9,14,1,4,2016_17,EPL
2017-05-21,Chelsea,Sunderland,5,1,H,28,7,8,3,2016_17,EPL
2017-05-21,Hull,Tottenham,1,7,A,10,19,4,14,2016_17,EPL
2017-05-21,Leicester,Bournemouth,1,1,D,21,10,5,4,2016_17,EPL
2017-05-21,Liverpool,Middlesbrough,3,0,H,25,9,10,3,2016_17,EPL
2017-05-21,Man United,Crystal Palace,2,0,H,9,6,2,1,2016_17,EPL
2017-05-21,Southampton,Stoke,0,1,A,14,14,6,3,2016_17,EPL
2017-05-21,Swansea,West Brom,2,1,H,12,16,2,5,2016_17,EPL
2017-05-21,Watford,Man City,0,5,A,6,15,3,9,2016_17,EPL
2017-08-11,Arsenal,Leicester,4,3,H,27,6,10,3,2017_18,EPL
2017-08-12,Brighton,Man City,0,2,A,6,14,2,4,2017_18,EPL
2017-08-12,Chelsea,Burnley,2,3,A,19,10,6,5,2017_18,EPL
2017-08-12,Crystal Palace,Huddersfield,0,3,A,14,8,4,6,2017_18,EPL
2017-08-12,Everton,Stoke,1,0,H,9,9,4,1,2017_18,EPL
2017-08-12,Southampton,Swansea,0,0,D,29,4,2,0,2017_18,EPL
2017-08-12,Watford,Liverpool,3,3,D,9,14,4,5,2017_18,EPL
2017-08-12,West Brom,Bournemouth,1,0,H,16,9,6,2,2017_18,EPL
2017-08-13,Man United,West Ham,4,0,H,22,9,6,1,2017_18,EPL
2017-08-13,Newcastle,Tottenham,0,2,A,6,18,3,6,2017_18,EPL
2017-08-19,Bournemouth,Watford,0,2,A,6,19,2,7,2017_18,EPL
2017-08-19,Burnley,West Brom,0,1,A,20,8,0,1,2017_18,EPL
2017-08-19,Leicester,Brighton,2,0,H,14,5,4,2,2017_18,EPL
2017-08-19,Liverpool,Crystal Palace,1,0,H,23,4,13,1,2017_18,EPL
2017-08-19,Southampton,West Ham,3,2,H,14,16,5,8,2017_18,EPL
2017-08-19,Stoke,Arsenal,1,0,H,11,18,4,6,2017_18,EPL
2017-08-19,Swansea,Man United,0,4,A,6,17,1,8,2017_18,EPL
2017-08-20,Huddersfield,Newcastle,1,0,H,7,13,3,5,2017_18,EPL
2017-08-20,Tottenham,Chelsea,1,2,A,18,9,6,2,2017_18,EPL
2017-08-21,Man City,Everton,1,1,D,19,7,6,2,2017_18,EPL
2017-08-26,Bournemouth,Man City,1,2,A,9,19,3,8,2017_18,EPL
2017-08-26,Crystal Palace,Swansea,0,2,A,16,7,3,3,2017_18,EPL
2017-08-26,Huddersfield,Southampton,0,0,D,16,6,6,3,2017_18,EPL
2017-08-26,Man United,Leicester,2,0,H,22,11,7,4,2017_18,EPL
2017-08-26,Newcastle,West Ham,3,0,H,16,8,8,3,2017_18,EPL
2017-08-26,Watford,Brighton,0,0,D,8,16,0,2,2017_18,EPL
2017-08-27,Chelsea,Everton,2,0,H,18,7,7,0,2017_18,EPL
2017-08-27,Liverpool,Arsenal,4,0,H,18,8,10,0,2017_18,EPL
2017-08-27,Tottenham,Burnley,1,1,D,28,13,5,3,2017_18,EPL
2017-08-27,West Brom,Stoke,1,1,D,10,16,2,2,2017_18,EPL
2017-09-09,Arsenal,Bournemouth,3,0,H,17,7,9,2,2017_18,EPL
2017-09-09,Brighton,West Brom,3,1,H,12,12,6,3,2017_18,EPL
2017-09-09,Everton,Tottenham,0,3,A,12,15,1,6,2017_18,EPL
2017-09-09,Leicester,Chelsea,1,2,A,8,16,2,6,2017_18,EPL
2017-09-09,Man City,Liverpool,5,0,H,13,10,7,3,2017_18,EPL
2017-09-09,Southampton,Watford,0,2,A,9,12,1,3,2017_18,EPL
2017-09-09,Stoke,Man United,2,2,D,10,18,5,8,2017_18,EPL
2017-09-10,Burnley,Crystal Palace,1,0,H,4,23,2,5,2017_18,EPL
2017-09-10,Swansea,Newcastle,0,1,A,10,16,4,8,2017_18,EPL
2017-09-11,West Ham,Huddersfield,2,0,H,19,10,3,2,2017_18,EPL
2017-09-15,Bournemouth,Brighton,2,1,H,15,9,3,2,2017_18,EPL
2017-09-16,Crystal Palace,Southampton,0,1,A,14,13,3,4,2017_18,EPL
2017-09-16,Huddersfield,Leicester,1,1,D,15,10,3,1,2017_18,EPL
2017-09-16,Liverpool,Burnley,1,1,D,35,5,9,4,2017_18,EPL
2017-09-16,Newcastle,Stoke,2,1,H,14,13,3,4,2017_18,EPL
2017-09-16,Tottenham,Swansea,0,0,D,26,4,8,0,2017_18,EPL
2017-09-16,Watford,Man City,0,6,A,7,28,1,10,2017_18,EPL
2017-09-16,West Brom,West Ham,0,0,D,6,9,1,1,2017_18,EPL
2017-09-17,Chelsea,Arsenal,0,0,D,13,11,4,2,2017_18,EPL
2017-09-17,Man United,Everton,4,0,H,16,7,7,3,2017_18,EPL
2017-09-23,Burnley,Huddersfield,0,0,D,5,9,3,2,2017_18,EPL
2017-09-23,Everton,Bournemouth,2,1,H,12,8,4,4,2017_18,EPL
2017-09-23,Leicester,Liverpool,2,3,A,12,23,7,6,2017_18,EPL
2017-09-23,Man City,Crystal Palace,5,0,H,25,5,9,0,2017_18,EPL
2017-09-23,Southampton,Man United,0,1,A,14,9,4,4,2017_18,EPL
2017-09-23,Stoke,Chelsea,0,4,A,13,7,2,4,2017_18,EPL
2017-09-23,Swansea,Watford,1,2,A,10,8,3,4,2017_18,EPL
2017-09-23,West Ham,Tottenham,2,3,A,10,15,4,5,2017_18,EPL
2017-09-24,Brighton,Newcastle,1,0,H,7,17,3,5,2017_18,EPL
2017-09-25,Arsenal,West Brom,2,0,H,16,7,6,3,2017_18,EPL
2017-09-30,Bournemouth,Leicester,0,0,D,19,8,4,1,2017_18,EPL
2017-09-30,Chelsea,Man City,0,1,A,4,17,2,6,2017_18,EPL
2017-09-30,Huddersfield,Tottenham,0,4,A,6,14,1,7,2017_18,EPL
2017-09-30,Man United,Crystal Palace,4,0,H,18,6,7,1,2017_18,EPL
2017-09-30,Stoke,Southampton,2,1,H,17,21,6,3,2017_18,EPL
2017-09-30,West Brom,Watford,2,2,D,9,15,4,3,2017_18,EPL
2017-09-30,West Ham,Swansea,1,0,H,9,6,4,1,2017_18,EPL
2017-10-01,Arsenal,Brighton,2,0,H,25,9,12,1,2017_18,EPL
2017-10-01,Everton,Burnley,0,1,A,23,5,4,2,2017_18,EPL
2017-10-01,Newcastle,Liverpool,1,1,D,8,17,5,2,2017_18,EPL
2017-10-14,Burnley,West Ham,1,1,D,20,8,5,6,2017_18,EPL
2017-10-14,Crystal Palace,Chelsea,2,1,H,14,15,5,5,2017_18,EPL
2017-10-14,Liverpool,Man United,0,0,D,19,6,5,1,2017_18,EPL
2017-10-14,Man City,Stoke,7,2,H,20,5,11,1,2017_18,EPL
2017-10-14,Swansea,Huddersfield,2,0,H,7,7,3,2,2017_18,EPL
2017-10-14,Tottenham,Bournemouth,1,0,H,18,5,6,1,2017_18,EPL
2017-10-14,Watford,Arsenal,2,1,H,11,9,2,6,2017_18,EPL
2017-10-15,Brighton,Everton,1,1,D,12,13,3,6,2017_18,EPL
2017-10-15,Southampton,Newcastle,2,2,D,12,19,2,5,2017_18,EPL
2017-10-16,Leicester,West Brom,1,1,D,11,5,3,1,2017_18,EPL
2017-10-20,West Ham,Brighton,0,3,A,16,7,2,5,2017_18,EPL
2017-10-21,Chelsea,Watford,4,2,H,14,16,8,5,2017_18,EPL
2017-10-21,Huddersfield,Man United,2,1,H,5,9,3,3,2017_18,EPL
2017-10-21,Man City,Burnley,3,0,H,15,6,10,0,2017_18,EPL
2017-10-21,Newcastle,Crystal Palace,1,0,H,7,10,3,0,2017_18,EPL
2017-10-21,Southampton,West Brom,1,0,H,20,7,6,2,2017_18,EPL
2017-10-21,Stoke,Bournemouth,1,2,A,10,7,2,3,2017_18,EPL
2017-10-21,Swansea,Leicester,1,2,A,19,11,4,6,2017_18,EPL
2017-10-22,Everton,Arsenal,2,5,A,8,30,3,14,2017_18,EPL
2017-10-22,Tottenham,Liverpool,4,1,H,14,12,6,7,2017_18,EPL
2017-10-28,Arsenal,Swansea,2,1,H,17,4,5,2,2017_18,EPL
2017-10-28,Bournemouth,Chelsea,0,1,A,7,18,1,5,2017_18,EPL
2017-10-28,Crystal Palace,West Ham,2,2,D,19,6,9,2,2017_18,EPL
2017-10-28,Liverpool,Huddersfield,3,0,H,16,1,8,0,2017_18,EPL
2017-10-28,Man United,Tottenham,1,0,H,11,13,3,4,2017_18,EPL
2017-10-28,Watford,Stoke,0,1,A,13,6,0,2,2017_18,EPL
2017-10-28,West Brom,Man City,2,3,A,6,15,4,5,2017_18,EPL
2017-10-29,Brighton,Southampton,1,1,D,7,6,2,1,2017_18,EPL
2017-10-29,Leicester,Everton,2,0,H,9,16,3,2,2017_18,EPL
2017-10-30,Burnley,Newcastle,1,0,H,12,12,5,5,2017_18,EPL
2017-11-04,Huddersfield,West Brom,1,0,H,7,9,3,3,2017_18,EPL
2017-11-04,Newcastle,Bournemouth,0,1,A,16,16,4,6,2017_18,EPL
2017-11-04,Southampton,Burnley,0,1,A,13,5,3,1,2017_18,EPL
2017-11-04,Stoke,Leicester,2,2,D,11,14,7,4,2017_18,EPL
2017-11-04,Swansea,Brighton,0,1,A,12,5,2,2,2017_18,EPL
2017-11-04,West Ham,Liverpool,1,4,A,6,15,1,7,2017_18,EPL
2017-11-05,Chelsea,Man United,1,0,H,18,10,8,2,2017_18,EPL
2017-11-05,Everton,Watford,3,2,H,10,11,5,3,2017_18,EPL
2017-11-05,Man City,Arsenal,3,1,H,9,6,5,3,2017_18,EPL
2017-11-05,Tottenham,Crystal Palace,1,0,H,12,11,2,3,2017_18,EPL
2017-11-18,Arsenal,Tottenham,2,0,H,14,14,5,4,2017_18,EPL
2017-11-18,Bournemouth,Huddersfield,4,0,H,11,20,5,3,2017_18,EPL
2017-11-18,Burnley,Swansea,2,0,H,16,13,7,1,2017_18,EPL
2017-11-18,Crystal Palace,Everton,2,2,D,16,8,7,5,2017_18,EPL
2017-11-18,Leicester,Man City,0,2,A,2,12,0,4,2017_18,EPL
2017-11-18,Liverpool,Southampton,3,0,H,21,5,8,0,2017_18,EPL
2017-11-18,Man United,Newcastle,4,1,H,16,12,7,5,2017_18,EPL
2017-11-18,West Brom,Chelsea,0,4,A,7,11,2,7,2017_18,EPL
2017-11-19,Watford,West Ham,2,0,H,17,10,7,6,2017_18,EPL
2017-11-20,Brighton,Stoke,2,2,D,9,13,3,6,2017_18,EPL
2017-11-24,West Ham,Leicester,1,1,D,8,7,4,2,2017_18,EPL
2017-11-25,Crystal Palace,Stoke,2,1,H,10,9,5,3,2017_18,EPL
2017-11-25,Liverpool,Chelsea,1,1,D,16,11,4,3,2017_18,EPL
2017-11-25,Man United,Brighton,1,0,H,15,8,4,2,2017_18,EPL
2017-11-25,Newcastle,Watford,0,3,A,12,12,2,4,2017_18,EPL
2017-11-25,Swansea,Bournemouth,0,0,D,10,9,1,5,2017_18,EPL
2017-11-25,Tottenham,West Brom,1,1,D,24,5,5,2,2017_18,EPL
2017-11-26,Burnley,Arsenal,0,1,A,8,17,2,2,2017_18,EPL
2017-11-26,Huddersfield,Man City,1,2,A,4,14,0,5,2017_18,EPL
2017-11-26,Southampton,Everton,4,1,H,17,5,5,2,2017_18,EPL
2017-11-28,Brighton,Crystal Palace,0,0,D,10,10,4,4,2017_18,EPL
2017-11-28,Leicester,Tottenham,2,1,H,7,18,4,6,2017_18,EPL
2017-11-28,Watford,Man United,2,4,A,12,15,3,7,2017_18,EPL
2017-11-28,West Brom,Newcastle,2,2,D,8,14,4,4,2017_18,EPL
2017-11-29,Arsenal,Huddersfield,5,0,H,21,7,7,2,2017_18,EPL
2017-11-29,Bournemouth,Burnley,1,2,A,10,10,2,4,2017_18,EPL
2017-11-29,Chelsea,Swansea,1,0,H,21,2,10,0,2017_18,EPL
2017-11-29,Everton,West Ham,4,0,H,8,7,5,3,2017_18,EPL
2017-11-29,Man City,Southampton,2,1,H,26,7,12,2,2017_18,EPL
2017-11-29,Stoke,Liverpool,0,3,A,10,14,1,7,2017_18,EPL
2017-12-02,Arsenal,Man United,1,3,A,33,8,15,4,2017_18,EPL
2017-12-02,Brighton,Liverpool,1,5,A,6,12,2,6,2017_18,EPL
2017-12-02,Chelsea,Newcastle,3,1,H,23,8,9,2,2017_18,EPL
2017-12-02,Everton,Huddersfield,2,0,H,6,5,4,3,2017_18,EPL
2017-12-02,Leicester,Burnley,1,0,H,16,14,3,4,2017_18,EPL
2017-12-02,Stoke,Swansea,2,1,H,10,10,3,3,2017_18,EPL
2017-12-02,Watford,Tottenham,1,1,D,6,8,2,2,2017_18,EPL
2017-12-02,West Brom,Crystal Palace,0,0,D,20,10,6,2,2017_18,EPL
2017-12-03,Bournemouth,Southampton,1,1,D,16,15,5,4,2017_18,EPL
2017-12-03,Man City,West Ham,2,1,H,24,7,8,4,2017_18,EPL
2017-12-09,Burnley,Watford,1,0,H,8,11,5,2,2017_18,EPL
2017-12-09,Crystal Palace,Bournemouth,2,2,D,24,11,8,5,2017_18,EPL
2017-12-09,Huddersfield,Brighton,2,0,H,19,7,6,2,2017_18,EPL
2017-12-09,Newcastle,Leicester,2,3,A,10,13,4,5,2017_18,EPL
2017-12-09,Swansea,West Brom,1,0,H,18,7,3,1,2017_18,EPL
2017-12-09,Tottenham,Stoke,5,1,H,20,4,11,3,2017_18,EPL
2017-12-09,West Ham,Chelsea,1,0,H,5,19,2,2,2017_18,EPL
2017-12-10,Liverpool,Everton,1,1,D,23,3,3,2,2017_18,EPL
2017-12-10,Man United,Man City,1,2,A,8,14,5,7,2017_18,EPL
2017-12-10,Southampton,Arsenal,1,1,D,6,11,3,6,2017_18,EPL
2017-12-12,Burnley,Stoke,1,0,H,10,14,2,7,2017_18,EPL
2017-12-12,Crystal Palace,Watford,2,1,H,14,7,4,2,2017_18,EPL
2017-12-12,Huddersfield,Chelsea,1,3,A,7,12,2,5,2017_18,EPL
2017-12-13,Liverpool,West Brom,0,0,D,14,6,5,1,2017_18,EPL
2017-12-13,Man United,Bournemouth,1,0,H,9,14,2,7,2017_18,EPL
2017-12-13,Newcastle,Everton,0,1,A,16,7,4,4,2017_18,EPL
2017-12-13,Southampton,Leicester,1,4,A,12,16,4,11,2017_18,EPL
2017-12-13,Swansea,Man City,0,4,A,7,23,3,10,2017_18,EPL
2017-12-13,Tottenham,Brighton,2,0,H,25,7,8,4,2017_18,EPL
2017-12-13,West Ham,Arsenal,0,0,D,6,22,0,3,2017_18,EPL
2017-12-16,Arsenal,Newcastle,1,0,H,23,10,5,2,2017_18,EPL
2017-12-16,Brighton,Burnley,0,0,D,12,11,2,6,2017_18,EPL
2017-12-16,Chelsea,Southampton,1,0,H,24,6,8,2,2017_18,EPL
2017-12-16,Leicester,Crystal Palace,0,3,A,11,13,2,6,2017_18,EPL
2017-12-16,Man City,Tottenham,4,1,H,20,7,11,2,2017_18,EPL
2017-12-16,Stoke,West Ham,0,3,A,17,14,0,7,2017_18,EPL
2017-12-16,Watford,Huddersfield,1,4,A,13,15,3,9,2017_18,EPL
2017-12-17,Bournemouth,Liverpool,0,4,A,6,21,2,7,2017_18,EPL
2017-12-17,West Brom,Man United,1,2,A,12,8,5,3,2017_18,EPL
2017-12-18,Everton,Swansea,3,1,H,12,8,7,3,2017_18,EPL
2017-12-22,Arsenal,Liverpool,3,3,D,11,14,4,9,2017_18,EPL
2017-12-23,Brighton,Watford,1,0,H,14,13,3,1,2017_18,EPL
2017-12-23,Burnley,Tottenham,0,3,A,5,18,2,8,2017_18,EPL
2017-12-23,Everton,Chelsea,0,0,D,5,25,0,8,2017_18,EPL
2017-12-23,Leicester,Man United,2,2,D,11,19,3,6,2017_18,EPL
2017-12-23,Man City,Bournemouth,4,0,H,14,5,5,1,2017_18,EPL
2017-12-23,Southampton,Huddersfield,1,1,D,12,10,6,3,2017_18,EPL
2017-12-23,Stoke,West Brom,3,1,H,9,17,5,7,2017_18,EPL
2017-12-23,Swansea,Crystal Palace,1,1,D,7,13,2,5,2017_18,EPL
2017-12-23,West Ham,Newcastle,2,3,A,19,11,6,4,2017_18,EPL
2017-12-26,Bournemouth,West Ham,3,3,D,26,10,10,5,2017_18,EPL
2017-12-26,Chelsea,Brighton,2,0,H,25,8,8,1,2017_18,EPL
2017-12-26,Huddersfield,Stoke,1,1,D,18,15,8,7,2017_18,EPL
2017-12-26,Liverpool,Swansea,5,0,H,22,7,9,4,2017_18,EPL
2017-12-26,Man United,Burnley,2,2,D,23,3,6,2,2017_18,EPL
2017-12-26,Tottenham,Southampton,5,2,H,16,16,7,6,2017_18,EPL
2017-12-26,Watford,Leicester,2,1,H,11,11,1,5,2017_18,EPL
2017-12-26,West Brom,Everton,0,0,D,17,7,3,3,2017_18,EPL
2017-12-27,Newcastle,Man City,0,1,A,6,22,2,6,2017_18,EPL
2017-12-28,Crystal Palace,Arsenal,2,3,A,16,16,2,9,2017_18,EPL
2017-12-30,Bournemouth,Everton,2,1,H,19,6,7,1,2017_18,EPL
2017-12-30,Chelsea,Stoke,5,0,H,21,1,12,1,2017_18,EPL
2017-12-30,Huddersfield,Burnley,0,0,D,3,11,1,4,2017_18,EPL
2017-12-30,Liverpool,Leicester,2,1,H,17,7,6,1,2017_18,EPL
2017-12-30,Man United,Southampton,0,0,D,15,8,3,3,2017_18,EPL
2017-12-30,Newcastle,Brighton,0,0,D,11,10,2,3,2017_18,EPL
2017-12-30,Watford,Swansea,1,2,A,9,9,4,4,2017_18,EPL
2017-12-31,Crystal Palace,Man City,0,0,D,10,15,1,4,2017_18,EPL
2017-12-31,West Brom,Arsenal,1,1,D,14,14,3,4,2017_18,EPL
2018-01-01,Brighton,Bournemouth,2,2,D,15,26,6,8,2017_18,EPL
2018-01-01,Burnley,Liverpool,1,2,A,13,19,4,5,2017_18,EPL
2018-01-01,Everton,Man United,0,2,A,12,21,0,6,2017_18,EPL
2018-01-01,Leicester,Huddersfield,3,0,H,11,6,5,1,2017_18,EPL
2018-01-01,Stoke,Newcastle,0,1,A,11,14,4,6,2017_18,EPL
2018-01-02,Man City,Watford,3,1,H,17,7,7,4,2017_18,EPL
2018-01-02,Southampton,Crystal Palace,1,2,A,10,11,3,4,2017_18,EPL
2018-01-02,Swansea,Tottenham,0,2,A,8,12,1,5,2017_18,EPL
2018-01-02,West Ham,West Brom,2,1,H,13,10,5,3,2017_18,EPL
2018-01-03,Arsenal,Chelsea,2,2,D,14,19,6,6,2017_18,EPL
2018-01-04,Tottenham,West Ham,1,1,D,31,3,8,1,2017_18,EPL
2018-01-13,Chelsea,Leicester,0,0,D,17,14,7,1,2017_18,EPL
2018-01-13,Crystal Palace,Burnley,1,0,H,17,8,2,2,2017_18,EPL
2018-01-13,Huddersfield,West Ham,1,4,A,8,8,2,6,2017_18,EPL
2018-01-13,Newcastle,Swansea,1,1,D,12,8,4,5,2017_18,EPL
2018-01-13,Tottenham,Everton,4,0,H,20,7,10,0,2017_18,EPL
2018-01-13,Watford,Southampton,2,2,D,16,10,4,4,2017_18,EPL
2018-01-13,West Brom,Brighton,2,0,H,15,13,4,1,2017_18,EPL
2018-01-14,Bournemouth,Arsenal,2,1,H,13,12,5,3,2017_18,EPL
2018-01-14,Liverpool,Man City,4,3,H,16,11,7,4,2017_18,EPL
2018-01-15,Man United,Stoke,3,0,H,20,11,9,5,2017_18,EPL
2018-01-20,Arsenal,Crystal Palace,4,1,H,16,9,10,5,2017_18,EPL
2018-01-20,Brighton,Chelsea,0,4,A,10,14,3,10,2017_18,EPL
2018-01-20,Burnley,Man United,0,1,A,13,12,2,2,2017_18,EPL
2018-01-20,Everton,West Brom,1,1,D,9,15,4,5,2017_18,EPL
2018-01-20,Leicester,Watford,2,0,H,9,11,5,3,2017_18,EPL
2018-01-20,Man City,Newcastle,3,1,H,21,6,9,4,2017_18,EPL
2018-01-20,Stoke,Huddersfield,2,0,H,11,6,6,3,2017_18,EPL
2018-01-20,West Ham,Bournemouth,1,1,D,12,8,4,3,2017_18,EPL
2018-01-21,Southampton,Tottenham,1,1,D,10,17,4,2,2017_18,EPL
2018-01-22,Swansea,Liverpool,1,0,H,3,21,2,4,2017_18,EPL
2018-01-30,Huddersfield,Liverpool,0,3,A,5,14,1,7,2017_18,EPL
2018-01-30,Swansea,Arsenal,3,1,H,12,9,4,4,2017_18,EPL
2018-01-30,West Ham,Crystal Palace,1,1,D,8,9,3,3,2017_18,EPL
2018-01-31,Chelsea,Bournemouth,0,3,A,21,11,5,5,2017_18,EPL
2018-01-31,Everton,Leicester,2,1,H,9,8,4,1,2017_18,EPL
2018-01-31,Man City,West Brom,3,0,H,19,3,10,1,2017_18,EPL
2018-01-31,Newcastle,Burnley,1,1,D,14,11,4,2,2017_18,EPL
2018-01-31,Southampton,Brighton,1,1,D,18,9,3,2,2017_18,EPL
2018-01-31,Stoke,Watford,0,0,D,11,12,4,2,2017_18,EPL
2018-01-31,Tottenham,Man United,2,0,H,22,6,6,3,2017_18,EPL
2018-02-03,Arsenal,Everton,5,1,H,15,11,7,2,2017_18,EPL
2018-02-03,Bournemouth,Stoke,2,1,H,15,13,8,4,2017_18,EPL
2018-02-03,Brighton,West Ham,3,1,H,21,4,5,1,2017_18,EPL
2018-02-03,Burnley,Man City,1,1,D,8,20,3,7,2017_18,EPL
2018-02-03,Leicester,Swansea,1,1,D,13,3,5,1,2017_18,EPL
2018-02-03,Man United,Huddersfield,2,0,H,16,4,7,0,2017_18,EPL
2018-02-03,West Brom,Southampton,2,3,A,9,13,3,5,2017_18,EPL
2018-02-04,Crystal Palace,Newcastle,1,1,D,21,11,6,8,2017_18,EPL
2018-02-04,Liverpool,Tottenham,2,2,D,9,13,3,6,2017_18,EPL
2018-02-05,Watford,Chelsea,4,1,H,21,7,8,3,2017_18,EPL
2018-02-10,Everton,Crystal Palace,3,1,H,11,16,5,4,2017_18,EPL
2018-02-10,Man City,Leicester,5,1,H,19,2,11,2,2017_18,EPL
2018-02-10,Stoke,Brighton,1,1,D,15,14,3,6,2017_18,EPL
2018-02-10,Swansea,Burnley,1,0,H,12,13,4,1,2017_18,EPL
2018-02-10,Tottenham,Arsenal,1,0,H,18,6,6,1,2017_18,EPL
2018-02-10,West Ham,Watford,2,0,H,8,11,4,4,2017_18,EPL
2018-02-11,Huddersfield,Bournemouth,4,1,H,15,7,4,2,2017_18,EPL
2018-02-11,Newcastle,Man United,1,0,H,10,13,3,6,2017_18,EPL
2018-02-11,Southampton,Liverpool,0,2,A,6,16,4,4,2017_18,EPL
2018-02-12,Chelsea,West Brom,3,0,H,20,8,8,1,2017_18,EPL
2018-02-24,Bournemouth,Newcastle,2,2,D,18,15,5,4,2017_18,EPL
2018-02-24,Brighton,Swansea,4,1,H,16,11,5,1,2017_18,EPL
2018-02-24,Burnley,Southampton,1,1,D,9,13,3,6,2017_18,EPL
2018-02-24,Leicester,Stoke,1,1,D,19,6,9,2,2017_18,EPL
2018-02-24,Liverpool,West Ham,4,1,H,21,7,12,4,2017_18,EPL
2018-02-24,Watford,Everton,1,0,H,13,7,5,2,2017_18,EPL
2018-02-24,West Brom,Huddersfield,1,2,A,10,16,3,7,2017_18,EPL
2018-02-25,Crystal Palace,Tottenham,0,1,A,5,14,3,4,2017_18,EPL
2018-02-25,Man United,Chelsea,2,1,H,10,14,5,7,2017_18,EPL
2018-03-01,Arsenal,Man City,0,3,A,10,9,5,5,2017_18,EPL
2018-03-03,Burnley,Everton,2,1,H,21,10,8,4,2017_18,EPL
2018-03-03,Leicester,Bournemouth,1,1,D,23,8,4,3,2017_18,EPL
2018-03-03,Liverpool,Newcastle,2,0,H,14,7,3,2,2017_18,EPL
2018-03-03,Southampton,Stoke,0,0,D,18,12,6,3,2017_18,EPL
2018-03-03,Swansea,West Ham,4,1,H,9,7,8,2,2017_18,EPL
2018-03-03,Tottenham,Huddersfield,2,0,H,15,3,7,3,2017_18,EPL
2018-03-03,Watford,West Brom,1,0,H,15,9,4,2,2017_18,EPL
2018-03-04,Brighton,Arsenal,2,1,H,13,15,6,7,2017_18,EPL
2018-03-04,Man City,Chelsea,1,0,H,13,3,3,0,2017_18,EPL
2018-03-05,Crystal Palace,Man United,2,3,A,10,17,4,8,2017_18,EPL
2018-03-10,Chelsea,Crystal Palace,2,1,H,27,9,11,2,2017_18,EPL
2018-03-10,Everton,Brighton,2,0,H,13,10,3,4,2017_18,EPL
2018-03-10,Huddersfield,Swansea,0,0,D,30,0,4,0,2017_18,EPL
2018-03-10,Man United,Liverpool,2,1,H,5,14,2,2,2017_18,EPL
2018-03-10,Newcastle,Southampton,3,0,H,7,6,5,2,2017_18,EPL
2018-03-10,West Brom,Leicester,1,4,A,6,14,2,6,2017_18,EPL
2018-03-10,West Ham,Burnley,0,3,A,13,7,4,4,2017_18,EPL
2018-03-11,Arsenal,Watford,3,0,H,11,11,7,4,2017_18,EPL
2018-03-11,Bournemouth,Tottenham,1,4,A,14,12,3,8,2017_18,EPL
2018-03-12,Stoke,Man City,0,2,A,3,17,0,6,2017_18,EPL
2018-03-17,Bournemouth,West Brom,2,1,H,17,11,5,6,2017_18,EPL
2018-03-17,Huddersfield,Crystal Palace,0,2,A,6,17,2,6,2017_18,EPL
2018-03-17,Liverpool,Watford,5,0,H,13,4,10,1,2017_18,EPL
2018-03-17,Stoke,Everton,1,2,A,9,17,4,9,2017_18,EPL
2018-03-31,Brighton,Leicester,0,2,A,15,6,3,4,2017_18,EPL
2018-03-31,Crystal Palace,Liverpool,1,2,A,6,16,3,6,2017_18,EPL
2018-03-31,Everton,Man City,1,3,A,6,18,2,4,2017_18,EPL
2018-03-31,Man United,Swansea,2,0,H,11,3,5,2,2017_18,EPL
2018-03-31,Newcastle,Huddersfield,1,0,H,18,4,3,0,2017_18,EPL
2018-03-31,Watford,Bournemouth,2,2,D,16,13,5,6,2017_18,EPL
2018-03-31,West Brom,Burnley,1,2,A,8,11,3,4,2017_18,EPL
2018-03-31,West Ham,Southampton,3,0,H,13,9,5,0,2017_18,EPL
2018-04-01,Arsenal,Stoke,3,0,H,24,8,11,2,2017_18,EPL
2018-04-01,Chelsea,Tottenham,1,3,A,14,12,4,7,2017_18,EPL
2018-04-07,Bournemouth,Crystal Palace,2,2,D,20,13,5,6,2017_18,EPL
2018-04-07,Brighton,Huddersfield,1,1,D,13,14,4,5,2017_18,EPL
2018-04-07,Everton,Liverpool,0,0,D,6,10,1,3,2017_18,EPL
2018-04-07,Leicester,Newcastle,1,2,A,8,8,1,4,2017_18,EPL
2018-04-07,Man City,Man United,2,3,A,20,5,6,4,2017_18,EPL
2018-04-07,Stoke,Tottenham,1,2,A,10,15,4,4,2017_18,EPL
2018-04-07,Watford,Burnley,1,2,A,14,7,5,4,2017_18,EPL
2018-04-07,West Brom,Swansea,1,1,D,15,7,3,1,2017_18,EPL
2018-04-08,Arsenal,Southampton,3,2,H,13,15,7,8,2017_18,EPL
2018-04-08,Chelsea,West Ham,1,1,D,23,5,6,2,2017_18,EPL
2018-04-14,Burnley,Leicester,2,1,H,8,15,3,6,2017_18,EPL
2018-04-14,Crystal Palace,Brighton,3,2,H,15,12,8,3,2017_18,EPL
2018-04-14,Huddersfield,Watford,1,0,H,9,4,1,2,2017_18,EPL
2018-04-14,Liverpool,Bournemouth,3,0,H,20,6,7,1,2017_18,EPL
2018-04-14,Southampton,Chelsea,2,3,A,10,17,7,5,2017_18,EPL
2018-04-14,Swansea,Everton,1,1,D,17,12,7,3,2017_18,EPL
2018-04-14,Tottenham,Man City,1,3,A,8,17,3,6,2017_18,EPL
2018-04-15,Man United,West Brom,0,1,A,14,10,4,4,2017_18,EPL
2018-04-15,Newcastle,Arsenal,2,1,H,8,15,4,3,2017_18,EPL
2018-04-16,West Ham,Stoke,1,1,D,18,11,6,7,2017_18,EPL
2018-04-17,Brighton,Tottenham,1,1,D,8,16,5,6,2017_18,EPL
2018-04-18,Bournemouth,Man United,0,2,A,13,13,2,4,2017_18,EPL
2018-04-19,Burnley,Chelsea,1,2,A,5,16,2,5,2017_18,EPL
2018-04-19,Leicester,Southampton,0,0,D,11,6,3,2,2017_18,EPL
2018-04-21,Watford,Crystal Palace,0,0,D,14,6,4,1,2017_18,EPL
2018-04-21,West Brom,Liverpool,2,2,D,13,9,6,3,2017_18,EPL
2018-04-22,Arsenal,West Ham,4,1,H,20,11,8,4,2017_18,EPL
2018-04-22,Man City,Swansea,5,0,H,19,4,12,1,2017_18,EPL
2018-04-22,Stoke,Burnley,1,1,D,8,16,3,7,2017_18,EPL
2018-04-23,Everton,Newcastle,1,0,H,9,9,1,2,2017_18,EPL
2018-04-28,Burnley,Brighton,0,0,D,10,9,4,1,2017_18,EPL
2018-04-28,Crystal Palace,Leicester,5,0,H,15,6,9,1,2017_18,EPL
2018-04-28,Huddersfield,Everton,0,2,A,9,7,2,5,2017_18,EPL
2018-04-28,Liverpool,Stoke,0,0,D,20,5,2,1,2017_18,EPL
2018-04-28,Newcastle,West Brom,0,1,A,17,9,2,2,2017_18,EPL
2018-04-28,Southampton,Bournemouth,2,1,H,14,14,6,7,2017_18,EPL
2018-04-28,Swansea,Chelsea,0,1,A,10,11,3,3,2017_18,EPL
2018-04-29,Man United,Arsenal,2,1,H,17,8,3,3,2017_18,EPL
2018-04-29,West Ham,Man City,1,4,A,4,19,1,7,2017_18,EPL
2018-04-30,Tottenham,Watford,2,0,H,13,13,3,5,2017_18,EPL
2018-05-04,Brighton,Man United,1,0,H,11,16,4,3,2017_18,EPL
2018-05-05,Bournemouth,Swansea,1,0,H,13,12,5,3,2017_18,EPL
2018-05-05,Everton,Southampton,1,1,D,9,11,3,5,2017_18,EPL
2018-05-05,Leicester,West Ham,0,2,A,13,13,2,3,2017_18,EPL
2018-05-05,Stoke,Crystal Palace,1,2,A,7,13,2,2,2017_18,EPL
2018-05-05,Watford,Newcastle,2,1,H,11,9,8,1,2017_18,EPL
2018-05-05,West Brom,Tottenham,1,0,H,9,18,1,5,2017_18,EPL
2018-05-06,Arsenal,Burnley,5,0,H,16,6,8,2,2017_18,EPL
2018-05-06,Chelsea,Liverpool,1,0,H,12,10,4,5,2017_18,EPL
2018-05-06,Man City,Huddersfield,0,0,D,15,5,2,3,2017_18,EPL
2018-05-08,Swansea,Southampton,0,1,A,11,13,3,8,2017_18,EPL
2018-05-09,Chelsea,Huddersfield,1,1,D,22,3,5,2,2017_18,EPL
2018-05-09,Leicester,Arsenal,3,1,H,19,14,10,7,2017_18,EPL
2018-05-09,Man City,Brighton,3,1,H,19,6,7,3,2017_18,EPL
2018-05-09,Tottenham,Newcastle,1,0,H,11,14,7,3,2017_18,EPL
2018-05-10,West Ham,Man United,0,0,D,9,16,2,6,2017_18,EPL
2018-05-13,Burnley,Bournemouth,1,2,A,12,16,4,5,2017_18,EPL
2018-05-13,Crystal Palace,West Brom,2,0,H,11,7,5,1,2017_18,EPL
2018-05-13,Huddersfield,Arsenal,0,1,A,18,9,3,4,2017_18,EPL
2018-05-13,Liverpool,Brighton,4,0,H,22,2,11,1,2017_18,EPL
2018-05-13,Man United,Watford,1,0,H,7,7,1,3,2017_18,EPL
2018-05-13,Newcastle,Chelsea,3,0,H,16,6,6,2,2017_18,EPL
2018-05-13,Southampton,Man City,0,1,A,8,13,3,2,2017_18,EPL
2018-05-13,Swansea,Stoke,1,2,A,26,8,11,5,2017_18,EPL
2018-05-13,Tottenham,Leicester,5,4,H,14,16,6,9,2017_18,EPL
2018-05-13,West Ham,Everton,3,1,H,15,14,4,7,2017_18,EPL
2018-08-10,Man United,Leicester,2,1,H,8,13,6,4,2018_19,EPL
2018-08-11,Bournemouth,Cardiff,2,0,H,12,10,4,1,2018_19,EPL
2018-08-11,Fulham,Crystal Palace,0,2,A,15,10,6,9,2018_19,EPL
2018-08-11,Huddersfield,Chelsea,0,3,A,6,13,1,4,2018_19,EPL
2018-08-11,Newcastle,Tottenham,1,2,A,15,15,2,5,2018_19,EPL
2018-08-11,Watford,Brighton,2,0,H,19,6,5,0,2018_19,EPL
2018-08-11,Wolves,Everton,2,2,D,11,6,4,5,2018_19,EPL
2018-08-12,Arsenal,Man City,0,2,A,9,17,3,8,2018_19,EPL
2018-08-12,Liverpool,West Ham,4,0,H,18,5,8,2,2018_19,EPL
2018-08-12,Southampton,Burnley,0,0,D,18,16,3,6,2018_19,EPL
2018-08-18,Cardiff,Newcastle,0,0,D,12,12,1,6,2018_19,EPL
2018-08-18,Chelsea,Arsenal,3,2,H,24,15,11,6,2018_19,EPL
2018-08-18,Everton,Southampton,2,1,H,13,15,7,4,2018_19,EPL
2018-08-18,Leicester,Wolves,2,0,H,6,11,2,3,2018_19,EPL
2018-08-18,Tottenham,Fulham,3,1,H,25,10,11,3,2018_19,EPL
2018-08-18,West Ham,Bournemouth,1,2,A,11,12,5,5,2018_19,EPL
2018-08-19,Brighton,Man United,3,2,H,6,9,3,3,2018_19,EPL
2018-08-19,Burnley,Watford,1,3,A,8,9,3,6,2018_19,EPL
2018-08-19,Man City,Huddersfield,6,1,H,32,5,14,1,2018_19,EPL
2018-08-20,Crystal Palace,Liverpool,0,2,A,8,16,2,6,2018_19,EPL
2018-08-25,Arsenal,West Ham,3,1,H,17,13,10,5,2018_19,EPL
2018-08-25,Bournemouth,Everton,2,2,D,17,11,5,3,2018_19,EPL
2018-08-25,Huddersfield,Cardiff,0,0,D,5,14,1,4,2018_19,EPL
2018-08-25,Liverpool,Brighton,1,0,H,22,6,8,2,2018_19,EPL
2018-08-25,Southampton,Leicester,1,2,A,11,8,5,5,2018_19,EPL
2018-08-25,Wolves,Man City,1,1,D,11,18,2,6,2018_19,EPL
2018-08-26,Fulham,Burnley,4,2,H,25,12,12,2,2018_19,EPL
2018-08-26,Newcastle,Chelsea,1,2,A,6,15,2,3,2018_19,EPL
2018-08-26,Watford,Crystal Palace,2,1,H,13,9,5,3,2018_19,EPL
2018-08-27,Man United,Tottenham,0,3,A,23,9,5,5,2018_19,EPL
2018-09-01,Brighton,Fulham,2,2,D,15,10,5,5,2018_19,EPL
2018-09-01,Chelsea,Bournemouth,2,0,H,24,8,6,1,2018_19,EPL
2018-09-01,Crystal Palace,Southampton,0,2,A,20,19,6,6,2018_19,EPL
2018-09-01,Everton,Huddersfield,1,1,D,11,9,1,6,2018_19,EPL
2018-09-01,Leicester,Liverpool,1,2,A,12,10,5,4,2018_19,EPL
2018-09-01,Man City,Newcastle,2,1,H,24,3,8,2,2018_19,EPL
2018-09-01,West Ham,Wolves,0,1,A,13,15,3,6,2018_19,EPL
2018-09-02,Burnley,Man United,0,2,A,9,21,2,9,2018_19,EPL
2018-09-02,Cardiff,Arsenal,2,3,A,14,17,3,11,2018_19,EPL
2018-09-02,Watford,Tottenham,2,1,H,7,11,3,2,2018_19,EPL
2018-09-15,Bournemouth,Leicester,4,2,H,10,14,5,8,2018_19,EPL
2018-09-15,Chelsea,Cardiff,4,1,H,18,6,7,2,2018_19,EPL
2018-09-15,Huddersfield,Crystal Palace,0,1,A,15,7,2,2,2018_19,EPL
2018-09-15,Man City,Fulham,3,0,H,28,9,9,3,2018_19,EPL
2018-09-15,Newcastle,Arsenal,1,2,A,4,12,2,2,2018_19,EPL
2018-09-15,Tottenham,Liverpool,1,2,A,11,17,3,10,2018_19,EPL
2018-09-15,Watford,Man United,1,2,A,14,9,5,6,2018_19,EPL
2018-09-16,Everton,West Ham,1,3,A,16,9,4,4,2018_19,EPL
2018-09-16,Wolves,Burnley,1,0,H,30,7,7,2,2018_19,EPL
2018-09-17,Southampton,Brighton,2,2,D,14,12,5,4,2018_19,EPL
2018-09-22,Brighton,Tottenham,1,2,A,8,16,4,7,2018_19,EPL
2018-09-22,Burnley,Bournemouth,4,0,H,12,19,5,5,2018_19,EPL
2018-09-22,Cardiff,Man City,0,5,A,2,21,2,10,2018_19,EPL
2018-09-22,Crystal Palace,Newcastle,0,0,D,16,6,4,3,2018_19,EPL
2018-09-22,Fulham,Watford,1,1,D,15,11,3,6,2018_19,EPL
2018-09-22,Leicester,Huddersfield,3,1,H,18,9,8,2,2018_19,EPL
2018-09-22,Liverpool,Southampton,3,0,H,12,7,4,1,2018_19,EPL
2018-09-22,Man United,Wolves,1,1,D,15,11,6,8,2018_19,EPL
2018-09-23,Arsenal,Everton,2,0,H,9,9,5,6,2018_19,EPL
2018-09-23,West Ham,Chelsea,0,0,D,6,17,1,6,2018_19,EPL
2018-09-29,Arsenal,Watford,2,0,H,9,13,2,4,2018_19,EPL
2018-09-29,Chelsea,Liverpool,1,1,D,10,13,4,6,2018_19,EPL
2018-09-29,Everton,Fulham,3,0,H,19,6,6,0,2018_19,EPL
2018-09-29,Huddersfield,Tottenham,0,2,A,9,10,5,6,2018_19,EPL
2018-09-29,Man City,Brighton,2,0,H,28,4,8,1,2018_19,EPL
2018-09-29,Newcastle,Leicester,0,2,A,6,12,1,5,2018_19,EPL
2018-09-29,West Ham,Man United,3,1,H,8,9,3,4,2018_19,EPL
2018-09-29,Wolves,Southampton,2,0,H,14,17,6,6,2018_19,EPL
2018-09-30,Cardiff,Burnley,1,2,A,19,3,5,2,2018_19,EPL
2018-10-01,Bournemouth,Crystal Palace,2,1,H,11,10,5,2,2018_19,EPL
2018-10-05,Brighton,West Ham,1,0,H,9,17,4,4,2018_19,EPL
2018-10-06,Burnley,Huddersfield,1,1,D,6,19,3,2,2018_19,EPL
2018-10-06,Crystal Palace,Wolves,0,1,A,11,7,4,2,2018_19,EPL
2018-10-06,Leicester,Everton,1,2,A,8,17,2,8,2018_19,EPL
2018-10-06,Man United,Newcastle,3,2,H,18,13,10,8,2018_19,EPL
2018-10-06,Tottenham,Cardiff,1,0,H,19,8,7,6,2018_19,EPL
2018-10-06,Watford,Bournemouth,0,4,A,14,10,2,7,2018_19,EPL
2018-10-07,Fulham,Arsenal,1,5,A,21,9,4,7,2018_19,EPL
2018-10-07,Liverpool,Man City,0,0,D,7,6,2,2,2018_19,EPL
2018-10-07,Southampton,Chelsea,0,3,A,15,21,6,6,2018_19,EPL
2018-10-20,Bournemouth,Southampton,0,0,D,10,8,2,4,2018_19,EPL
2018-10-20,Cardiff,Fulham,4,2,H,22,9,5,4,2018_19,EPL
2018-10-20,Chelsea,Man United,2,2,D,21,7,6,4,2018_19,EPL
2018-10-20,Huddersfield,Liverpool,0,1,A,13,11,1,2,2018_19,EPL
2018-10-20,Man City,Burnley,5,0,H,24,5,10,0,2018_19,EPL
2018-10-20,Newcastle,Brighton,0,1,A,27,8,6,2,2018_19,EPL
2018-10-20,West Ham,Tottenham,0,1,A,13,10,4,2,2018_19,EPL
2018-10-20,Wolves,Watford,0,2,A,10,9,1,3,2018_19,EPL
2018-10-21,Everton,Crystal Palace,2,0,H,20,7,4,3,2018_19,EPL
2018-10-22,Arsenal,Leicester,3,1,H,19,8,6,2,2018_19,EPL
2018-10-27,Brighton,Wolves,1,0,H,2,25,1,7,2018_19,EPL
2018-10-27,Fulham,Bournemouth,0,3,A,11,12,1,5,2018_19,EPL
2018-10-27,Leicester,West Ham,1,1,D,21,11,7,3,2018_19,EPL
2018-10-27,Liverpool,Cardiff,4,1,H,19,2,7,1,2018_19,EPL
2018-10-27,Southampton,Newcastle,0,0,D,22,6,4,0,2018_19,EPL
2018-10-27,Watford,Huddersfield,3,0,H,12,13,6,7,2018_19,EPL
2018-10-28,Burnley,Chelsea,0,4,A,7,24,1,8,2018_19,EPL
2018-10-28,Crystal Palace,Arsenal,2,2,D,16,7,3,2,2018_19,EPL
2018-10-28,Man United,Everton,2,1,H,14,14,10,6,2018_19,EPL
2018-10-29,Tottenham,Man City,0,1,A,4,13,1,6,2018_19,EPL
2018-11-03,Arsenal,Liverpool,1,1,D,12,13,4,4,2018_19,EPL
2018-11-03,Bournemouth,Man United,1,2,A,18,18,7,8,2018_19,EPL
2018-11-03,Cardiff,Leicester,0,1,A,11,13,2,5,2018_19,EPL
2018-11-03,Everton,Brighton,3,1,H,14,5,3,3,2018_19,EPL
2018-11-03,Newcastle,Watford,1,0,H,10,16,2,1,2018_19,EPL
2018-11-03,West Ham,Burnley,4,2,H,22,6,10,3,2018_19,EPL
2018-11-03,Wolves,Tottenham,2,3,A,16,10,7,8,2018_19,EPL
2018-11-04,Chelsea,Crystal Palace,3,1,H,15,7,6,2,2018_19,EPL
2018-11-04,Man City,Southampton,6,1,H,18,12,8,6,2018_19,EPL
2018-11-05,Huddersfield,Fulham,1,0,H,10,7,2,1,2018_19,EPL
2018-11-10,Cardiff,Brighton,2,1,H,20,7,6,3,2018_19,EPL
2018-11-10,Crystal Palace,Tottenham,0,1,A,11,11,4,2,2018_19,EPL
2018-11-10,Huddersfield,West Ham,1,1,D,15,12,7,5,2018_19,EPL
2018-11-10,Leicester,Burnley,0,0,D,22,6,5,1,2018_19,EPL
2018-11-10,Newcastle,Bournemouth,2,1,H,18,14,6,4,2018_19,EPL
2018-11-10,Southampton,Watford,1,1,D,14,12,4,6,2018_19,EPL
2018-11-11,Arsenal,Wolves,1,1,D,10,12,3,5,2018_19,EPL
2018-11-11,Chelsea,Everton,0,0,D,15,6,4,1,2018_19,EPL
2018-11-11,Liverpool,Fulham,2,0,H,20,8,7,3,2018_19,EPL
2018-11-11,Man City,Man United,3,1,H,17,6,5,1,2018_19,EPL
2018-11-24,Brighton,Leicester,1,1,D,14,8,3,3,2018_19,EPL
2018-11-24,Everton,Cardiff,1,0,H,16,7,8,1,2018_19,EPL
2018-11-24,Fulham,Southampton,3,2,H,10,19,5,8,2018_19,EPL
2018-11-24,Man United,Crystal Palace,0,0,D,12,13,5,2,2018_19,EPL
2018-11-24,Tottenham,Chelsea,3,1,H,18,13,9,2,2018_19,EPL
2018-11-24,Watford,Liverpool,0,3,A,5,10,1,7,2018_19,EPL
2018-11-24,West Ham,Man City,0,4,A,9,9,1,6,2018_19,EPL
2018-11-25,Bournemouth,Arsenal,1,2,A,11,20,5,4,2018_19,EPL
2018-11-25,Wolves,Huddersfield,0,2,A,12,14,3,6,2018_19,EPL
2018-11-26,Burnley,Newcastle,1,2,A,14,17,4,3,2018_19,EPL
2018-11-30,Cardiff,Wolves,2,1,H,17,15,3,4,2018_19,EPL
2018-12-01,Crystal Palace,Burnley,2,0,H,29,4,9,0,2018_19,EPL
2018-12-01,Huddersfield,Brighton,1,2,A,7,14,2,6,2018_19,EPL
2018-12-01,Leicester,Watford,2,0,H,7,8,3,0,2018_19,EPL
2018-12-01,Man City,Bournemouth,3,1,H,16,4,6,1,2018_19,EPL
2018-12-01,Newcastle,West Ham,0,3,A,16,7,4,4,2018_19,EPL
2018-12-01,Southampton,Man United,2,2,D,16,11,6,5,2018_19,EPL
2018-12-02,Arsenal,Tottenham,4,2,H,22,11,7,6,2018_19,EPL
2018-12-02,Chelsea,Fulham,2,0,H,16,9,9,4,2018_19,EPL
2018-12-02,Liverpool,Everton,1,0,H,16,9,3,3,2018_19,EPL
2018-12-04,Bournemouth,Huddersfield,2,1,H,6,23,2,6,2018_19,EPL
2018-12-04,Brighton,Crystal Palace,3,1,H,9,18,3,5,2018_19,EPL
2018-12-04,Watford,Man City,1,2,A,11,15,7,7,2018_19,EPL
2018-12-04,West Ham,Cardiff,3,1,H,17,9,11,5,2018_19,EPL
2018-12-05,Burnley,Liverpool,1,3,A,10,18,6,12,2018_19,EPL
2018-12-05,Everton,Newcastle,1,1,D,19,8,3,5,2018_19,EPL
2018-12-05,Fulham,Leicester,1,1,D,25,13,7,5,2018_19,EPL
2018-12-05,Man United,Arsenal,2,2,D,10,9,7,4,2018_19,EPL
2018-12-05,Tottenham,Southampton,3,1,H,13,18,8,5,2018_19,EPL
2018-12-05,Wolves,Chelsea,2,1,H,6,17,2,3,2018_19,EPL
2018-12-08,Arsenal,Huddersfield,1,0,H,14,6,2,0,2018_19,EPL
2018-12-08,Bournemouth,Liverpool,0,4,A,8,10,2,4,2018_19,EPL
2018-12-08,Burnley,Brighton,1,0,H,14,14,4,1,2018_19,EPL
2018-12-08,Cardiff,Southampton,1,0,H,13,12,4,1,2018_19,EPL
2018-12-08,Chelsea,Man City,2,0,H,8,14,5,4,2018_19,EPL
2018-12-08,Leicester,Tottenham,0,2,A,11,7,3,2,2018_19,EPL
2018-12-08,Man United,Fulham,4,1,H,20,10,11,4,2018_19,EPL
2018-12-08,West Ham,Crystal Palace,3,2,H,13,8,6,4,2018_19,EPL
2018-12-09,Newcastle,Wolves,1,2,A,12,13,4,6,2018_19,EPL
2018-12-10,Everton,Watford,2,2,D,12,15,5,3,2018_19,EPL
2018-12-15,Crystal Palace,Leicester,1,0,H,8,12,1,2,2018_19,EPL
2018-12-15,Fulham,West Ham,0,2,A,16,6,4,3,2018_19,EPL
2018-12-15,Huddersfield,Newcastle,0,1,A,15,8,5,5,2018_19,EPL
2018-12-15,Man City,Everton,3,1,H,13,9,5,2,2018_19,EPL
2018-12-15,Tottenham,Burnley,1,0,H,15,4,3,0,2018_19,EPL
2018-12-15,Watford,Cardiff,3,2,H,17,10,8,3,2018_19,EPL
2018-12-15,Wolves,Bournemouth,2,0,H,9,13,3,3,2018_19,EPL
2018-12-16,Brighton,Chelsea,1,2,A,6,10,2,3,2018_19,EPL
2018-12-16,Liverpool,Man United,3,1,H,36,6,11,2,2018_19,EPL
2018-12-16,Southampton,Arsenal,3,2,H,12,13,7,4,2018_19,EPL
2018-12-21,Wolves,Liverpool,0,2,A,11,15,5,6,2018_19,EPL
2018-12-22,Arsenal,Burnley,3,1,H,10,7,6,2,2018_19,EPL
2018-12-22,Bournemouth,Brighton,2,0,H,14,10,3,5,2018_19,EPL
2018-12-22,Cardiff,Man United,1,5,A,9,17,3,9,2018_19,EPL
2018-12-22,Chelsea,Leicester,0,1,A,17,8,5,3,2018_19,EPL
2018-12-22,Huddersfield,Southampton,1,3,A,16,13,5,6,2018_19,EPL
2018-12-22,Man City,Crystal Palace,2,3,A,19,5,5,3,2018_19,EPL
2018-12-22,Newcastle,Fulham,0,0,D,9,4,0,2,2018_19,EPL
2018-12-22,West Ham,Watford,0,2,A,18,11,7,5,2018_19,EPL
2018-12-23,Everton,Tottenham,2,6,A,10,17,3,8,2018_19,EPL
2018-12-26,Brighton,Arsenal,1,1,D,12,7,3,4,2018_19,EPL
2018-12-26,Burnley,Everton,1,5,A,11,13,4,6,2018_19,EPL
2018-12-26,Crystal Palace,Cardiff,0,0,D,31,9,5,4,2018_19,EPL
2018-12-26,Fulham,Wolves,1,1,D,11,14,9,5,2018_19,EPL
2018-12-26,Leicester,Man City,2,1,H,10,11,5,4,2018_19,EPL
2018-12-26,Liverpool,Newcastle,4,0,H,16,6,8,2,2018_19,EPL
2018-12-26,Man United,Huddersfield,3,1,H,16,10,10,2,2018_19,EPL
2018-12-26,Tottenham,Bournemouth,5,0,H,10,14,7,4,2018_19,EPL
2018-12-26,Watford,Chelsea,1,2,A,10,10,2,4,2018_19,EPL
2018-12-27,Southampton,West Ham,1,2,A,11,16,5,5,2018_19,EPL
2018-12-29,Brighton,Everton,1,0,H,11,13,3,4,2018_19,EPL
2018-12-29,Fulham,Huddersfield,1,0,H,14,9,5,5,2018_19,EPL
2018-12-29,Leicester,Cardiff,0,1,A,16,12,7,3,2018_19,EPL
2018-12-29,Liverpool,Arsenal,5,1,H,15,8,10,2,2018_19,EPL
2018-12-29,Tottenham,Wolves,1,3,A,10,11,3,4,2018_19,EPL
2018-12-29,Watford,Newcastle,1,1,D,12,8,5,2,2018_19,EPL
2018-12-30,Burnley,West Ham,2,0,H,17,11,5,4,2018_19,EPL
2018-12-30,Crystal Palace,Chelsea,0,1,A,4,12,0,4,2018_19,EPL
2018-12-30,Man United,Bournemouth,4,1,H,11,7,8,3,2018_19,EPL
2018-12-30,Southampton,Man City,1,3,A,5,14,4,6,2018_19,EPL
2019-01-01,Arsenal,Fulham,4,1,H,16,9,9,4,2018_19,EPL
2019-01-01,Cardiff,Tottenham,0,3,A,6,13,3,4,2018_19,EPL
2019-01-01,Everton,Leicester,0,1,A,17,8,2,4,2018_19,EPL
2019-01-02,Bournemouth,Watford,3,3,D,25,11,12,3,2018_19,EPL
2019-01-02,Chelsea,Southampton,0,0,D,17,6,6,2,2018_19,EPL
2019-01-02,Huddersfield,Burnley,1,2,A,9,16,2,8,2018_19,EPL
2019-01-02,Newcastle,Man United,0,2,A,14,16,3,7,2018_19,EPL
2019-01-02,West Ham,Brighton,2,2,D,13,13,6,6,2018_19,EPL
2019-01-02,Wolves,Crystal Palace,0,2,A,9,17,1,4,2018_19,EPL
2019-01-03,Man City,Liverpool,2,1,H,9,7,4,5,2018_19,EPL
2019-01-12,Brighton,Liverpool,0,1,A,7,10,0,3,2018_19,EPL
2019-01-12,Burnley,Fulham,2,1,H,11,12,0,4,2018_19,EPL
2019-01-12,Cardiff,Huddersfield,0,0,D,3,14,0,2,2018_19,EPL
2019-01-12,Chelsea,Newcastle,2,1,H,10,9,6,2,2018_19,EPL
2019-01-12,Crystal Palace,Watford,1,2,A,15,16,6,2,2018_19,EPL
2019-01-12,Leicester,Southampton,1,2,A,23,8,6,3,2018_19,EPL
2019-01-12,West Ham,Arsenal,1,0,H,11,11,3,2,2018_19,EPL
2019-01-13,Everton,Bournemouth,2,0,H,15,16,3,7,2018_19,EPL
2019-01-13,Tottenham,Man United,0,1,A,21,13,11,8,2018_19,EPL
2019-01-14,Man City,Wolves,3,0,H,24,3,9,0,2018_19,EPL
2019-01-19,Arsenal,Chelsea,2,0,H,13,13,5,1,2018_19,EPL
2019-01-19,Bournemouth,West Ham,2,0,H,10,9,4,1,2018_19,EPL
2019-01-19,Liverpool,Crystal Palace,4,3,H,19,9,9,3,2018_19,EPL
2019-01-19,Man United,Brighton,2,1,H,20,7,5,3,2018_19,EPL
2019-01-19,Newcastle,Cardiff,3,0,H,16,9,6,1,2018_19,EPL
2019-01-19,Southampton,Everton,2,1,H,11,7,4,2,2018_19,EPL
2019-01-19,Watford,Burnley,0,0,D,9,11,4,3,2018_19,EPL
2019-01-19,Wolves,Leicester,4,3,H,12,16,7,6,2018_19,EPL
2019-01-20,Fulham,Tottenham,1,2,A,12,14,4,5,2018_19,EPL
2019-01-20,Huddersfield,Man City,0,3,A,5,12,2,4,2018_19,EPL
2019-01-29,Arsenal,Cardiff,2,1,H,15,19,4,2,2018_19,EPL
2019-01-29,Fulham,Brighton,4,2,H,24,15,7,6,2018_19,EPL
2019-01-29,Huddersfield,Everton,0,1,A,10,10,2,5,2018_19,EPL
2019-01-29,Man United,Burnley,2,2,D,28,6,9,4,2018_19,EPL
2019-01-29,Newcastle,Man City,2,1,H,6,12,2,4,2018_19,EPL
2019-01-29,Wolves,West Ham,3,0,H,20,4,9,0,2018_19,EPL
2019-01-30,Bournemouth,Chelsea,4,0,H,12,11,7,7,2018_19,EPL
2019-01-30,Liverpool,Leicester,1,1,D,10,5,3,2,2018_19,EPL
2019-01-30,Southampton,Crystal Palace,1,1,D,13,15,4,3,2018_19,EPL
2019-01-30,Tottenham,Watford,2,1,H,17,9,3,1,2018_19,EPL
2019-02-02,Brighton,Watford,0,0,D,21,5,4,0,2018_19,EPL
2019-02-02,Burnley,Southampton,1,1,D,15,10,6,4,2018_19,EPL
2019-02-02,Cardiff,Bournemouth,2,0,H,12,9,5,2,2018_19,EPL
2019-02-02,Chelsea,Huddersfield,5,0,H,23,5,7,2,2018_19,EPL
2019-02-02,Crystal Palace,Fulham,2,0,H,17,8,6,0,2018_19,EPL
2019-02-02,Everton,Wolves,1,3,A,13,8,4,4,2018_19,EPL
2019-02-02,Tottenham,Newcastle,1,0,H,21,8,4,2,2018_19,EPL
2019-02-03,Leicester,Man United,0,1,A,17,10,6,6,2018_19,EPL
2019-02-03,Man City,Arsenal,3,1,H,19,4,12,2,2018_19,EPL
2019-02-04,West Ham,Liverpool,1,1,D,13,11,2,6,2018_19,EPL
2019-02-06,Everton,Man City,0,2,A,4,15,1,4,2018_19,EPL
2019-02-09,Brighton,Burnley,1,3,A,16,9,6,5,2018_19,EPL
2019-02-09,Crystal Palace,West Ham,1,1,D,25,6,5,4,2018_19,EPL
2019-02-09,Fulham,Man United,0,3,A,15,15,3,7,2018_19,EPL
2019-02-09,Huddersfield,Arsenal,1,2,A,15,9,6,4,2018_19,EPL
2019-02-09,Liverpool,Bournemouth,3,0,H,20,12,9,2,2018_19,EPL
2019-02-09,Southampton,Cardiff,1,2,A,14,6,7,3,2018_19,EPL
2019-02-09,Watford,Everton,1,0,H,7,9,2,4,2018_19,EPL
2019-02-10,Man City,Chelsea,6,0,H,15,12,9,4,2018_19,EPL
2019-02-10,Tottenham,Leicester,3,1,H,12,20,5,9,2018_19,EPL
2019-02-11,Wolves,Newcastle,1,1,D,22,9,6,3,2018_19,EPL
2019-02-22,Cardiff,Watford,1,5,A,15,12,6,7,2018_19,EPL
2019-02-22,West Ham,Fulham,3,1,H,21,8,7,5,2018_19,EPL
2019-02-23,Bournemouth,Wolves,1,1,D,10,10,3,2,2018_19,EPL
2019-02-23,Burnley,Tottenham,2,1,H,10,17,4,6,2018_19,EPL
2019-02-23,Leicester,Crystal Palace,1,4,A,27,7,5,5,2018_19,EPL
2019-02-23,Newcastle,Huddersfield,2,0,H,29,3,12,1,2018_19,EPL
2019-02-24,Arsenal,Southampton,2,0,H,12,10,4,4,2018_19,EPL
2019-02-24,Man United,Liverpool,0,0,D,6,7,3,1,2018_19,EPL
2019-02-26,Cardiff,Everton,0,3,A,6,12,0,4,2018_19,EPL
2019-02-26,Huddersfield,Wolves,1,0,H,15,7,3,0,2018_19,EPL
2019-02-26,Leicester,Brighton,2,1,H,19,15,3,3,2018_19,EPL
2019-02-26,Newcastle,Burnley,2,0,H,12,12,3,2,2018_19,EPL
2019-02-27,Arsenal,Bournemouth,5,1,H,16,13,6,5,2018_19,EPL
2019-02-27,Chelsea,Tottenham,2,0,H,11,9,1,0,2018_19,EPL
2019-02-27,Crystal Palace,Man United,1,3,A,17,13,2,4,2018_19,EPL
2019-02-27,Liverpool,Watford,5,0,H,19,5,10,3,2018_19,EPL
2019-02-27,Man City,West Ham,1,0,H,20,2,7,1,2018_19,EPL
2019-02-27,Southampton,Fulham,2,0,H,14,14,4,4,2018_19,EPL
2019-03-02,Bournemouth,Man City,0,1,A,0,23,0,7,2018_19,EPL
2019-03-02,Brighton,Huddersfield,1,0,H,13,6,4,4,2018_19,EPL
2019-03-02,Burnley,Crystal Palace,1,3,A,18,10,4,4,2018_19,EPL
2019-03-02,Man United,Southampton,3,2,H,16,6,6,3,2018_19,EPL
2019-03-02,Tottenham,Arsenal,1,1,D,10,9,3,4,2018_19,EPL
2019-03-02,West Ham,Newcastle,2,0,H,10,17,4,2,2018_19,EPL
2019-03-02,Wolves,Cardiff,2,0,H,13,12,6,4,2018_19,EPL
2019-03-03,Everton,Liverpool,0,0,D,7,10,3,3,2018_19,EPL
2019-03-03,Fulham,Chelsea,1,2,A,12,20,5,7,2018_19,EPL
2019-03-03,Watford,Leicester,2,1,H,6,14,5,2,2018_19,EPL
2019-03-09,Cardiff,West Ham,2,0,H,16,9,7,2,2018_19,EPL
2019-03-09,Crystal Palace,Brighton,1,2,A,15,4,3,3,2018_19,EPL
2019-03-09,Huddersfield,Bournemouth,0,2,A,8,8,1,5,2018_19,EPL
2019-03-09,Leicester,Fulham,3,1,H,18,6,8,3,2018_19,EPL
2019-03-09,Man City,Watford,3,1,H,19,2,9,1,2018_19,EPL
2019-03-09,Newcastle,Everton,3,2,H,19,7,7,3,2018_19,EPL
2019-03-09,Southampton,Tottenham,2,1,H,12,16,4,5,2018_19,EPL
2019-03-10,Arsenal,Man United,2,0,H,14,14,3,4,2018_19,EPL
2019-03-10,Chelsea,Wolves,1,1,D,22,2,6,1,2018_19,EPL
2019-03-10,Liverpool,Burnley,4,2,H,23,3,5,2,2018_19,EPL
2019-03-16,Bournemouth,Newcastle,2,2,D,10,12,3,4,2018_19,EPL
2019-03-16,Burnley,Leicester,1,2,A,13,9,2,4,2018_19,EPL
2019-03-16,West Ham,Huddersfield,4,3,H,16,15,5,5,2018_19,EPL
2019-03-17,Everton,Chelsea,2,0,H,15,16,8,5,2018_19,EPL
2019-03-17,Fulham,Liverpool,1,2,A,7,16,2,6,2018_19,EPL
2019-03-30,Brighton,Southampton,0,1,A,14,8,1,2,2018_19,EPL
2019-03-30,Burnley,Wolves,2,0,H,5,8,1,1,2018_19,EPL
2019-03-30,Crystal Palace,Huddersfield,2,0,H,19,15,5,5,2018_19,EPL
2019-03-30,Fulham,Man City,0,2,A,5,24,0,7,2018_19,EPL
2019-03-30,Leicester,Bournemouth,2,0,H,18,8,4,2,2018_19,EPL
2019-03-30,Man United,Watford,2,1,H,8,20,5,8,2018_19,EPL
2019-03-30,West Ham,Everton,0,2,A,3,17,1,9,2018_19,EPL
2019-03-31,Cardiff,Chelsea,1,2,A,8,21,3,3,2018_19,EPL
2019-03-31,Liverpool,Tottenham,2,1,H,14,11,3,2,2018_19,EPL
2019-04-01,Arsenal,Newcastle,2,0,H,7,3,4,1,2018_19,EPL
2019-04-02,Watford,Fulham,4,1,H,15,17,7,7,2018_19,EPL
2019-04-02,Wolves,Man United,2,1,H,9,18,2,4,2018_19,EPL
2019-04-03,Chelsea,Brighton,3,0,H,17,3,4,1,2018_19,EPL
2019-04-03,Man City,Cardiff,2,0,H,27,4,11,1,2018_19,EPL
2019-04-03,Tottenham,Crystal Palace,2,0,H,26,5,10,1,2018_19,EPL
2019-04-05,Southampton,Liverpool,1,3,A,11,17,1,5,2018_19,EPL
2019-04-06,Bournemouth,Burnley,1,3,A,10,11,2,3,2018_19,EPL
2019-04-06,Huddersfield,Leicester,1,4,A,10,18,4,9,2018_19,EPL
2019-04-06,Newcastle,Crystal Palace,0,1,A,18,3,5,1,2018_19,EPL
2019-04-07,Everton,Arsenal,1,0,H,23,7,6,2,2018_19,EPL
2019-04-08,Chelsea,West Ham,2,0,H,16,9,7,2,2018_19,EPL
2019-04-12,Leicester,Newcastle,0,1,A,12,11,5,5,2018_19,EPL
2019-04-13,Brighton,Bournemouth,0,5,A,8,14,1,7,2018_19,EPL
2019-04-13,Burnley,Cardiff,2,0,H,14,14,7,2,2018_19,EPL
2019-04-13,Fulham,Everton,2,0,H,12,8,5,1,2018_19,EPL
2019-04-13,Man United,West Ham,2,1,H,14,18,4,4,2018_19,EPL
2019-04-13,Southampton,Wolves,3,1,H,13,17,6,2,2018_19,EPL
2019-04-13,Tottenham,Huddersfield,4,0,H,22,7,5,1,2018_19,EPL
2019-04-14,Crystal Palace,Man City,1,3,A,7,20,3,6,2018_19,EPL
2019-04-14,Liverpool,Chelsea,2,0,H,15,6,7,3,2018_19,EPL
2019-04-15,Watford,Arsenal,0,1,A,11,19,3,6,2018_19,EPL
2019-04-16,Brighton,Cardiff,0,2,A,14,10,2,3,2018_19,EPL
2019-04-20,Bournemouth,Fulham,0,1,A,15,17,5,5,2018_19,EPL
2019-04-20,Huddersfield,Watford,1,2,A,13,11,3,6,2018_19,EPL
2019-04-20,Man City,Tottenham,1,0,H,15,10,4,4,2018_19,EPL
2019-04-20,Newcastle,Southampton,3,1,H,15,15,6,3,2018_19,EPL
2019-04-20,West Ham,Leicester,2,2,D,11,11,3,5,2018_19,EPL
2019-04-20,Wolves,Brighton,0,0,D,22,5,5,0,2018_19,EPL
2019-04-21,Arsenal,Crystal Palace,2,3,A,12,16,5,7,2018_19,EPL
2019-04-21,Cardiff,Liverpool,0,2,A,7,17,2,6,2018_19,EPL
2019-04-21,Everton,Man United,4,0,H,15,7,8,1,2018_19,EPL
2019-04-22,Chelsea,Burnley,2,2,D,22,6,9,3,2018_19,EPL
2019-04-23,Tottenham,Brighton,1,0,H,29,6,5,1,2018_19,EPL
2019-04-23,Watford,Southampton,1,1,D,15,8,4,4,2018_19,EPL
2019-04-24,Man United,Man City,0,2,A,12,8,1,5,2018_19,EPL
2019-04-24,Wolves,Arsenal,3,1,H,11,11,3,1,2018_19,EPL
2019-04-26,Liverpool,Huddersfield,5,0,H,21,5,7,1,2018_19,EPL
2019-04-27,Brighton,Newcastle,1,1,D,9,9,2,1,2018_19,EPL
2019-04-27,Crystal Palace,Everton,0,0,D,8,22,0,3,2018_19,EPL
2019-04-27,Fulham,Cardiff,1,0,H,8,13,2,8,2018_19,EPL
2019-04-27,Southampton,Bournemouth,3,3,D,22,9,7,5,2018_19,EPL
2019-04-27,Tottenham,West Ham,0,1,A,14,16,4,7,2018_19,EPL
2019-04-27,Watford,Wolves,1,2,A,10,11,1,4,2018_19,EPL
2019-04-28,Burnley,Man City,0,1,A,2,25,0,7,2018_19,EPL
2019-04-28,Leicester,Arsenal,3,0,H,24,6,12,1,2018_19,EPL
2019-04-28,Man United,Chelsea,1,1,D,7,16,5,3,2018_19,EPL
2019-05-03,Everton,Burnley,2,0,H,20,5,6,1,2018_19,EPL
2019-05-04,Bournemouth,Tottenham,1,0,H,20,11,6,5,2018_19,EPL
2019-05-04,Cardiff,Crystal Palace,2,3,A,18,21,8,7,2018_19,EPL
2019-05-04,Newcastle,Liverpool,2,3,A,14,11,7,4,2018_19,EPL
2019-05-04,West Ham,Southampton,3,0,H,17,11,6,1,2018_19,EPL
2019-05-04,Wolves,Fulham,1,0,H,19,6,6,2,2018_19,EPL
2019-05-05,Arsenal,Brighton,1,1,D,20,11,8,5,2018_19,EPL
2019-05-05,Chelsea,Watford,3,0,H,19,15,9,3,2018_19,EPL
2019-05-05,Huddersfield,Man United,1,1,D,7,23,3,7,2018_19,EPL
2019-05-06,Man City,Leicester,1,0,H,19,7,5,2,2018_19,EPL
2019-05-12,Brighton,Man City,1,4,A,6,20,2,9,2018_19,EPL
2019-05-12,Burnley,Arsenal,1,3,A,14,17,5,6,2018_19,EPL
2019-05-12,Crystal Palace,Bournemouth,5,3,H,17,16,8,8,2018_19,EPL
2019-05-12,Fulham,Newcastle,0,4,A,16,13,2,6,2018_19,EPL
2019-05-12,Leicester,Chelsea,0,0,D,9,14,3,4,2018_19,EPL
2019-05-12,Liverpool,Wolves,2,0,H,13,7,5,2,2018_19,EPL
2019-05-12,Man United,Cardiff,0,2,A,26,13,10,4,2018_19,EPL
2019-05-12,Southampton,Huddersfield,1,1,D,10,10,3,3,2018_19,EPL
2019-05-12,Tottenham,Everton,2,2,D,11,17,3,9,2018_19,EPL
2019-05-12,Watford,West Ham,1,4,A,17,16,8,9,2018_19,EPL
2019-08-09,Liverpool,Norwich,4,1,H,15,12,7,5,2019_20,EPL
2019-08-10,West Ham,Man City,0,5,A,5,14,3,9,2019_20,EPL
2019-08-10,Bournemouth,Sheffield United,1,1,D,13,8,3,3,2019_20,EPL
2019-08-10,Burnley,Southampton,3,0,H,10,11,4,3,2019_20,EPL
2019-08-10,Crystal Palace,Everton,0,0,D,6,10,2,3,2019_20,EPL
2019-08-10,Watford,Brighton,0,3,A,11,5,3,3,2019_20,EPL
2019-08-10,Tottenham,Aston Villa,3,1,H,31,7,7,4,2019_20,EPL
2019-08-11,Leicester,Wolves,0,0,D,15,8,1,2,2019_20,EPL
2019-08-11,Newcastle,Arsenal,0,1,A,9,8,2,2,2019_20,EPL
2019-08-11,Man United,Chelsea,4,0,H,11,18,5,7,2019_20,EPL
2019-08-17,Arsenal,Burnley,2,1,H,16,18,9,5,2019_20,EPL
2019-08-17,Aston Villa,Bournemouth,1,2,A,22,12,7,4,2019_20,EPL
2019-08-17,Brighton,West Ham,1,1,D,16,8,4,3,2019_20,EPL
2019-08-17,Everton,Watford,1,0,H,12,8,2,2,2019_20,EPL
2019-08-17,Norwich,Newcastle,3,1,H,15,10,8,3,2019_20,EPL
2019-08-17,Southampton,Liverpool,1,2,A,14,15,3,6,2019_20,EPL
2019-08-17,Man City,Tottenham,2,2,D,30,3,10,2,2019_20,EPL
2019-08-18,Sheffield United,Crystal Palace,1,0,H,15,6,3,4,2019_20,EPL
2019-08-18,Chelsea,Leicester,1,1,D,14,12,5,3,2019_20,EPL
2019-08-19,Wolves,Man United,1,1,D,6,9,2,2,2019_20,EPL
2019-08-23,Aston Villa,Everton,2,0,H,7,12,3,1,2019_20,EPL
2019-08-24,Norwich,Chelsea,2,3,A,6,23,5,8,2019_20,EPL
2019-08-24,Brighton,Southampton,0,2,A,12,12,3,4,2019_20,EPL
2019-08-24,Man United,Crystal Palace,1,2,A,22,5,3,3,2019_20,EPL
2019-08-24,Sheffield United,Leicester,1,2,A,8,10,3,2,2019_20,EPL
2019-08-24,Watford,West Ham,1,3,A,23,16,3,10,2019_20,EPL
2019-08-24,Liverpool,Arsenal,3,1,H,25,9,5,3,2019_20,EPL
2019-08-25,Bournemouth,Man City,1,3,A,10,19,7,5,2019_20,EPL
2019-08-25,Tottenham,Newcastle,0,1,A,17,8,2,3,2019_20,EPL
2019-08-25,Wolves,Burnley,1,1,D,17,13,2,4,2019_20,EPL
2019-08-31,Southampton,Man United,1,1,D,10,21,2,8,2019_20,EPL
2019-08-31,Chelsea,Sheffield United,2,2,D,13,8,5,2,2019_20,EPL
2019-08-31,Crystal Palace,Aston Villa,1,0,H,22,10,5,2,2019_20,EPL
2019-08-31,Leicester,Bournemouth,3,1,H,13,8,5,2,2019_20,EPL
2019-08-31,Man City,Brighton,4,0,H,15,6,6,2,2019_20,EPL
2019-08-31,Newcastle,Watford,1,1,D,13,13,5,3,2019_20,EPL
2019-08-31,West Ham,Norwich,2,0,H,18,8,8,3,2019_20,EPL
2019-08-31,Burnley,Liverpool,0,3,A,7,15,2,7,2019_20,EPL
2019-09-01,Everton,Wolves,3,2,H,15,8,6,5,2019_20,EPL
2019-09-01,Arsenal,Tottenham,2,2,D,26,13,8,9,2019_20,EPL
2019-09-14,Liverpool,Newcastle,3,1,H,21,8,9,1,2019_20,EPL
2019-09-14,Brighton,Burnley,1,1,D,14,7,5,1,2019_20,EPL
2019-09-14,Man United,Leicester,1,0,H,10,9,5,3,2019_20,EPL
2019-09-14,Sheffield United,Southampton,0,1,A,17,11,4,7,2019_20,EPL
2019-09-14,Tottenham,Crystal Palace,4,0,H,13,11,5,6,2019_20,EPL
2019-09-14,Wolves,Chelsea,2,5,A,11,15,4,6,2019_20,EPL
2019-09-14,Norwich,Man City,3,2,H,7,25,3,8,2019_20,EPL
2019-09-15,Bournemouth,Everton,3,1,H,13,14,6,5,2019_20,EPL
2019-09-15,Watford,Arsenal,2,2,D,31,10,7,4,2019_20,EPL
2019-09-16,Aston Villa,West Ham,0,0,D,10,13,5,1,2019_20,EPL
2019-09-20,Southampton,Bournemouth,1,3,A,25,6,6,3,2019_20,EPL
2019-09-21,Leicester,Tottenham,2,1,H,16,11,7,4,2019_20,EPL
2019-09-21,Burnley,Norwich,2,0,H,13,11,6,2,2019_20,EPL
2019-09-21,Everton,Sheffield United,0,2,A,16,2,3,1,2019_20,EPL
2019-09-21,Man City,Watford,8,0,H,28,5,11,4,2019_20,EPL
2019-09-21,Newcastle,Brighton,0,0,D,11,16,4,3,2019_20,EPL
2019-09-22,Crystal Palace,Wolves,1,1,D,13,14,4,4,2019_20,EPL
2019-09-22,West Ham,Man United,2,0,H,8,9,6,3,2019_20,EPL
2019-09-22,Arsenal,Aston Villa,3,2,H,21,14,6,9,2019_20,EPL
2019-09-22,Chelsea,Liverpool,1,2,A,13,6,2,3,2019_20,EPL
2019-09-28,Sheffield United,Liverpool,0,1,A,12,16,2,4,2019_20,EPL
2019-09-28,Aston Villa,Burnley,2,2,D,16,10,3,3,2019_20,EPL
2019-09-28,Bournemouth,West Ham,2,2,D,13,17,5,6,2019_20,EPL
2019-09-28,Chelsea,Brighton,2,0,H,24,8,10,1,2019_20,EPL
2019-09-28,Crystal Palace,Norwich,2,0,H,15,10,3,3,2019_20,EPL
2019-09-28,Tottenham,Southampton,2,1,H,9,14,4,6,2019_20,EPL
2019-09-28,Wolves,Watford,2,0,H,6,14,2,5,2019_20,EPL
2019-09-28,Everton,Man City,1,3,A,12,20,8,9,2019_20,EPL
2019-09-29,Leicester,Newcastle,5,0,H,13,3,5,0,2019_20,EPL
2019-09-30,Man United,Arsenal,1,1,D,16,10,4,5,2019_20,EPL
2019-10-05,Brighton,Tottenham,3,0,H,17,8,6,3,2019_20,EPL
2019-10-05,Burnley,Everton,1,0,H,9,11,3,2,2019_20,EPL
2019-10-05,Liverpool,Leicester,2,1,H,18,2,8,1,2019_20,EPL
2019-10-05,Norwich,Aston Villa,1,5,A,21,22,5,12,2019_20,EPL
2019-10-05,Watford,Sheffield United,0,0,D,8,9,2,3,2019_20,EPL
2019-10-05,West Ham,Crystal Palace,1,2,A,9,7,4,4,2019_20,EPL
2019-10-06,Arsenal,Bournemouth,1,0,H,12,10,2,2,2019_20,EPL
2019-10-06,Man City,Wolves,0,2,A,18,7,2,2,2019_20,EPL
2019-10-06,Southampton,Chelsea,1,4,A,10,13,3,7,2019_20,EPL
2019-10-06,Newcastle,Man United,1,0,H,12,12,2,3,2019_20,EPL
2019-10-19,Everton,West Ham,2,0,H,19,8,10,4,2019_20,EPL
2019-10-19,Aston Villa,Brighton,2,1,H,24,20,8,5,2019_20,EPL
2019-10-19,Bournemouth,Norwich,0,0,D,11,10,2,1,2019_20,EPL
2019-10-19,Chelsea,Newcastle,1,0,H,16,5,8,0,2019_20,EPL
2019-10-19,Leicester,Burnley,2,1,H,19,13,3,4,2019_20,EPL
2019-10-19,Tottenham,Watford,1,1,D,12,7,2,2,2019_20,EPL
2019-10-19,Wolves,Southampton,1,1,D,4,14,1,5,2019_20,EPL
2019-10-19,Crystal Palace,Man City,0,2,A,7,21,2,10,2019_20,EPL
2019-10-20,Man United,Liverpool,1,1,D,7,10,2,4,2019_20,EPL
2019-10-21,Sheffield United,Arsenal,1,0,H,8,9,2,3,2019_20,EPL
2019-10-25,Southampton,Leicester,0,9,A,6,25,3,15,2019_20,EPL
2019-10-26,Man City,Aston Villa,3,0,H,25,11,9,5,2019_20,EPL
2019-10-26,Brighton,Everton,3,2,H,8,10,4,6,2019_20,EPL
2019-10-26,Watford,Bournemouth,0,0,D,7,15,3,5,2019_20,EPL
2019-10-26,West Ham,Sheffield United,1,1,D,12,10,4,4,2019_20,EPL
2019-10-26,Burnley,Chelsea,2,4,A,13,16,5,7,2019_20,EPL
2019-10-27,Newcastle,Wolves,1,1,D,13,13,2,5,2019_20,EPL
2019-10-27,Arsenal,Crystal Palace,2,2,D,15,10,6,4,2019_20,EPL
2019-10-27,Liverpool,Tottenham,2,1,H,21,11,13,4,2019_20,EPL
2019-10-27,Norwich,Man United,1,3,A,10,21,3,11,2019_20,EPL
2019-11-02,Bournemouth,Man United,1,0,H,12,15,6,4,2019_20,EPL
2019-11-02,Arsenal,Wolves,1,1,D,10,25,4,8,2019_20,EPL
2019-11-02,Aston Villa,Liverpool,1,2,A,5,25,2,6,2019_20,EPL
2019-11-02,Brighton,Norwich,2,0,H,21,7,5,0,2019_20,EPL
2019-11-02,Man City,Southampton,2,1,H,26,3,4,3,2019_20,EPL
2019-11-02,Sheffield United,Burnley,3,0,H,13,6,6,0,2019_20,EPL
2019-11-02,West Ham,Newcastle,2,3,A,16,12,6,9,2019_20,EPL
2019-11-02,Watford,Chelsea,1,2,A,12,16,3,10,2019_20,EPL
2019-11-03,Crystal Palace,Leicester,0,2,A,12,14,3,5,2019_20,EPL
2019-11-03,Everton,Tottenham,1,1,D,7,4,3,2,2019_20,EPL
2019-11-08,Norwich,Watford,0,2,A,17,12,5,2,2019_20,EPL
2019-11-09,Chelsea,Crystal Palace,2,0,H,23,3,5,1,2019_20,EPL
2019-11-09,Burnley,West Ham,3,0,H,14,7,12,4,2019_20,EPL
2019-11-09,Newcastle,Bournemouth,2,1,H,20,16,9,3,2019_20,EPL
2019-11-09,Southampton,Everton,1,2,A,4,24,3,5,2019_20,EPL
2019-11-09,Tottenham,Sheffield United,1,1,D,17,14,5,4,2019_20,EPL
2019-11-09,Leicester,Arsenal,2,0,H,19,8,7,1,2019_20,EPL
2019-11-10,Man United,Brighton,3,1,H,21,6,11,2,2019_20,EPL
2019-11-10,Wolves,Aston Villa,2,1,H,17,13,5,4,2019_20,EPL
2019-11-10,Liverpool,Man City,3,1,H,12,18,5,3,2019_20,EPL
2019-11-23,West Ham,Tottenham,2,3,A,11,15,4,6,2019_20,EPL
2019-11-23,Arsenal,Southampton,2,2,D,12,21,5,6,2019_20,EPL
2019-11-23,Bournemouth,Wolves,1,2,A,9,17,2,7,2019_20,EPL
2019-11-23,Brighton,Leicester,0,2,A,7,19,0,9,2019_20,EPL
2019-11-23,Crystal Palace,Liverpool,1,2,A,16,12,6,4,2019_20,EPL
2019-11-23,Everton,Norwich,0,2,A,18,13,7,5,2019_20,EPL
2019-11-23,Watford,Burnley,0,3,A,15,11,4,5,2019_20,EPL
2019-11-23,Man City,Chelsea,2,1,H,15,11,4,2,2019_20,EPL
2019-11-24,Sheffield United,Man United,3,3,D,12,11,8,5,2019_20,EPL
2019-11-25,Aston Villa,Newcastle,2,0,H,17,11,8,5,2019_20,EPL
2019-11-30,Newcastle,Man City,2,2,D,6,24,3,9,2019_20,EPL
2019-11-30,Burnley,Crystal Palace,0,2,A,15,7,4,2,2019_20,EPL
2019-11-30,Chelsea,West Ham,0,1,A,19,5,6,4,2019_20,EPL
2019-11-30,Liverpool,Brighton,2,1,H,15,12,7,5,2019_20,EPL
2019-11-30,Tottenham,Bournemouth,3,2,H,15,20,5,6,2019_20,EPL
2019-11-30,Southampton,Watford,2,1,H,11,6,6,3,2019_20,EPL
2019-12-01,Norwich,Arsenal,2,2,D,15,16,8,7,2019_20,EPL
2019-12-01,Wolves,Sheffield United,1,1,D,13,9,3,4,2019_20,EPL
2019-12-01,Leicester,Everton,2,1,H,16,11,6,3,2019_20,EPL
2019-12-01,Man United,Aston Villa,2,2,D,16,9,6,3,2019_20,EPL
2019-12-03,Crystal Palace,Bournemouth,1,0,H,7,6,2,3,2019_20,EPL
2019-12-03,Burnley,Man City,1,4,A,4,17,2,8,2019_20,EPL
2019-12-04,Chelsea,Aston Villa,2,1,H,25,9,9,3,2019_20,EPL
2019-12-04,Leicester,Watford,2,0,H,12,4,6,1,2019_20,EPL
2019-12-04,Man United,Tottenham,2,1,H,12,8,7,5,2019_20,EPL
2019-12-04,Southampton,Norwich,2,1,H,14,10,5,3,2019_20,EPL
2019-12-04,Wolves,West Ham,2,0,H,13,6,7,3,2019_20,EPL
2019-12-04,Liverpool,Everton,5,2,H,11,12,5,4,2019_20,EPL
2019-12-05,Sheffield United,Newcastle,0,2,A,13,6,6,4,2019_20,EPL
2019-12-05,Arsenal,Brighton,1,2,A,12,20,5,9,2019_20,EPL
2019-12-07,Everton,Chelsea,3,1,H,13,15,7,4,2019_20,EPL
2019-12-07,Bournemouth,Liverpool,0,3,A,3,21,0,9,2019_20,EPL
2019-12-07,Tottenham,Burnley,5,0,H,13,7,7,1,2019_20,EPL
2019-12-07,Watford,Crystal Palace,0,0,D,13,3,3,0,2019_20,EPL
2019-12-07,Man City,Man United,1,2,A,22,11,5,7,2019_20,EPL
2019-12-08,Aston Villa,Leicester,1,4,A,15,23,2,8,2019_20,EPL
2019-12-08,Newcastle,Southampton,2,1,H,12,19,6,4,2019_20,EPL
2019-12-08,Norwich,Sheffield United,1,2,A,14,9,4,3,2019_20,EPL
2019-12-08,Brighton,Wolves,2,2,D,13,13,4,5,2019_20,EPL
2019-12-09,West Ham,Arsenal,1,3,A,11,10,4,3,2019_20,EPL
2019-12-14,Liverpool,Watford,2,0,H,16,8,6,2,2019_20,EPL
2019-12-14,Burnley,Newcastle,1,0,H,7,9,4,0,2019_20,EPL
2019-12-14,Chelsea,Bournemouth,0,1,A,18,11,5,2,2019_20,EPL
2019-12-14,Leicester,Norwich,1,1,D,18,10,5,3,2019_20,EPL
2019-12-14,Sheffield United,Aston Villa,2,0,H,7,8,3,0,2019_20,EPL
2019-12-14,Southampton,West Ham,0,1,A,11,11,2,4,2019_20,EPL
2019-12-15,Man United,Everton,1,1,D,24,8,8,3,2019_20,EPL
2019-12-15,Wolves,Tottenham,1,2,A,18,9,5,5,2019_20,EPL
2019-12-15,Arsenal,Man City,0,3,A,6,14,1,7,2019_20,EPL
2019-12-16,Crystal Palace,Brighton,1,1,D,11,15,4,10,2019_20,EPL
2019-12-21,Everton,Arsenal,0,0,D,9,6,0,2,2019_20,EPL
2019-12-21,Aston Villa,Southampton,1,3,A,19,17,6,8,2019_20,EPL
2019-12-21,Bournemouth,Burnley,0,1,A,3,2,0,1,2019_20,EPL
2019-12-21,Brighton,Sheffield United,0,1,A,9,7,2,2,2019_20,EPL
2019-12-21,Newcastle,Crystal Palace,1,0,H,8,16,3,4,2019_20,EPL
2019-12-21,Norwich,Wolves,1,2,A,13,14,7,4,2019_20,EPL
2019-12-21,Man City,Leicester,3,1,H,23,5,12,2,2019_20,EPL
2019-12-22,Watford,Man United,2,0,H,11,17,3,8,2019_20,EPL
2019-12-22,Tottenham,Chelsea,0,2,A,5,13,1,3,2019_20,EPL
2019-12-26,Tottenham,Brighton,2,1,H,11,11,5,5,2019_20,EPL
2019-12-26,Aston Villa,Norwich,1,0,H,11,16,2,6,2019_20,EPL
2019-12-26,Bournemouth,Arsenal,1,1,D,12,17,4,2,2019_20,EPL
2019-12-26,Chelsea,Southampton,0,2,A,10,5,3,3,2019_20,EPL
2019-12-26,Crystal Palace,West Ham,2,1,H,13,10,4,2,2019_20,EPL
2019-12-26,Everton,Burnley,1,0,H,21,6,5,0,2019_20,EPL
2019-12-26,Sheffield United,Watford,1,1,D,16,5,4,2,2019_20,EPL
2019-12-26,Man United,Newcastle,4,1,H,22,7,10,2,2019_20,EPL
2019-12-26,Leicester,Liverpool,0,4,A,3,15,0,6,2019_20,EPL
2019-12-27,Wolves,Man City,3,2,H,20,7,8,3,2019_20,EPL
2019-12-28,Brighton,Bournemouth,2,0,H,16,10,6,2,2019_20,EPL
2019-12-28,Newcastle,Everton,1,2,A,20,22,5,9,2019_20,EPL
2019-12-28,Southampton,Crystal Palace,1,1,D,14,5,5,2,2019_20,EPL
2019-12-28,Watford,Aston Villa,3,0,H,20,11,6,2,2019_20,EPL
2019-12-28,Norwich,Tottenham,2,2,D,5,15,2,7,2019_20,EPL
2019-12-28,West Ham,Leicester,1,2,A,14,13,4,8,2019_20,EPL
2019-12-28,Burnley,Man United,0,2,A,8,14,1,5,2019_20,EPL
2019-12-29,Arsenal,Chelsea,1,2,A,7,13,2,4,2019_20,EPL
2019-12-29,Liverpool,Wolves,1,0,H,10,10,3,2,2019_20,EPL
2019-12-29,Man City,Sheffield United,2,0,H,16,8,4,0,2019_20,EPL
2020-01-01,Brighton,Chelsea,1,1,D,16,16,5,5,2019_20,EPL
2020-01-01,Burnley,Aston Villa,1,2,A,20,11,1,6,2019_20,EPL
2020-01-01,Newcastle,Leicester,0,3,A,5,17,2,10,2019_20,EPL
2020-01-01,Southampton,Tottenham,1,0,H,12,11,3,5,2019_20,EPL
2020-01-01,Watford,Wolves,2,1,H,9,16,3,4,2019_20,EPL
2020-01-01,Man City,Everton,2,1,H,16,7,7,2,2019_20,EPL
2020-01-01,Norwich,Crystal Palace,1,1,D,15,12,4,3,2019_20,EPL
2020-01-01,West Ham,Bournemouth,4,0,H,14,3,7,2,2019_20,EPL
2020-01-01,Arsenal,Man United,2,0,H,10,10,4,4,2019_20,EPL
2020-01-02,Liverpool,Sheffield United,2,0,H,19,3,7,2,2019_20,EPL
2020-01-10,Sheffield United,West Ham,1,0,H,13,7,3,2,2019_20,EPL
2020-01-11,Crystal Palace,Arsenal,1,1,D,6,7,3,4,2019_20,EPL
2020-01-11,Chelsea,Burnley,3,0,H,18,7,8,2,2019_20,EPL
2020-01-11,Everton,Brighton,1,0,H,14,9,6,2,2019_20,EPL
2020-01-11,Leicester,Southampton,1,2,A,5,16,5,10,2019_20,EPL
2020-01-11,Man United,Norwich,4,0,H,13,8,6,3,2019_20,EPL
2020-01-11,Wolves,Newcastle,1,1,D,9,5,4,1,2019_20,EPL
2020-01-11,Tottenham,Liverpool,0,1,A,14,13,4,7,2019_20,EPL
2020-01-12,Bournemouth,Watford,0,3,A,10,18,1,6,2019_20,EPL
2020-01-12,Aston Villa,Man City,1,6,A,7,22,1,12,2019_20,EPL
2020-01-18,Watford,Tottenham,0,0,D,15,17,2,5,2019_20,EPL
2020-01-18,Arsenal,Sheffield United,1,1,D,11,12,4,4,2019_20,EPL
2020-01-18,Brighton,Aston Villa,1,1,D,10,8,2,3,2019_20,EPL
2020-01-18,Man City,Crystal Palace,2,2,D,25,5,6,3,2019_20,EPL
2020-01-18,Norwich,Bournemouth,1,0,H,16,6,5,3,2019_20,EPL
2020-01-18,Southampton,Wolves,2,3,A,11,8,5,4,2019_20,EPL
2020-01-18,West Ham,Everton,1,1,D,12,11,6,3,2019_20,EPL
2020-01-18,Newcastle,Chelsea,1,0,H,7,19,2,4,2019_20,EPL
2020-01-19,Burnley,Leicester,2,1,H,8,18,5,8,2019_20,EPL
2020-01-19,Liverpool,Man United,2,0,H,16,9,5,4,2019_20,EPL
2020-01-21,Aston Villa,Watford,2,1,H,16,8,5,2,2019_20,EPL
2020-01-21,Bournemouth,Brighton,3,1,H,11,21,3,8,2019_20,EPL
2020-01-21,Crystal Palace,Southampton,0,2,A,6,15,0,6,2019_20,EPL
2020-01-21,Everton,Newcastle,2,2,D,17,8,8,2,2019_20,EPL
2020-01-21,Sheffield United,Man City,0,1,A,4,18,1,5,2019_20,EPL
2020-01-21,Chelsea,Arsenal,2,2,D,19,2,8,2,2019_20,EPL
2020-01-22,Leicester,West Ham,4,1,H,19,6,8,2,2019_20,EPL
2020-01-22,Tottenham,Norwich,2,1,H,14,12,3,2,2019_20,EPL
2020-01-22,Man United,Burnley,0,2,A,24,5,7,2,2019_20,EPL
2020-01-23,Wolves,Liverpool,1,2,A,10,13,3,6,2019_20,EPL
2020-01-29,West Ham,Liverpool,0,2,A,7,13,4,5,2019_20,EPL
2020-02-01,Leicester,Chelsea,2,2,D,14,7,4,3,2019_20,EPL
2020-02-01,Bournemouth,Aston Villa,2,1,H,16,18,6,5,2019_20,EPL
2020-02-01,Crystal Palace,Sheffield United,0,1,A,13,10,3,3,2019_20,EPL
2020-02-01,Liverpool,Southampton,4,0,H,16,17,9,4,2019_20,EPL
2020-02-01,Newcastle,Norwich,0,0,D,15,19,5,4,2019_20,EPL
2020-02-01,Watford,Everton,2,3,A,11,12,2,5,2019_20,EPL
2020-02-01,West Ham,Brighton,3,3,D,12,19,6,6,2019_20,EPL
2020-02-01,Man United,Wolves,0,0,D,15,14,5,3,2019_20,EPL
2020-02-02,Burnley,Arsenal,0,0,D,15,13,2,2,2019_20,EPL
2020-02-02,Tottenham,Man City,2,0,H,3,18,3,5,2019_20,EPL
2020-02-08,Everton,Crystal Palace,3,1,H,14,10,8,2,2019_20,EPL
2020-02-08,Brighton,Watford,1,1,D,10,5,2,2,2019_20,EPL
2020-02-09,Sheffield United,Bournemouth,2,1,H,16,10,6,2,2019_20,EPL
2020-02-14,Wolves,Leicester,0,0,D,15,9,3,3,2019_20,EPL
2020-02-15,Southampton,Burnley,1,2,A,10,9,2,6,2019_20,EPL
2020-02-15,Norwich,Liverpool,0,1,A,5,17,1,6,2019_20,EPL
2020-02-16,Aston Villa,Tottenham,2,3,A,18,23,4,10,2019_20,EPL
2020-02-16,Arsenal,Newcastle,4,0,H,15,10,7,2,2019_20,EPL
2020-02-17,Chelsea,Man United,0,2,A,17,9,1,3,2019_20,EPL
2020-02-19,Man City,West Ham,2,0,H,20,3,7,0,2019_20,EPL
2020-02-22,Chelsea,Tottenham,2,1,H,17,5,7,3,2019_20,EPL
2020-02-22,Burnley,Bournemouth,3,0,H,16,12,10,4,2019_20,EPL
2020-02-22,Crystal Palace,Newcastle,1,0,H,18,8,9,2,2019_20,EPL
2020-02-22,Sheffield United,Brighton,1,1,D,14,8,3,2,2019_20,EPL
2020-02-22,Southampton,Aston Villa,2,0,H,28,4,9,1,2019_20,EPL
2020-02-22,Leicester,Man City,0,1,A,10,18,3,7,2019_20,EPL
2020-02-23,Man United,Watford,3,0,H,21,7,9,2,2019_20,EPL
2020-02-23,Wolves,Norwich,3,0,H,19,6,6,4,2019_20,EPL
2020-02-23,Arsenal,Everton,3,2,H,9,17,4,5,2019_20,EPL
2020-02-24,Liverpool,West Ham,3,2,H,25,7,7,4,2019_20,EPL
2020-02-28,Norwich,Leicester,1,0,H,11,19,6,4,2019_20,EPL
2020-02-29,Brighton,Crystal Palace,0,1,A,24,12,8,3,2019_20,EPL
2020-02-29,Bournemouth,Chelsea,2,2,D,9,23,5,6,2019_20,EPL
2020-02-29,Newcastle,Burnley,0,0,D,21,8,4,1,2019_20,EPL
2020-02-29,West Ham,Southampton,3,1,H,14,10,7,2,2019_20,EPL
2020-02-29,Watford,Liverpool,3,0,H,14,7,5,1,2019_20,EPL
2020-03-01,Everton,Man United,1,1,D,16,14,5,5,2019_20,EPL
2020-03-01,Tottenham,Wolves,2,3,A,13,14,5,4,2019_20,EPL
2020-03-07,Liverpool,Bournemouth,2,1,H,14,6,6,4,2019_20,EPL
2020-03-07,Arsenal,West Ham,1,0,H,9,14,2,6,2019_20,EPL
2020-03-07,Crystal Palace,Watford,1,0,H,10,10,3,4,2019_20,EPL
2020-03-07,Sheffield United,Norwich,1,0,H,10,12,4,5,2019_20,EPL
2020-03-07,Southampton,Newcastle,0,1,A,6,14,3,7,2019_20,EPL
2020-03-07,Wolves,Brighton,0,0,D,11,7,1,1,2019_20,EPL
2020-03-07,Burnley,Tottenham,1,1,D,21,13,8,2,2019_20,EPL
2020-03-08,Chelsea,Everton,4,0,H,17,3,11,1,2019_20,EPL
2020-03-08,Man United,Man City,2,0,H,12,7,6,2,2019_20,EPL
2020-03-09,Leicester,Aston Villa,4,0,H,15,4,7,1,2019_20,EPL
2020-06-17,Aston Villa,Sheffield United,0,0,D,14,5,6,1,2019_20,EPL
2020-06-17,Man City,Arsenal,3,0,H,20,3,12,0,2019_20,EPL
2020-06-19,Norwich,Southampton,0,3,A,9,22,1,9,2019_20,EPL
2020-06-19,Tottenham,Man United,1,1,D,10,12,3,6,2019_20,EPL
2020-06-20,Watford,Leicester,1,1,D,8,15,4,2,2019_20,EPL
2020-06-20,Brighton,Arsenal,2,1,H,9,13,5,6,2019_20,EPL
2020-06-20,West Ham,Wolves,0,2,A,7,10,2,6,2019_20,EPL
2020-06-20,Bournemouth,Crystal Palace,0,2,A,12,7,1,2,2019_20,EPL
2020-06-21,Newcastle,Sheffield United,3,0,H,12,7,8,1,2019_20,EPL
2020-06-21,Aston Villa,Chelsea,1,2,A,8,19,4,5,2019_20,EPL
2020-06-21,Everton,Liverpool,0,0,D,9,10,3,3,2019_20,EPL
2020-06-22,Man City,Burnley,5,0,H,19,1,7,0,2019_20,EPL
2020-06-23,Leicester,Brighton,0,0,D,11,10,2,2,2019_20,EPL
2020-06-23,Tottenham,West Ham,2,0,H,15,10,4,2,2019_20,EPL
2020-06-24,Man United,Sheffield United,3,0,H,15,4,6,1,2019_20,EPL
2020-06-24,Newcastle,Aston Villa,1,1,D,13,14,3,2,2019_20,EPL
2020-06-24,Norwich,Everton,0,1,A,9,12,1,5,2019_20,EPL
2020-06-24,Wolves,Bournemouth,1,0,H,10,4,2,0,2019_20,EPL
2020-06-24,Liverpool,Crystal Palace,4,0,H,21,3,7,0,2019_20,EPL
2020-06-25,Burnley,Watford,1,0,H,9,10,5,4,2019_20,EPL
2020-06-25,Southampton,Arsenal,0,2,A,12,10,3,5,2019_20,EPL
2020-06-25,Chelsea,Man City,2,1,H,15,11,10,2,2019_20,EPL
2020-06-27,Aston Villa,Wolves,0,1,A,11,9,1,2,2019_20,EPL
2020-06-28,Watford,Southampton,1,3,A,8,11,0,7,2019_20,EPL
2020-06-29,Crystal Palace,Burnley,0,1,A,17,8,4,4,2019_20,EPL
2020-06-30,Brighton,Man United,0,3,A,8,12,2,6,2019_20,EPL
2020-07-01,Arsenal,Norwich,4,0,H,13,8,8,2,2019_20,EPL
2020-07-01,Bournemouth,Newcastle,1,4,A,12,12,1,7,2019_20,EPL
2020-07-01,Everton,Leicester,2,1,H,7,15,2,3,2019_20,EPL
2020-07-01,West Ham,Chelsea,3,2,H,10,17,4,6,2019_20,EPL
2020-07-02,Sheffield United,Tottenham,3,1,H,7,9,5,2,2019_20,EPL
2020-07-02,Man City,Liverpool,4,0,H,14,11,6,3,2019_20,EPL
2020-07-04,Norwich,Brighton,0,1,A,12,8,1,2,2019_20,EPL
2020-07-04,Leicester,Crystal Palace,3,0,H,15,7,4,1,2019_20,EPL
2020-07-04,Man United,Bournemouth,5,2,H,19,7,10,3,2019_20,EPL
2020-07-04,Wolves,Arsenal,0,2,A,10,8,1,5,2019_20,EPL
2020-07-04,Chelsea,Watford,3,0,H,21,7,9,3,2019_20,EPL
2020-07-05,Burnley,Sheffield United,1,1,D,9,10,4,3,2019_20,EPL
2020-07-05,Newcastle,West Ham,2,2,D,11,17,4,7,2019_20,EPL
2020-07-05,Liverpool,Aston Villa,2,0,H,6,9,4,3,2019_20,EPL
2020-07-05,Southampton,Man City,1,0,H,8,26,4,6,2019_20,EPL
2020-07-06,Tottenham,Everton,1,0,H,12,11,2,3,2019_20,EPL
2020-07-07,Crystal Palace,Chelsea,2,3,A,13,14,4,6,2019_20,EPL
2020-07-07,Watford,Norwich,2,1,H,9,12,4,3,2019_20,EPL
2020-07-07,Arsenal,Leicester,1,1,D,11,13,7,5,2019_20,EPL
2020-07-08,Man City,Newcastle,5,0,H,23,6,9,1,2019_20,EPL
2020-07-08,Sheffield United,Wolves,1,0,H,7,6,3,1,2019_20,EPL
2020-07-08,West Ham,Burnley,0,1,A,21,8,5,4,2019_20,EPL
2020-07-08,Brighton,Liverpool,1,3,A,12,19,2,8,2019_20,EPL
2020-07-09,Bournemouth,Tottenham,0,0,D,9,9,2,0,2019_20,EPL
2020-07-09,Everton,Southampton,1,1,D,11,17,4,4,2019_20,EPL
2020-07-09,Aston Villa,Man United,0,3,A,9,14,1,6,2019_20,EPL
2020-07-11,Norwich,West Ham,0,4,A,11,19,2,7,2019_20,EPL
2020-07-11,Watford,Newcastle,2,1,H,17,8,5,4,2019_20,EPL
2020-07-11,Liverpool,Burnley,1,1,D,23,6,9,2,2019_20,EPL
2020-07-11,Sheffield United,Chelsea,3,0,H,9,15,4,4,2019_20,EPL
2020-07-11,Brighton,Man City,0,5,A,3,26,0,8,2019_20,EPL
2020-07-12,Wolves,Everton,3,0,H,14,6,7,2,2019_20,EPL
2020-07-12,Aston Villa,Crystal Palace,2,0,H,12,9,9,5,2019_20,EPL
2020-07-12,Tottenham,Arsenal,2,1,H,15,13,9,4,2019_20,EPL
2020-07-12,Bournemouth,Leicester,4,1,H,10,13,4,5,2019_20,EPL
2020-07-13,Man United,Southampton,2,2,D,8,9,4,5,2019_20,EPL
2020-07-14,Chelsea,Norwich,1,0,H,22,2,6,0,2019_20,EPL
2020-07-15,Burnley,Wolves,1,1,D,9,14,1,5,2019_20,EPL
2020-07-15,Man City,Bournemouth,2,1,H,8,15,4,3,2019_20,EPL
2020-07-15,Newcastle,Tottenham,1,3,A,22,8,6,5,2019_20,EPL
2020-07-15,Arsenal,Liverpool,2,1,H,3,24,2,8,2019_20,EPL
2020-07-16,Everton,Aston Villa,1,1,D,9,15,1,1,2019_20,EPL
2020-07-16,Leicester,Sheffield United,2,0,H,15,5,7,1,2019_20,EPL
2020-07-16,Crystal Palace,Man United,0,2,A,13,17,5,5,2019_20,EPL
2020-07-16,Southampton,Brighton,1,1,D,21,10,6,2,2019_20,EPL
2020-07-17,West Ham,Watford,3,1,H,10,14,4,3,2019_20,EPL
2020-07-18,Norwich,Burnley,0,2,A,6,23,2,8,2019_20,EPL
2020-07-19,Bournemouth,Southampton,0,2,A,11,16,3,8,2019_20,EPL
2020-07-19,Tottenham,Leicester,3,0,H,7,24,3,6,2019_20,EPL
2020-07-20,Brighton,Newcastle,0,0,D,11,12,3,1,2019_20,EPL
2020-07-20,Sheffield United,Everton,0,1,A,8,5,0,2,2019_20,EPL
2020-07-20,Wolves,Crystal Palace,2,0,H,11,7,5,3,2019_20,EPL
2020-07-21,Watford,Man City,0,4,A,2,26,0,10,2019_20,EPL
2020-07-21,Aston Villa,Arsenal,1,0,H,8,7,3,0,2019_20,EPL
2020-07-22,Man United,West Ham,1,1,D,11,12,4,3,2019_20,EPL
2020-07-22,Liverpool,Chelsea,5,3,H,10,10,7,5,2019_20,EPL
2020-07-26,Arsenal,Watford,3,2,H,13,19,5,6,2019_20,EPL
2020-07-26,Burnley,Brighton,1,2,A,13,14,2,4,2019_20,EPL
2020-07-26,Chelsea,Wolves,2,0,H,11,5,3,1,2019_20,EPL
2020-07-26,Crystal Palace,Tottenham,1,1,D,13,7,2,2,2019_20,EPL
2020-07-26,Everton,Bournemouth,1,3,A,13,13,5,7,2019_20,EPL
2020-07-26,Leicester,Man United,0,2,A,14,7,3,3,2019_20,EPL
2020-07-26,Man City,Norwich,5,0,H,31,5,10,4,2019_20,EPL
2020-07-26,Newcastle,Liverpool,1,3,A,3,14,2,6,2019_20,EPL
2020-07-26,Southampton,Sheffield United,3,1,H,13,5,4,3,2019_20,EPL
2020-07-26,West Ham,Aston Villa,1,1,D,10,13,1,4,2019_20,EPL
2020-09-12,Fulham,Arsenal,0,3,A,5,13,2,6,2020_21,EPL
2020-09-12,Crystal Palace,Southampton,1,0,H,5,9,3,5,2020_21,EPL
2020-09-12,Liverpool,Leeds,4,3,H,22,6,6,3,2020_21,EPL
2020-09-12,West Ham,Newcastle,0,2,A,15,15,3,2,2020_21,EPL
2020-09-13,West Brom,Leicester,0,3,A,7,13,1,7,2020_21,EPL
2020-09-13,Tottenham,Everton,0,1,A,9,15,5,4,2020_21,EPL
2020-09-14,Brighton,Chelsea,1,3,A,13,10,3,5,2020_21,EPL
2020-09-14,Sheffield United,Wolves,0,2,A,9,11,2,4,2020_21,EPL
2020-09-19,Everton,West Brom,5,2,H,17,6,7,4,2020_21,EPL
2020-09-19,Leeds,Fulham,4,3,H,10,14,7,6,2020_21,EPL
2020-09-19,Man United,Crystal Palace,1,3,A,13,14,4,5,2020_21,EPL
2020-09-19,Arsenal,West Ham,2,1,H,7,14,3,3,2020_21,EPL
2020-09-20,Southampton,Tottenham,2,5,A,14,9,7,6,2020_21,EPL
2020-09-20,Newcastle,Brighton,0,3,A,6,13,0,6,2020_21,EPL
2020-09-20,Chelsea,Liverpool,0,2,A,5,18,3,6,2020_21,EPL
2020-09-20,Leicester,Burnley,4,2,H,14,16,6,5,2020_21,EPL
2020-09-21,Aston Villa,Sheffield United,1,0,H,18,4,2,1,2020_21,EPL
2020-09-21,Wolves,Man City,1,3,A,10,14,1,9,2020_21,EPL
2020-09-26,Brighton,Man United,2,3,A,18,7,5,3,2020_21,EPL
2020-09-26,Crystal Palace,Everton,1,2,A,8,10,1,5,2020_21,EPL
2020-09-26,West Brom,Chelsea,3,3,D,9,22,3,10,2020_21,EPL
2020-09-26,Burnley,Southampton,0,1,A,10,5,2,1,2020_21,EPL
2020-09-27,Sheffield United,Leeds,0,1,A,14,17,4,9,2020_21,EPL
2020-09-27,Tottenham,Newcastle,1,1,D,23,6,12,1,2020_21,EPL
2020-09-27,Man City,Leicester,2,5,A,16,7,5,7,2020_21,EPL
2020-09-27,West Ham,Wolves,4,0,H,15,11,7,2,2020_21,EPL
2020-09-28,Fulham,Aston Villa,0,3,A,16,12,3,5,2020_21,EPL
2020-09-28,Liverpool,Arsenal,3,1,H,21,4,8,3,2020_21,EPL
2020-10-03,Chelsea,Crystal Palace,4,0,H,17,4,6,0,2020_21,EPL
2020-10-03,Everton,Brighton,4,2,H,11,11,6,3,2020_21,EPL
2020-10-03,Leeds,Man City,1,1,D,12,23,7,2,2020_21,EPL
2020-10-03,Newcastle,Burnley,3,1,H,10,7,5,3,2020_21,EPL
2020-10-04,Leicester,West Ham,0,3,A,4,14,0,6,2020_21,EPL
2020-10-04,Southampton,West Brom,2,0,H,13,5,7,2,2020_21,EPL
2020-10-04,Arsenal,Sheffield United,2,1,H,6,6,5,2,2020_21,EPL
2020-10-04,Wolves,Fulham,1,0,H,14,10,5,2,2020_21,EPL
2020-10-04,Man United,Tottenham,1,6,A,5,22,2,8,2020_21,EPL
2020-10-04,Aston Villa,Liverpool,7,2,H,18,14,11,8,2020_21,EPL
2020-10-17,Everton,Liverpool,2,2,D,11,22,5,8,2020_21,EPL
2020-10-17,Chelsea,Southampton,3,3,D,11,13,5,6,2020_21,EPL
2020-10-17,Man City,Arsenal,1,0,H,13,11,5,3,2020_21,EPL
2020-10-17,Newcastle,Man United,1,4,A,7,28,4,14,2020_21,EPL
2020-10-18,Sheffield United,Fulham,1,1,D,10,15,6,6,2020_21,EPL
2020-10-18,Crystal Palace,Brighton,1,1,D,1,20,1,3,2020_21,EPL
2020-10-18,Tottenham,West Ham,3,3,D,11,13,6,4,2020_21,EPL
2020-10-18,Leicester,Aston Villa,0,1,A,11,10,5,4,2020_21,EPL
2020-10-19,West Brom,Burnley,0,0,D,13,9,6,4,2020_21,EPL
2020-10-19,Leeds,Wolves,0,1,A,13,7,2,3,2020_21,EPL
2020-10-23,Aston Villa,Leeds,0,3,A,12,27,4,9,2020_21,EPL
2020-10-24,West Ham,Man City,1,1,D,6,14,2,7,2020_21,EPL
2020-10-24,Fulham,Crystal Palace,1,2,A,16,14,3,10,2020_21,EPL
2020-10-24,Man United,Chelsea,0,0,D,14,6,4,1,2020_21,EPL
2020-10-24,Liverpool,Sheffield United,2,1,H,17,13,5,2,2020_21,EPL
2020-10-25,Southampton,Everton,2,0,H,12,6,6,2,2020_21,EPL
2020-10-25,Wolves,Newcastle,1,1,D,16,5,3,2,2020_21,EPL
2020-10-25,Arsenal,Leicester,0,1,A,12,6,4,2,2020_21,EPL
2020-10-26,Brighton,West Brom,1,1,D,5,9,3,3,2020_21,EPL
2020-10-26,Burnley,Tottenham,0,1,A,13,9,4,3,2020_21,EPL
2020-10-30,Wolves,Crystal Palace,2,0,H,15,11,5,2,2020_21,EPL
2020-10-31,Sheffield United,Man City,0,1,A,5,16,1,8,2020_21,EPL
2020-10-31,Burnley,Chelsea,0,3,A,5,14,0,9,2020_21,EPL
2020-10-31,Liverpool,West Ham,2,1,H,9,4,5,3,2020_21,EPL
2020-11-01,Aston Villa,Southampton,3,4,A,19,9,10,4,2020_21,EPL
2020-11-01,Newcastle,Everton,2,1,H,11,15,4,4,2020_21,EPL
2020-11-01,Man United,Arsenal,0,1,A,8,7,2,2,2020_21,EPL
2020-11-01,Tottenham,Brighton,2,1,H,9,6,3,2,2020_21,EPL
2020-11-02,Fulham,West Brom,2,0,H,13,10,6,1,2020_21,EPL
2020-11-02,Leeds,Leicester,1,4,A,11,10,4,8,2020_21,EPL
2020-11-06,Brighton,Burnley,0,0,D,19,4,3,1,2020_21,EPL
2020-11-06,Southampton,Newcastle,2,0,H,15,4,8,2,2020_21,EPL
2020-11-07,Everton,Man United,1,3,A,7,13,1,5,2020_21,EPL
2020-11-07,Crystal Palace,Leeds,4,1,H,10,9,6,3,2020_21,EPL
2020-11-07,Chelsea,Sheffield United,4,1,H,20,6,9,3,2020_21,EPL
2020-11-07,West Ham,Fulham,1,0,H,16,13,7,3,2020_21,EPL
2020-11-08,West Brom,Tottenham,0,1,A,12,19,2,5,2020_21,EPL
2020-11-08,Leicester,Wolves,1,0,H,10,7,3,2,2020_21,EPL
2020-11-08,Man City,Liverpool,1,1,D,7,10,2,3,2020_21,EPL
2020-11-08,Arsenal,Aston Villa,0,3,A,13,15,2,6,2020_21,EPL
2020-11-21,Newcastle,Chelsea,0,2,A,8,14,1,3,2020_21,EPL
2020-11-21,Aston Villa,Brighton,1,2,A,15,7,4,3,2020_21,EPL
2020-11-21,Tottenham,Man City,2,0,H,4,22,2,5,2020_21,EPL
2020-11-21,Man United,West Brom,1,0,H,17,7,7,2,2020_21,EPL
2020-11-22,Fulham,Everton,2,3,A,14,9,6,7,2020_21,EPL
2020-11-22,Sheffield United,West Ham,0,1,A,9,15,5,3,2020_21,EPL
2020-11-22,Leeds,Arsenal,0,0,D,25,9,4,2,2020_21,EPL
2020-11-22,Liverpool,Leicester,3,0,H,24,11,13,4,2020_21,EPL
2020-11-23,Burnley,Crystal Palace,1,0,H,10,15,4,5,2020_21,EPL
2020-11-23,Wolves,Southampton,1,1,D,20,7,9,2,2020_21,EPL
2020-11-27,Crystal Palace,Newcastle,0,2,A,12,14,3,7,2020_21,EPL
2020-11-28,Brighton,Liverpool,1,1,D,11,6,3,2,2020_21,EPL
2020-11-28,Man City,Burnley,5,0,H,19,9,6,1,2020_21,EPL
2020-11-28,Everton,Leeds,0,1,A,15,23,8,7,2020_21,EPL
2020-11-28,West Brom,Sheffield United,1,0,H,17,21,6,5,2020_21,EPL
2020-11-29,Southampton,Man United,2,3,A,10,15,5,6,2020_21,EPL
2020-11-29,Chelsea,Tottenham,0,0,D,13,5,3,1,2020_21,EPL
2020-11-29,Arsenal,Wolves,1,2,A,13,11,2,5,2020_21,EPL
2020-11-30,Leicester,Fulham,1,2,A,16,10,3,5,2020_21,EPL
2020-11-30,West Ham,Aston Villa,2,1,H,6,16,2,6,2020_21,EPL
2020-12-05,Burnley,Everton,1,1,D,8,13,3,6,2020_21,EPL
2020-12-05,Man City,Fulham,2,0,H,16,6,6,1,2020_21,EPL
2020-12-05,West Ham,Man United,1,3,A,19,15,6,6,2020_21,EPL
2020-12-05,Chelsea,Leeds,3,1,H,23,8,11,3,2020_21,EPL
2020-12-06,West Brom,Crystal Palace,1,5,A,9,18,4,6,2020_21,EPL
2020-12-06,Sheffield United,Leicester,1,2,A,4,13,1,4,2020_21,EPL
2020-12-06,Tottenham,Arsenal,2,0,H,6,11,3,2,2020_21,EPL
2020-12-06,Liverpool,Wolves,4,0,H,11,9,6,3,2020_21,EPL
2020-12-07,Brighton,Southampton,1,2,A,12,10,4,3,2020_21,EPL
2020-12-11,Leeds,West Ham,1,2,A,13,19,7,8,2020_21,EPL
2020-12-12,Wolves,Aston Villa,0,1,A,16,13,7,2,2020_21,EPL
2020-12-12,Newcastle,West Brom,2,1,H,12,13,7,3,2020_21,EPL
2020-12-12,Man United,Man City,0,0,D,11,9,2,2,2020_21,EPL
2020-12-12,Everton,Chelsea,1,0,H,9,10,4,3,2020_21,EPL
2020-12-13,Southampton,Sheffield United,3,0,H,16,3,6,0,2020_21,EPL
2020-12-13,Crystal Palace,Tottenham,1,1,D,16,14,5,6,2020_21,EPL
2020-12-13,Fulham,Liverpool,1,1,D,10,12,5,6,2020_21,EPL
2020-12-13,Arsenal,Burnley,0,1,A,18,10,6,2,2020_21,EPL
2020-12-13,Leicester,Brighton,3,0,H,15,12,6,4,2020_21,EPL
2020-12-15,Wolves,Chelsea,2,1,H,12,13,4,3,2020_21,EPL
2020-12-15,Man City,West Brom,1,1,D,26,5,7,1,2020_21,EPL
2020-12-16,Arsenal,Southampton,1,1,D,9,13,4,3,2020_21,EPL
2020-12-16,Leeds,Newcastle,5,2,H,25,10,10,4,2020_21,EPL
2020-12-16,Leicester,Everton,0,2,A,14,11,2,6,2020_21,EPL
2020-12-16,Fulham,Brighton,0,0,D,9,9,4,4,2020_21,EPL
2020-12-16,Liverpool,Tottenham,2,1,H,17,8,11,2,2020_21,EPL
2020-12-16,West Ham,Crystal Palace,1,1,D,9,8,2,2,2020_21,EPL
2020-12-17,Aston Villa,Burnley,0,0,D,27,6,7,4,2020_21,EPL
2020-12-17,Sheffield United,Man United,2,3,A,12,14,6,8,2020_21,EPL
2020-12-19,Crystal Palace,Liverpool,0,7,A,5,14,3,8,2020_21,EPL
2020-12-19,Southampton,Man City,0,1,A,9,11,3,5,2020_21,EPL
2020-12-19,Everton,Arsenal,2,1,H,9,13,2,2,2020_21,EPL
2020-12-19,Newcastle,Fulham,1,1,D,12,11,5,4,2020_21,EPL
2020-12-20,Brighton,Sheffield United,1,1,D,21,5,5,3,2020_21,EPL
2020-12-20,Tottenham,Leicester,0,2,A,8,17,3,4,2020_21,EPL
2020-12-20,Man United,Leeds,6,2,H,26,17,14,3,2020_21,EPL
2020-12-20,West Brom,Aston Villa,0,3,A,1,19,1,10,2020_21,EPL
2020-12-21,Burnley,Wolves,2,1,H,10,15,4,3,2020_21,EPL
2020-12-21,Chelsea,West Ham,3,0,H,11,6,7,0,2020_21,EPL
2020-12-26,Leicester,Man United,2,2,D,10,9,2,4,2020_21,EPL
2020-12-26,Aston Villa,Crystal Palace,3,0,H,21,13,10,6,2020_21,EPL
2020-12-26,Fulham,Southampton,0,0,D,10,3,1,2,2020_21,EPL
2020-12-26,Arsenal,Chelsea,3,1,H,15,19,7,3,2020_21,EPL
2020-12-26,Man City,Newcastle,2,0,H,11,7,6,2,2020_21,EPL
2020-12-26,Sheffield United,Everton,0,1,A,10,7,2,3,2020_21,EPL
2020-12-27,Leeds,Burnley,1,0,H,11,14,4,6,2020_21,EPL
2020-12-27,West Ham,Brighton,2,2,D,11,13,4,4,2020_21,EPL
2020-12-27,Liverpool,West Brom,1,1,D,17,5,2,3,2020_21,EPL
2020-12-27,Wolves,Tottenham,1,1,D,11,6,6,3,2020_21,EPL
2020-12-28,Crystal Palace,Leicester,1,1,D,4,17,1,3,2020_21,EPL
2020-12-28,Chelsea,Aston Villa,1,1,D,16,10,5,2,2020_21,EPL
2020-12-29,Brighton,Arsenal,0,1,A,13,11,2,3,2020_21,EPL
2020-12-29,Burnley,Sheffield United,1,0,H,5,7,3,3,2020_21,EPL
2020-12-29,Southampton,West Ham,0,0,D,8,8,3,3,2020_21,EPL
2020-12-29,West Brom,Leeds,0,5,A,4,14,1,6,2020_21,EPL
2020-12-29,Man United,Wolves,1,0,H,11,9,3,5,2020_21,EPL
2020-12-30,Newcastle,Liverpool,0,0,D,8,11,2,4,2020_21,EPL
2021-01-01,Everton,West Ham,0,1,A,10,11,2,5,2020_21,EPL
2021-01-01,Man United,Aston Villa,2,1,H,19,5,9,5,2020_21,EPL
2021-01-02,Tottenham,Leeds,3,0,H,20,18,7,5,2020_21,EPL
2021-01-02,Crystal Palace,Sheffield United,2,0,H,9,7,4,2,2020_21,EPL
2021-01-02,Brighton,Wolves,3,3,D,13,11,4,4,2020_21,EPL
2021-01-02,West Brom,Arsenal,0,4,A,7,21,3,12,2020_21,EPL
2021-01-03,Newcastle,Leicester,1,2,A,8,9,2,3,2020_21,EPL
2021-01-03,Chelsea,Man City,1,3,A,9,18,2,6,2020_21,EPL
2021-01-04,Southampton,Liverpool,1,0,H,7,17,3,1,2020_21,EPL
2021-01-12,Sheffield United,Newcastle,1,0,H,17,7,4,3,2020_21,EPL
2021-01-12,Burnley,Man United,0,1,A,11,13,0,7,2020_21,EPL
2021-01-12,Wolves,Everton,1,2,A,12,5,3,3,2020_21,EPL
2021-01-13,Man City,Brighton,1,0,H,16,5,6,1,2020_21,EPL
2021-01-13,Tottenham,Fulham,1,1,D,15,15,6,4,2020_21,EPL
2021-01-14,Arsenal,Crystal Palace,0,0,D,11,12,4,2,2020_21,EPL
2021-01-16,Wolves,West Brom,2,3,A,23,12,6,5,2020_21,EPL
2021-01-16,Leeds,Brighton,0,1,A,7,7,2,2,2020_21,EPL
2021-01-16,West Ham,Burnley,1,0,H,15,10,4,2,2020_21,EPL
2021-01-16,Fulham,Chelsea,0,1,A,10,21,3,6,2020_21,EPL
2021-01-16,Leicester,Southampton,2,0,H,16,8,5,3,2020_21,EPL
2021-01-17,Sheffield United,Tottenham,1,3,A,15,14,5,5,2020_21,EPL
2021-01-17,Liverpool,Man United,0,0,D,17,8,3,4,2020_21,EPL
2021-01-17,Man City,Crystal Palace,4,0,H,13,2,6,0,2020_21,EPL
2021-01-18,Arsenal,Newcastle,3,0,H,20,4,6,1,2020_21,EPL
2021-01-19,West Ham,West Brom,2,1,H,14,6,6,2,2020_21,EPL
2021-01-19,Leicester,Chelsea,2,0,H,8,9,6,5,2020_21,EPL
2021-01-20,Man City,Aston Villa,2,0,H,28,11,9,4,2020_21,EPL
2021-01-20,Fulham,Man United,1,2,A,12,15,5,5,2020_21,EPL
2021-01-21,Liverpool,Burnley,0,1,A,27,6,6,4,2020_21,EPL
2021-01-23,Aston Villa,Newcastle,2,0,H,14,7,5,1,2020_21,EPL
2021-01-26,Crystal Palace,West Ham,2,3,A,6,17,3,7,2020_21,EPL
2021-01-26,Newcastle,Leeds,1,2,A,22,9,5,2,2020_21,EPL
2021-01-26,Southampton,Arsenal,1,3,A,13,9,5,5,2020_21,EPL
2021-01-26,West Brom,Man City,0,5,A,4,18,1,7,2020_21,EPL
2021-01-27,Burnley,Aston Villa,3,2,H,10,18,5,10,2020_21,EPL
2021-01-27,Chelsea,Wolves,0,0,D,14,4,5,0,2020_21,EPL
2021-01-27,Brighton,Fulham,0,0,D,16,10,5,3,2020_21,EPL
2021-01-27,Everton,Leicester,1,1,D,8,19,2,6,2020_21,EPL
2021-01-27,Man United,Sheffield United,1,2,A,16,5,4,3,2020_21,EPL
2021-01-28,Tottenham,Liverpool,1,3,A,3,14,2,7,2020_21,EPL
2021-01-30,Everton,Newcastle,0,2,A,11,13,3,3,2020_21,EPL
2021-01-30,Crystal Palace,Wolves,1,0,H,11,6,2,4,2020_21,EPL
2021-01-30,Man City,Sheffield United,1,0,H,10,4,5,1,2020_21,EPL
2021-01-30,West Brom,Fulham,2,2,D,5,12,3,7,2020_21,EPL
2021-01-30,Arsenal,Man United,0,0,D,17,14,3,3,2020_21,EPL
2021-01-30,Southampton,Aston Villa,0,1,A,20,8,5,4,2020_21,EPL
2021-01-31,Chelsea,Burnley,2,0,H,19,1,8,0,2020_21,EPL
2021-01-31,Leicester,Leeds,1,3,A,18,8,8,7,2020_21,EPL
2021-01-31,West Ham,Liverpool,1,3,A,8,14,2,5,2020_21,EPL
2021-01-31,Brighton,Tottenham,1,0,H,16,8,5,4,2020_21,EPL
2021-02-02,Sheffield United,West Brom,2,1,H,14,8,6,4,2020_21,EPL
2021-02-02,Wolves,Arsenal,2,1,H,11,9,7,3,2020_21,EPL
2021-02-02,Man United,Southampton,9,0,H,24,3,14,1,2020_21,EPL
2021-02-02,Newcastle,Crystal Palace,1,2,A,21,6,5,3,2020_21,EPL
2021-02-03,Burnley,Man City,0,2,A,2,17,0,6,2020_21,EPL
2021-02-03,Fulham,Leicester,0,2,A,8,9,1,5,2020_21,EPL
2021-02-03,Leeds,Everton,1,2,A,16,10,7,6,2020_21,EPL
2021-02-03,Aston Villa,West Ham,1,3,A,9,20,2,10,2020_21,EPL
2021-02-03,Liverpool,Brighton,0,1,A,11,13,1,4,2020_21,EPL
2021-02-04,Tottenham,Chelsea,0,1,A,7,18,2,2,2020_21,EPL
2021-02-06,Aston Villa,Arsenal,1,0,H,12,14,8,3,2020_21,EPL
2021-02-06,Burnley,Brighton,1,1,D,20,10,7,2,2020_21,EPL
2021-02-06,Newcastle,Southampton,3,2,H,6,14,4,5,2020_21,EPL
2021-02-06,Fulham,West Ham,0,0,D,20,8,2,1,2020_21,EPL
2021-02-06,Man United,Everton,3,3,D,14,6,5,3,2020_21,EPL
2021-02-07,Tottenham,West Brom,2,0,H,13,4,6,1,2020_21,EPL
2021-02-07,Wolves,Leicester,0,0,D,13,13,1,3,2020_21,EPL
2021-02-07,Liverpool,Man City,1,4,A,8,8,3,5,2020_21,EPL
2021-02-07,Sheffield United,Chelsea,1,2,A,8,9,3,3,2020_21,EPL
2021-02-08,Leeds,Crystal Palace,2,0,H,17,8,7,3,2020_21,EPL
2021-02-13,Leicester,Liverpool,3,1,H,11,15,6,4,2020_21,EPL
2021-02-13,Crystal Palace,Burnley,0,3,A,13,16,3,4,2020_21,EPL
2021-02-13,Man City,Tottenham,3,0,H,15,7,6,3,2020_21,EPL
2021-02-13,Brighton,Aston Villa,0,0,D,26,4,9,1,2020_21,EPL
2021-02-14,Southampton,Wolves,1,2,A,7,10,3,4,2020_21,EPL
2021-02-14,West Brom,Man United,1,1,D,7,10,3,7,2020_21,EPL
2021-02-14,Arsenal,Leeds,4,2,H,13,9,5,5,2020_21,EPL
2021-02-14,Everton,Fulham,0,2,A,7,12,2,3,2020_21,EPL
2021-02-15,West Ham,Sheffield United,3,0,H,13,8,9,5,2020_21,EPL
2021-02-15,Chelsea,Newcastle,2,0,H,18,10,5,4,2020_21,EPL
2021-02-17,Burnley,Fulham,1,1,D,8,8,3,3,2020_21,EPL
2021-02-17,Everton,Man City,1,3,A,3,16,2,7,2020_21,EPL
2021-02-19,Wolves,Leeds,1,0,H,15,18,5,7,2020_21,EPL
2021-02-20,Southampton,Chelsea,1,1,D,4,9,1,3,2020_21,EPL
2021-02-20,Burnley,West Brom,0,0,D,6,10,1,3,2020_21,EPL
2021-02-20,Liverpool,Everton,0,2,A,15,9,6,6,2020_21,EPL
2021-02-20,Fulham,Sheffield United,1,0,H,15,4,7,2,2020_21,EPL
2021-02-21,West Ham,Tottenham,2,1,H,4,20,4,4,2020_21,EPL
2021-02-21,Aston Villa,Leicester,1,2,A,11,16,2,7,2020_21,EPL
2021-02-21,Arsenal,Man City,0,1,A,7,15,1,3,2020_21,EPL
2021-02-21,Man United,Newcastle,3,1,H,15,10,7,6,2020_21,EPL
2021-02-22,Brighton,Crystal Palace,1,2,A,25,3,5,2,2020_21,EPL
2021-02-23,Leeds,Southampton,3,0,H,11,13,7,5,2020_21,EPL
2021-02-27,Man City,West Ham,2,1,H,10,9,3,3,2020_21,EPL
2021-02-27,West Brom,Brighton,1,0,H,6,15,2,6,2020_21,EPL
2021-02-27,Leeds,Aston Villa,0,1,A,13,9,3,4,2020_21,EPL
2021-02-27,Newcastle,Wolves,1,1,D,19,14,7,4,2020_21,EPL
2021-02-28,Crystal Palace,Fulham,0,0,D,3,16,0,4,2020_21,EPL
2021-02-28,Leicester,Arsenal,1,3,A,8,12,3,4,2020_21,EPL
2021-02-28,Tottenham,Burnley,4,0,H,16,10,7,3,2020_21,EPL
2021-02-28,Chelsea,Man United,0,0,D,18,11,6,4,2020_21,EPL
2021-02-28,Sheffield United,Liverpool,0,2,A,8,16,2,8,2020_21,EPL
2021-03-01,Everton,Southampton,1,0,H,7,9,1,1,2020_21,EPL
2021-03-02,Man City,Wolves,4,1,H,22,6,10,1,2020_21,EPL
2021-03-03,Burnley,Leicester,1,1,D,12,15,7,4,2020_21,EPL
2021-03-03,Sheffield United,Aston Villa,1,0,H,9,16,2,4,2020_21,EPL
2021-03-03,Crystal Palace,Man United,0,0,D,8,11,2,1,2020_21,EPL
2021-03-04,Fulham,Tottenham,0,1,A,11,9,3,2,2020_21,EPL
2021-03-04,West Brom,Everton,0,1,A,11,11,3,3,2020_21,EPL
2021-03-04,Liverpool,Chelsea,0,1,A,7,11,1,5,2020_21,EPL
2021-03-06,Burnley,Arsenal,1,1,D,9,15,5,3,2020_21,EPL
2021-03-06,Sheffield United,Southampton,0,2,A,8,15,2,5,2020_21,EPL
2021-03-06,Aston Villa,Wolves,0,0,D,9,10,1,2,2020_21,EPL
2021-03-06,Brighton,Leicester,1,2,A,7,8,2,4,2020_21,EPL
2021-03-07,West Brom,Newcastle,0,0,D,13,9,3,5,2020_21,EPL
2021-03-07,Liverpool,Fulham,0,1,A,16,10,3,3,2020_21,EPL
2021-03-07,Man City,Man United,0,2,A,23,8,6,6,2020_21,EPL
2021-03-07,Tottenham,Crystal Palace,4,1,H,12,5,5,1,2020_21,EPL
2021-03-08,Chelsea,Everton,2,0,H,19,7,9,1,2020_21,EPL
2021-03-08,West Ham,Leeds,2,0,H,16,17,5,2,2020_21,EPL
2021-03-10,Man City,Southampton,5,2,H,17,11,10,6,2020_21,EPL
2021-03-12,Newcastle,Aston Villa,1,1,D,12,15,3,6,2020_21,EPL
2021-03-13,Leeds,Chelsea,0,0,D,7,15,4,8,2020_21,EPL
2021-03-13,Crystal Palace,West Brom,1,0,H,6,12,4,1,2020_21,EPL
2021-03-13,Everton,Burnley,1,2,A,14,14,4,5,2020_21,EPL
2021-03-13,Fulham,Man City,0,3,A,3,8,0,7,2020_21,EPL
2021-03-14,Southampton,Brighton,1,2,A,9,8,4,6,2020_21,EPL
2021-03-14,Leicester,Sheffield United,5,0,H,19,1,10,0,2020_21,EPL
2021-03-14,Arsenal,Tottenham,2,1,H,13,6,3,3,2020_21,EPL
2021-03-14,Man United,West Ham,1,0,H,15,7,4,0,2020_21,EPL
2021-03-15,Wolves,Liverpool,0,1,A,10,12,5,4,2020_21,EPL
2021-03-19,Fulham,Leeds,1,2,A,13,13,6,4,2020_21,EPL
2021-03-20,Brighton,Newcastle,3,0,H,11,3,6,1,2020_21,EPL
2021-03-21,West Ham,Arsenal,3,3,D,15,16,5,7,2020_21,EPL
2021-03-21,Aston Villa,Tottenham,0,2,A,8,9,1,3,2020_21,EPL
2021-04-03,Chelsea,West Brom,2,5,A,18,14,8,7,2020_21,EPL
2021-04-03,Leeds,Sheffield United,2,1,H,23,9,8,1,2020_21,EPL
2021-04-03,Leicester,Man City,0,2,A,5,11,2,4,2020_21,EPL
2021-04-03,Arsenal,Liverpool,0,3,A,3,16,2,7,2020_21,EPL
2021-04-04,Southampton,Burnley,3,2,H,24,7,9,5,2020_21,EPL
2021-04-04,Newcastle,Tottenham,2,2,D,22,11,6,5,2020_21,EPL
2021-04-04,Aston Villa,Fulham,3,1,H,14,15,4,7,2020_21,EPL
2021-04-04,Man United,Brighton,2,1,H,15,5,7,3,2020_21,EPL
2021-04-05,Everton,Crystal Palace,1,1,D,15,13,7,6,2020_21,EPL
2021-04-05,Wolves,West Ham,2,3,A,20,9,5,6,2020_21,EPL
2021-04-09,Fulham,Wolves,0,1,A,14,7,3,3,2020_21,EPL
2021-04-10,Man City,Leeds,1,2,A,29,2,7,2,2020_21,EPL
2021-04-10,Liverpool,Aston Villa,2,1,H,23,9,10,5,2020_21,EPL
2021-04-10,Crystal Palace,Chelsea,1,4,A,1,23,1,10,2020_21,EPL
2021-04-11,Burnley,Newcastle,1,2,A,24,10,4,5,2020_21,EPL
2021-04-11,West Ham,Leicester,3,2,H,4,15,4,5,2020_21,EPL
2021-04-11,Tottenham,Man United,1,3,A,12,12,3,7,2020_21,EPL
2021-04-11,Sheffield United,Arsenal,0,3,A,7,14,2,5,2020_21,EPL
2021-04-12,West Brom,Southampton,3,0,H,15,14,6,4,2020_21,EPL
2021-04-12,Brighton,Everton,0,0,D,23,8,3,1,2020_21,EPL
2021-04-16,Everton,Tottenham,2,2,D,18,12,7,3,2020_21,EPL
2021-04-17,Newcastle,West Ham,3,2,H,16,16,8,6,2020_21,EPL
2021-04-17,Wolves,Sheffield United,1,0,H,10,8,5,2,2020_21,EPL
2021-04-18,Arsenal,Fulham,1,1,D,18,3,5,1,2020_21,EPL
2021-04-18,Man United,Burnley,3,1,H,17,10,9,3,2020_21,EPL
2021-04-19,Leeds,Liverpool,1,1,D,12,17,5,7,2020_21,EPL
2021-04-20,Chelsea,Brighton,0,0,D,7,11,4,2,2020_21,EPL
2021-04-21,Tottenham,Southampton,2,1,H,12,10,3,5,2020_21,EPL
2021-04-21,Aston Villa,Man City,1,2,A,8,13,3,3,2020_21,EPL
2021-04-22,Leicester,West Brom,3,0,H,17,4,7,1,2020_21,EPL
2021-04-23,Arsenal,Everton,0,1,A,14,8,3,1,2020_21,EPL
2021-04-24,Liverpool,Newcastle,1,1,D,22,7,9,4,2020_21,EPL
2021-04-24,West Ham,Chelsea,0,1,A,9,17,2,6,2020_21,EPL
2021-04-24,Sheffield United,Brighton,1,0,H,7,17,3,4,2020_21,EPL
2021-04-25,Wolves,Burnley,0,4,A,12,14,2,7,2020_21,EPL
2021-04-25,Leeds,Man United,0,0,D,6,16,3,4,2020_21,EPL
2021-04-25,Aston Villa,West Brom,2,2,D,24,10,11,4,2020_21,EPL
2021-04-26,Leicester,Crystal Palace,2,1,H,13,4,5,2,2020_21,EPL
2021-04-30,Southampton,Leicester,1,1,D,5,23,3,9,2020_21,EPL
2021-05-01,Crystal Palace,Man City,0,2,A,9,20,4,3,2020_21,EPL
2021-05-01,Brighton,Leeds,2,0,H,17,11,5,2,2020_21,EPL
2021-05-01,Chelsea,Fulham,2,0,H,9,10,5,3,2020_21,EPL
2021-05-01,Everton,Aston Villa,1,2,A,16,13,3,5,2020_21,EPL
2021-05-02,Newcastle,Arsenal,0,2,A,5,19,1,5,2020_21,EPL
2021-05-02,Tottenham,Sheffield United,4,0,H,20,8,11,1,2020_21,EPL
2021-05-03,West Brom,Wolves,1,1,D,10,20,4,10,2020_21,EPL
2021-05-03,Burnley,West Ham,1,2,A,8,22,3,4,2020_21,EPL
2021-05-07,Leicester,Newcastle,2,4,A,25,14,9,6,2020_21,EPL
2021-05-08,Leeds,Tottenham,3,1,H,16,11,7,3,2020_21,EPL
2021-05-08,Sheffield United,Crystal Palace,0,2,A,7,21,0,8,2020_21,EPL
2021-05-08,Man City,Chelsea,1,2,A,16,12,4,5,2020_21,EPL
2021-05-08,Liverpool,Southampton,2,0,H,14,12,6,6,2020_21,EPL
2021-05-09,Wolves,Brighton,2,1,H,16,5,6,3,2020_21,EPL
2021-05-09,Aston Villa,Man United,1,3,A,11,18,5,7,2020_21,EPL
2021-05-09,West Ham,Everton,0,1,A,11,9,0,3,2020_21,EPL
2021-05-09,Arsenal,West Brom,3,1,H,15,12,7,1,2020_21,EPL
2021-05-10,Fulham,Burnley,0,2,A,21,14,3,5,2020_21,EPL
2021-05-11,Man United,Leicester,1,2,A,4,12,1,3,2020_21,EPL
2021-05-11,Southampton,Crystal Palace,3,1,H,13,11,6,4,2020_21,EPL
2021-05-12,Chelsea,Arsenal,0,1,A,19,5,5,2,2020_21,EPL
2021-05-13,Aston Villa,Everton,0,0,D,13,15,2,5,2020_21,EPL
2021-05-13,Man United,Liverpool,2,4,A,18,17,3,8,2020_21,EPL
2021-05-14,Newcastle,Man City,3,4,A,11,15,5,6,2020_21,EPL
2021-05-15,Burnley,Leeds,0,4,A,16,16,4,6,2020_21,EPL
2021-05-15,Southampton,Fulham,3,1,H,11,10,7,3,2020_21,EPL
2021-05-15,Brighton,West Ham,1,1,D,10,15,2,3,2020_21,EPL
2021-05-16,Crystal Palace,Aston Villa,3,2,H,23,19,8,5,2020_21,EPL
2021-05-16,Tottenham,Wolves,2,0,H,24,15,13,3,2020_21,EPL
2021-05-16,West Brom,Liverpool,1,2,A,10,26,3,6,2020_21,EPL
2021-05-16,Everton,Sheffield United,0,1,A,16,10,6,3,2020_21,EPL
2021-05-18,Man United,Fulham,1,1,D,13,8,6,5,2020_21,EPL
2021-05-18,Southampton,Leeds,0,2,A,18,15,3,7,2020_21,EPL
2021-05-18,Brighton,Man City,3,2,H,19,8,6,4,2020_21,EPL
2021-05-18,Chelsea,Leicester,2,1,H,17,7,6,3,2020_21,EPL
2021-05-19,Everton,Wolves,1,0,H,14,9,4,3,2020_21,EPL
2021-05-19,Newcastle,Sheffield United,1,0,H,16,11,5,1,2020_21,EPL
2021-05-19,Tottenham,Aston Villa,1,2,A,10,20,4,4,2020_21,EPL
2021-05-19,Crystal Palace,Arsenal,1,3,A,12,6,6,3,2020_21,EPL
2021-05-19,Burnley,Liverpool,0,3,A,10,20,4,3,2020_21,EPL
2021-05-19,West Brom,West Ham,1,3,A,14,21,4,9,2020_21,EPL
2021-05-23,Arsenal,Brighton,2,0,H,16,5,5,1,2020_21,EPL
2021-05-23,Aston Villa,Chelsea,2,1,H,6,23,3,7,2020_21,EPL
2021-05-23,Fulham,Newcastle,0,2,A,14,10,0,4,2020_21,EPL
2021-05-23,Leeds,West Brom,3,1,H,17,14,9,5,2020_21,EPL
2021-05-23,Leicester,Tottenham,2,4,A,10,11,6,4,2020_21,EPL
2021-05-23,Liverpool,Crystal Palace,2,0,H,19,5,5,4,2020_21,EPL
2021-05-23,Man City,Everton,5,0,H,21,8,11,3,2020_21,EPL
2021-05-23,Sheffield United,Burnley,1,0,H,12,10,3,3,2020_21,EPL
2021-05-23,West Ham,Southampton,3,0,H,14,17,7,5,2020_21,EPL
2021-05-23,Wolves,Man United,1,2,A,14,9,4,4,2020_21,EPL
2021-08-13,Brentford,Arsenal,2,0,H,8,22,3,4,2021_22,EPL
2021-08-14,Man United,Leeds,5,1,H,16,10,8,3,2021_22,EPL
2021-08-14,Burnley,Brighton,1,2,A,14,14,3,8,2021_22,EPL
2021-08-14,Chelsea,Crystal Palace,3,0,H,13,4,6,1,2021_22,EPL
2021-08-14,Everton,Southampton,3,1,H,14,6,6,3,2021_22,EPL
2021-08-14,Leicester,Wolves,1,0,H,9,17,5,3,2021_22,EPL
2021-08-14,Watford,Aston Villa,3,2,H,13,11,7,2,2021_22,EPL
2021-08-14,Norwich,Liverpool,0,3,A,14,19,3,8,2021_22,EPL
2021-08-15,Newcastle,West Ham,2,4,A,17,8,3,9,2021_22,EPL
2021-08-15,Tottenham,Man City,1,0,H,13,18,3,4,2021_22,EPL
2021-08-21,Liverpool,Burnley,2,0,H,27,9,9,3,2021_22,EPL
2021-08-21,Aston Villa,Newcastle,2,0,H,10,9,2,1,2021_22,EPL
2021-08-21,Crystal Palace,Brentford,0,0,D,7,14,2,3,2021_22,EPL
2021-08-21,Leeds,Everton,2,2,D,17,17,4,8,2021_22,EPL
2021-08-21,Man City,Norwich,5,0,H,16,1,4,0,2021_22,EPL
2021-08-21,Brighton,Watford,2,0,H,13,10,3,1,2021_22,EPL
2021-08-22,Southampton,Man United,1,1,D,8,15,3,4,2021_22,EPL
2021-08-22,Wolves,Tottenham,0,1,A,25,8,6,6,2021_22,EPL
2021-08-22,Arsenal,Chelsea,0,2,A,6,22,3,5,2021_22,EPL
2021-08-23,West Ham,Leicester,4,1,H,13,5,7,1,2021_22,EPL
2021-08-28,Man City,Arsenal,5,0,H,25,1,10,0,2021_22,EPL
2021-08-28,Aston Villa,Brentford,1,1,D,7,9,5,2,2021_22,EPL
2021-08-28,Brighton,Everton,0,2,A,14,14,3,5,2021_22,EPL
2021-08-28,Newcastle,Southampton,2,2,D,10,22,5,6,2021_22,EPL
2021-08-28,Norwich,Leicester,1,2,A,14,9,4,3,2021_22,EPL
2021-08-28,West Ham,Crystal Palace,2,2,D,14,9,4,2,2021_22,EPL
2021-08-28,Liverpool,Chelsea,1,1,D,24,6,7,3,2021_22,EPL
2021-08-29,Burnley,Leeds,1,1,D,12,12,3,2,2021_22,EPL
2021-08-29,Tottenham,Watford,1,0,H,15,9,8,2,2021_22,EPL
2021-08-29,Wolves,Man United,0,1,A,15,10,6,3,2021_22,EPL
2021-09-11,Crystal Palace,Tottenham,3,0,H,18,2,4,1,2021_22,EPL
2021-09-11,Arsenal,Norwich,1,0,H,30,10,7,1,2021_22,EPL
2021-09-11,Brentford,Brighton,0,1,A,7,4,1,2,2021_22,EPL
2021-09-11,Leicester,Man City,0,1,A,6,25,1,8,2021_22,EPL
2021-09-11,Man United,Newcastle,4,1,H,21,12,7,3,2021_22,EPL
2021-09-11,Southampton,West Ham,0,0,D,11,13,3,3,2021_22,EPL
2021-09-11,Watford,Wolves,0,2,A,6,14,2,5,2021_22,EPL
2021-09-11,Chelsea,Aston Villa,3,0,H,12,18,4,6,2021_22,EPL
2021-09-12,Leeds,Liverpool,0,3,A,9,30,4,9,2021_22,EPL
2021-09-13,Everton,Burnley,3,1,H,14,11,6,6,2021_22,EPL
2021-09-17,Newcastle,Leeds,1,1,D,17,22,7,9,2021_22,EPL
2021-09-18,Wolves,Brentford,0,2,A,11,9,0,3,2021_22,EPL
2021-09-18,Burnley,Arsenal,0,1,A,18,13,3,3,2021_22,EPL
2021-09-18,Liverpool,Crystal Palace,3,0,H,25,13,10,2,2021_22,EPL
2021-09-18,Man City,Southampton,0,0,D,18,10,1,2,2021_22,EPL
2021-09-18,Norwich,Watford,1,3,A,12,12,5,8,2021_22,EPL
2021-09-18,Aston Villa,Everton,3,0,H,15,11,3,1,2021_22,EPL
2021-09-19,Brighton,Leicester,2,1,H,12,14,5,3,2021_22,EPL
2021-09-19,West Ham,Man United,1,2,A,13,17,4,10,2021_22,EPL
2021-09-19,Tottenham,Chelsea,0,3,A,8,20,2,10,2021_22,EPL
2021-09-25,Chelsea,Man City,0,1,A,5,15,0,4,2021_22,EPL
2021-09-25,Man United,Aston Villa,0,1,A,28,7,4,3,2021_22,EPL
2021-09-25,Everton,Norwich,2,0,H,11,10,4,2,2021_22,EPL
2021-09-25,Leeds,West Ham,1,2,A,15,20,5,7,2021_22,EPL
2021-09-25,Leicester,Burnley,2,2,D,22,9,5,3,2021_22,EPL
2021-09-25,Watford,Newcastle,1,1,D,15,20,4,6,2021_22,EPL
2021-09-25,Brentford,Liverpool,3,3,D,12,16,4,6,2021_22,EPL
2021-09-26,Southampton,Wolves,0,1,A,18,5,6,3,2021_22,EPL
2021-09-26,Arsenal,Tottenham,3,1,H,12,10,7,4,2021_22,EPL
2021-09-27,Crystal Palace,Brighton,1,1,D,8,8,3,4,2021_22,EPL
2021-10-02,Man United,Everton,1,1,D,13,12,6,2,2021_22,EPL
2021-10-02,Burnley,Norwich,0,0,D,14,10,4,2,2021_22,EPL
2021-10-02,Chelsea,Southampton,3,1,H,20,6,9,2,2021_22,EPL
2021-10-02,Leeds,Watford,1,0,H,20,5,4,1,2021_22,EPL
2021-10-02,Wolves,Newcastle,2,1,H,7,8,3,2,2021_22,EPL
2021-10-02,Brighton,Arsenal,0,0,D,21,8,2,2,2021_22,EPL
2021-10-03,Crystal Palace,Leicester,2,2,D,18,9,4,5,2021_22,EPL
2021-10-03,Tottenham,Aston Villa,2,1,H,17,14,8,3,2021_22,EPL
2021-10-03,West Ham,Brentford,1,2,A,18,13,5,6,2021_22,EPL
2021-10-03,Liverpool,Man City,2,2,D,6,12,4,3,2021_22,EPL
2021-10-16,Watford,Liverpool,0,5,A,6,19,2,8,2021_22,EPL
2021-10-16,Aston Villa,Wolves,2,3,A,14,9,5,4,2021_22,EPL
2021-10-16,Leicester,Man United,4,2,H,22,18,11,6,2021_22,EPL
2021-10-16,Man City,Burnley,2,0,H,15,7,6,2,2021_22,EPL
2021-10-16,Norwich,Brighton,0,0,D,15,11,3,3,2021_22,EPL
2021-10-16,Southampton,Leeds,1,0,H,19,3,5,0,2021_22,EPL
2021-10-16,Brentford,Chelsea,0,1,A,17,5,7,1,2021_22,EPL
2021-10-17,Everton,West Ham,0,1,A,15,16,2,4,2021_22,EPL
2021-10-17,Newcastle,Tottenham,2,3,A,7,14,1,4,2021_22,EPL
2021-10-18,Arsenal,Crystal Palace,2,2,D,17,9,6,6,2021_22,EPL
2021-10-22,Arsenal,Aston Villa,3,1,H,22,10,9,4,2021_22,EPL
2021-10-23,Chelsea,Norwich,7,0,H,23,3,13,1,2021_22,EPL
2021-10-23,Crystal Palace,Newcastle,1,1,D,15,6,3,2,2021_22,EPL
2021-10-23,Everton,Watford,2,5,A,15,20,4,8,2021_22,EPL
2021-10-23,Leeds,Wolves,1,1,D,18,8,4,4,2021_22,EPL
2021-10-23,Southampton,Burnley,2,2,D,16,9,4,5,2021_22,EPL
2021-10-23,Brighton,Man City,1,4,A,10,23,5,14,2021_22,EPL
2021-10-24,Brentford,Leicester,1,2,A,15,10,5,6,2021_22,EPL
2021-10-24,West Ham,Tottenham,1,0,H,13,7,4,4,2021_22,EPL
2021-10-24,Man United,Liverpool,0,5,A,12,19,4,8,2021_22,EPL
2021-10-30,Leicester,Arsenal,0,2,A,16,9,8,5,2021_22,EPL
2021-10-30,Burnley,Brentford,3,1,H,15,12,6,5,2021_22,EPL
2021-10-30,Liverpool,Brighton,2,2,D,14,9,3,6,2021_22,EPL
2021-10-30,Man City,Crystal Palace,0,2,A,14,8,3,3,2021_22,EPL
2021-10-30,Newcastle,Chelsea,0,3,A,6,19,1,6,2021_22,EPL
2021-10-30,Watford,Southampton,0,1,A,10,12,4,1,2021_22,EPL
2021-10-30,Tottenham,Man United,0,3,A,9,10,0,4,2021_22,EPL
2021-10-31,Norwich,Leeds,1,2,A,14,13,3,6,2021_22,EPL
2021-10-31,Aston Villa,West Ham,1,4,A,9,21,3,9,2021_22,EPL
2021-11-01,Wolves,Everton,2,1,H,10,14,4,5,2021_22,EPL
2021-11-05,Southampton,Aston Villa,1,0,H,9,14,3,3,2021_22,EPL
2021-11-06,Man United,Man City,0,2,A,5,16,1,5,2021_22,EPL
2021-11-06,Brentford,Norwich,1,2,A,19,9,7,5,2021_22,EPL
2021-11-06,Chelsea,Burnley,1,1,D,25,5,4,2,2021_22,EPL
2021-11-06,Crystal Palace,Wolves,2,0,H,13,4,6,2,2021_22,EPL
2021-11-06,Brighton,Newcastle,1,1,D,14,6,5,1,2021_22,EPL
2021-11-07,Arsenal,Watford,1,0,H,14,7,6,1,2021_22,EPL
2021-11-07,Everton,Tottenham,0,0,D,12,8,2,0,2021_22,EPL
2021-11-07,Leeds,Leicester,1,1,D,18,9,5,3,2021_22,EPL
2021-11-07,West Ham,Liverpool,3,2,H,7,16,3,5,2021_22,EPL
2021-11-20,Leicester,Chelsea,0,3,A,4,16,3,7,2021_22,EPL
2021-11-20,Aston Villa,Brighton,2,0,H,9,6,5,2,2021_22,EPL
2021-11-20,Burnley,Crystal Palace,3,3,D,15,18,9,8,2021_22,EPL
2021-11-20,Newcastle,Brentford,3,3,D,23,10,9,4,2021_22,EPL
2021-11-20,Norwich,Southampton,2,1,H,8,17,4,5,2021_22,EPL
2021-11-20,Watford,Man United,4,1,H,20,9,7,3,2021_22,EPL
2021-11-20,Wolves,West Ham,1,0,H,15,8,5,3,2021_22,EPL
2021-11-20,Liverpool,Arsenal,4,0,H,19,5,9,3,2021_22,EPL
2021-11-21,Man City,Everton,3,0,H,17,4,7,1,2021_22,EPL
2021-11-21,Tottenham,Leeds,2,1,H,13,18,4,7,2021_22,EPL
2021-11-27,Arsenal,Newcastle,2,0,H,24,9,6,5,2021_22,EPL
2021-11-27,Crystal Palace,Aston Villa,1,2,A,8,10,3,3,2021_22,EPL
2021-11-27,Liverpool,Southampton,4,0,H,20,7,6,3,2021_22,EPL
2021-11-27,Norwich,Wolves,0,0,D,14,5,4,2,2021_22,EPL
2021-11-27,Brighton,Leeds,0,0,D,20,11,4,4,2021_22,EPL
2021-11-28,Brentford,Everton,1,0,H,6,14,4,5,2021_22,EPL
2021-11-28,Leicester,Watford,4,2,H,18,16,8,5,2021_22,EPL
2021-11-28,Man City,West Ham,2,1,H,19,5,9,3,2021_22,EPL
2021-11-28,Chelsea,Man United,1,1,D,24,3,6,2,2021_22,EPL
2021-11-30,Newcastle,Norwich,1,1,D,9,16,1,6,2021_22,EPL
2021-11-30,Leeds,Crystal Palace,1,0,H,15,9,3,1,2021_22,EPL
2021-12-01,Southampton,Leicester,2,2,D,15,15,7,6,2021_22,EPL
2021-12-01,Watford,Chelsea,1,2,A,13,8,6,4,2021_22,EPL
2021-12-01,West Ham,Brighton,1,1,D,14,9,6,3,2021_22,EPL
2021-12-01,Wolves,Burnley,0,0,D,16,6,2,1,2021_22,EPL
2021-12-01,Aston Villa,Man City,1,2,A,9,17,3,7,2021_22,EPL
2021-12-01,Everton,Liverpool,1,4,A,8,16,2,7,2021_22,EPL
2021-12-02,Tottenham,Brentford,2,0,H,11,6,6,2,2021_22,EPL
2021-12-02,Man United,Arsenal,3,2,H,14,17,10,8,2021_22,EPL
2021-12-04,West Ham,Chelsea,3,2,H,11,19,5,7,2021_22,EPL
2021-12-04,Newcastle,Burnley,1,0,H,19,10,4,1,2021_22,EPL
2021-12-04,Southampton,Brighton,1,1,D,14,14,4,4,2021_22,EPL
2021-12-04,Wolves,Liverpool,0,1,A,3,17,1,5,2021_22,EPL
2021-12-04,Watford,Man City,1,3,A,11,26,4,13,2021_22,EPL
2021-12-05,Leeds,Brentford,2,2,D,13,9,6,3,2021_22,EPL
2021-12-05,Man United,Crystal Palace,1,0,H,16,8,3,2,2021_22,EPL
2021-12-05,Tottenham,Norwich,3,0,H,17,10,7,1,2021_22,EPL
2021-12-05,Aston Villa,Leicester,2,1,H,13,12,4,5,2021_22,EPL
2021-12-06,Everton,Arsenal,2,1,H,11,10,5,3,2021_22,EPL
2021-12-10,Brentford,Watford,2,1,H,14,6,5,2,2021_22,EPL
2021-12-11,Man City,Wolves,1,0,H,24,2,10,1,2021_22,EPL
2021-12-11,Arsenal,Southampton,3,0,H,15,11,5,6,2021_22,EPL
2021-12-11,Chelsea,Leeds,3,2,H,16,12,6,5,2021_22,EPL
2021-12-11,Liverpool,Aston Villa,1,0,H,20,4,5,0,2021_22,EPL
2021-12-11,Norwich,Man United,0,1,A,11,13,5,5,2021_22,EPL
2021-12-12,Burnley,West Ham,0,0,D,9,16,1,3,2021_22,EPL
2021-12-12,Leicester,Newcastle,4,0,H,8,12,5,3,2021_22,EPL
2021-12-12,Crystal Palace,Everton,3,1,H,17,12,6,6,2021_22,EPL
2021-12-14,Norwich,Aston Villa,0,2,A,7,17,3,6,2021_22,EPL
2021-12-14,Man City,Leeds,7,0,H,31,6,15,3,2021_22,EPL
2021-12-15,Brighton,Wolves,0,1,A,12,8,2,5,2021_22,EPL
2021-12-15,Crystal Palace,Southampton,2,2,D,9,15,6,4,2021_22,EPL
2021-12-15,Arsenal,West Ham,2,0,H,21,7,8,1,2021_22,EPL
2021-12-16,Chelsea,Everton,1,1,D,23,5,10,3,2021_22,EPL
2021-12-16,Liverpool,Newcastle,3,1,H,23,4,8,2,2021_22,EPL
2021-12-18,Leeds,Arsenal,1,4,A,9,21,2,12,2021_22,EPL
2021-12-19,Newcastle,Man City,0,4,A,5,18,1,7,2021_22,EPL
2021-12-19,Wolves,Chelsea,0,0,D,4,8,1,1,2021_22,EPL
2021-12-19,Tottenham,Liverpool,2,2,D,10,18,5,6,2021_22,EPL
2021-12-26,Man City,Leicester,6,3,H,17,14,9,8,2021_22,EPL
2021-12-26,Norwich,Arsenal,0,5,A,4,16,2,6,2021_22,EPL
2021-12-26,Tottenham,Crystal Palace,3,0,H,17,4,6,0,2021_22,EPL
2021-12-26,West Ham,Southampton,2,3,A,11,11,5,6,2021_22,EPL
2021-12-26,Aston Villa,Chelsea,1,3,A,8,10,1,4,2021_22,EPL
2021-12-26,Brighton,Brentford,2,0,H,15,16,5,6,2021_22,EPL
2021-12-27,Newcastle,Man United,1,1,D,13,13,8,4,2021_22,EPL
2021-12-28,Crystal Palace,Norwich,3,0,H,19,12,6,3,2021_22,EPL
2021-12-28,Southampton,Tottenham,1,1,D,9,21,2,11,2021_22,EPL
2021-12-28,Watford,West Ham,1,4,A,14,13,5,6,2021_22,EPL
2021-12-28,Leicester,Liverpool,1,0,H,6,21,1,4,2021_22,EPL
2021-12-29,Chelsea,Brighton,1,1,D,11,18,5,6,2021_22,EPL
2021-12-29,Brentford,Man City,0,1,A,6,12,2,3,2021_22,EPL
2021-12-30,Man United,Burnley,3,1,H,18,10,6,3,2021_22,EPL
2022-01-01,Arsenal,Man City,1,2,A,7,15,2,2,2021_22,EPL
2022-01-01,Watford,Tottenham,0,1,A,6,21,4,9,2021_22,EPL
2022-01-01,Crystal Palace,West Ham,2,3,A,22,10,6,5,2021_22,EPL
2022-01-02,Brentford,Aston Villa,2,1,H,10,16,4,5,2021_22,EPL
2022-01-02,Everton,Brighton,2,3,A,17,12,6,5,2021_22,EPL
2022-01-02,Leeds,Burnley,3,1,H,22,8,7,2,2021_22,EPL
2022-01-02,Chelsea,Liverpool,2,2,D,15,10,6,6,2021_22,EPL
2022-01-03,Man United,Wolves,0,1,A,9,19,2,6,2021_22,EPL
2022-01-11,Southampton,Brentford,4,1,H,12,5,6,4,2021_22,EPL
2022-01-12,West Ham,Norwich,2,0,H,13,7,5,3,2021_22,EPL
2022-01-14,Brighton,Crystal Palace,1,1,D,19,3,4,1,2021_22,EPL
2022-01-15,Man City,Chelsea,1,0,H,11,4,6,1,2021_22,EPL
2022-01-15,Newcastle,Watford,1,1,D,12,18,1,5,2021_22,EPL
2022-01-15,Norwich,Everton,2,1,H,14,12,3,5,2021_22,EPL
2022-01-15,Wolves,Southampton,3,1,H,9,13,5,10,2021_22,EPL
2022-01-15,Aston Villa,Man United,2,2,D,13,13,9,6,2021_22,EPL
2022-01-16,Liverpool,Brentford,3,0,H,27,6,13,1,2021_22,EPL
2022-01-16,West Ham,Leeds,2,3,A,15,18,5,5,2021_22,EPL
2022-01-18,Brighton,Chelsea,1,1,D,10,15,2,3,2021_22,EPL
2022-01-19,Leicester,Tottenham,2,3,A,14,27,4,10,2021_22,EPL
2022-01-19,Brentford,Man United,1,3,A,18,13,8,5,2021_22,EPL
2022-01-21,Watford,Norwich,0,3,A,15,7,4,2,2021_22,EPL
2022-01-22,Everton,Aston Villa,0,1,A,15,8,1,3,2021_22,EPL
2022-01-22,Brentford,Wolves,1,2,A,11,7,1,2,2021_22,EPL
2022-01-22,Leeds,Newcastle,0,1,A,13,15,4,3,2021_22,EPL
2022-01-22,Man United,West Ham,1,0,H,18,6,3,1,2021_22,EPL
2022-01-22,Southampton,Man City,1,1,D,7,20,3,5,2021_22,EPL
2022-01-23,Arsenal,Burnley,0,0,D,20,10,5,1,2021_22,EPL
2022-01-23,Crystal Palace,Liverpool,1,3,A,8,15,5,7,2021_22,EPL
2022-01-23,Leicester,Brighton,1,1,D,15,14,5,5,2021_22,EPL
2022-01-23,Chelsea,Tottenham,2,0,H,15,6,7,3,2021_22,EPL
2022-02-05,Burnley,Watford,0,0,D,13,11,2,5,2021_22,EPL
2022-02-08,Newcastle,Everton,3,1,H,20,11,9,3,2021_22,EPL
2022-02-08,West Ham,Watford,1,0,H,9,6,3,1,2021_22,EPL
2022-02-08,Burnley,Man United,1,1,D,9,22,3,5,2021_22,EPL
2022-02-09,Man City,Brentford,2,0,H,15,6,7,2,2021_22,EPL
2022-02-09,Norwich,Crystal Palace,1,1,D,5,13,1,5,2021_22,EPL
2022-02-09,Tottenham,Southampton,2,3,A,8,23,3,10,2021_22,EPL
2022-02-09,Aston Villa,Leeds,3,3,D,12,16,4,8,2021_22,EPL
2022-02-10,Liverpool,Leicester,2,0,H,22,5,11,1,2021_22,EPL
2022-02-10,Wolves,Arsenal,0,1,A,15,12,4,2,2021_22,EPL
2022-02-12,Man United,Southampton,1,1,D,12,13,8,4,2021_22,EPL
2022-02-12,Brentford,Crystal Palace,0,0,D,9,6,2,3,2021_22,EPL
2022-02-12,Everton,Leeds,3,0,H,21,7,10,0,2021_22,EPL
2022-02-12,Watford,Brighton,0,2,A,9,11,1,6,2021_22,EPL
2022-02-12,Norwich,Man City,0,4,A,8,22,3,9,2021_22,EPL
2022-02-13,Burnley,Liverpool,0,1,A,8,12,5,4,2021_22,EPL
2022-02-13,Newcastle,Aston Villa,1,0,H,10,11,2,1,2021_22,EPL
2022-02-13,Tottenham,Wolves,0,2,A,17,11,7,7,2021_22,EPL
2022-02-13,Leicester,West Ham,2,2,D,13,8,2,3,2021_22,EPL
2022-02-15,Man United,Brighton,2,0,H,19,10,7,3,2021_22,EPL
2022-02-19,West Ham,Newcastle,1,1,D,11,14,3,3,2021_22,EPL
2022-02-19,Arsenal,Brentford,2,1,H,24,6,8,2,2021_22,EPL
2022-02-19,Aston Villa,Watford,0,1,A,20,8,1,4,2021_22,EPL
2022-02-19,Brighton,Burnley,0,3,A,11,10,1,4,2021_22,EPL
2022-02-19,Crystal Palace,Chelsea,0,1,A,7,9,0,3,2021_22,EPL
2022-02-19,Liverpool,Norwich,3,1,H,29,6,8,1,2021_22,EPL
2022-02-19,Southampton,Everton,2,0,H,19,9,11,0,2021_22,EPL
2022-02-19,Man City,Tottenham,2,3,A,21,6,4,5,2021_22,EPL
2022-02-20,Leeds,Man United,2,4,A,16,15,6,9,2021_22,EPL
2022-02-20,Wolves,Leicester,2,1,H,11,17,3,7,2021_22,EPL
2022-02-23,Burnley,Tottenham,1,0,H,15,12,4,2,2021_22,EPL
2022-02-23,Watford,Crystal Palace,1,4,A,8,7,1,5,2021_22,EPL
2022-02-23,Liverpool,Leeds,6,0,H,23,3,15,2,2021_22,EPL
2022-02-24,Arsenal,Wolves,2,1,H,26,6,5,2,2021_22,EPL
2022-02-25,Southampton,Norwich,2,0,H,27,8,9,1,2021_22,EPL
2022-02-26,Leeds,Tottenham,0,4,A,19,15,3,11,2021_22,EPL
2022-02-26,Brentford,Newcastle,0,2,A,6,26,1,11,2021_22,EPL
2022-02-26,Crystal Palace,Burnley,1,1,D,11,5,4,1,2021_22,EPL
2022-02-26,Man United,Watford,0,0,D,22,10,3,2,2021_22,EPL
2022-02-26,Brighton,Aston Villa,0,2,A,12,9,1,4,2021_22,EPL
2022-02-26,Everton,Man City,0,1,A,6,13,2,8,2021_22,EPL
2022-02-27,West Ham,Wolves,1,0,H,13,14,4,1,2021_22,EPL
2022-03-01,Burnley,Leicester,0,2,A,9,22,2,6,2021_22,EPL
2022-03-05,Leicester,Leeds,1,0,H,7,19,4,4,2021_22,EPL
2022-03-05,Aston Villa,Southampton,4,0,H,14,11,9,1,2021_22,EPL
2022-03-05,Burnley,Chelsea,0,4,A,6,11,1,5,2021_22,EPL
2022-03-05,Newcastle,Brighton,2,1,H,10,15,4,4,2021_22,EPL
2022-03-05,Norwich,Brentford,1,3,A,15,10,7,6,2021_22,EPL
2022-03-05,Wolves,Crystal Palace,0,2,A,12,12,5,8,2021_22,EPL
2022-03-05,Liverpool,West Ham,1,0,H,22,13,5,5,2021_22,EPL
2022-03-06,Watford,Arsenal,2,3,A,13,16,7,4,2021_22,EPL
2022-03-06,Man City,Man United,4,1,H,24,5,10,2,2021_22,EPL
2022-03-07,Tottenham,Everton,5,0,H,14,6,7,0,2021_22,EPL
2022-03-10,Norwich,Chelsea,1,3,A,9,15,3,7,2021_22,EPL
2022-03-10,Southampton,Newcastle,1,2,A,14,8,5,4,2021_22,EPL
2022-03-10,Wolves,Watford,4,0,H,10,9,5,0,2021_22,EPL
2022-03-10,Leeds,Aston Villa,0,3,A,4,15,1,9,2021_22,EPL
2022-03-12,Brighton,Liverpool,0,2,A,8,18,3,9,2021_22,EPL
2022-03-12,Brentford,Burnley,2,0,H,13,7,4,1,2021_22,EPL
2022-03-12,Man United,Tottenham,3,2,H,10,10,6,3,2021_22,EPL
2022-03-13,Chelsea,Newcastle,1,0,H,8,7,3,2,2021_22,EPL
2022-03-13,Everton,Wolves,0,1,A,8,14,2,3,2021_22,EPL
2022-03-13,Leeds,Norwich,2,1,H,13,12,7,4,2021_22,EPL
2022-03-13,Southampton,Watford,1,2,A,13,9,7,5,2021_22,EPL
2022-03-13,West Ham,Aston Villa,2,1,H,11,13,4,7,2021_22,EPL
2022-03-13,Arsenal,Leicester,2,0,H,21,6,8,3,2021_22,EPL
2022-03-14,Crystal Palace,Man City,0,0,D,7,18,1,4,2021_22,EPL
2022-03-16,Brighton,Tottenham,0,2,A,15,17,0,7,2021_22,EPL
2022-03-16,Arsenal,Liverpool,0,2,A,9,9,2,3,2021_22,EPL
2022-03-17,Everton,Newcastle,1,0,H,9,17,3,6,2021_22,EPL
2022-03-18,Wolves,Leeds,2,3,A,14,15,8,6,2021_22,EPL
2022-03-19,Aston Villa,Arsenal,0,1,A,8,10,1,3,2021_22,EPL
2022-03-20,Leicester,Brentford,2,1,H,12,15,4,6,2021_22,EPL
2022-03-20,Tottenham,West Ham,3,1,H,17,6,4,1,2021_22,EPL
2022-04-02,Liverpool,Watford,2,0,H,20,5,3,2,2021_22,EPL
2022-04-02,Brighton,Norwich,0,0,D,31,6,4,0,2021_22,EPL
2022-04-02,Burnley,Man City,0,2,A,3,18,1,6,2021_22,EPL
2022-04-02,Chelsea,Brentford,1,4,A,21,17,8,6,2021_22,EPL
2022-04-02,Leeds,Southampton,1,1,D,12,14,3,6,2021_22,EPL
2022-04-02,Wolves,Aston Villa,2,1,H,11,15,5,5,2021_22,EPL
2022-04-02,Man United,Leicester,1,1,D,11,11,5,3,2021_22,EPL
2022-04-03,West Ham,Everton,2,1,H,11,13,5,2,2021_22,EPL
2022-04-03,Tottenham,Newcastle,5,1,H,19,8,6,1,2021_22,EPL
2022-04-04,Crystal Palace,Arsenal,3,0,H,6,12,5,3,2021_22,EPL
2022-04-06,Burnley,Everton,3,2,H,13,16,4,4,2021_22,EPL
2022-04-08,Newcastle,Wolves,1,0,H,12,5,4,2,2021_22,EPL
2022-04-09,Everton,Man United,1,0,H,7,12,3,4,2021_22,EPL
2022-04-09,Arsenal,Brighton,1,2,A,20,8,4,3,2021_22,EPL
2022-04-09,Southampton,Chelsea,0,6,A,4,24,1,14,2021_22,EPL
2022-04-09,Watford,Leeds,0,3,A,8,10,1,5,2021_22,EPL
2022-04-09,Aston Villa,Tottenham,0,4,A,9,11,8,5,2021_22,EPL
2022-04-10,Brentford,West Ham,2,0,H,15,5,7,1,2021_22,EPL
2022-04-10,Leicester,Crystal Palace,2,1,H,12,11,3,3,2021_22,EPL
2022-04-10,Norwich,Burnley,2,0,H,17,18,6,4,2021_22,EPL
2022-04-10,Man City,Liverpool,2,2,D,11,6,5,4,2021_22,EPL
2022-04-16,Tottenham,Brighton,0,1,A,5,12,0,5,2021_22,EPL
2022-04-16,Man United,Norwich,3,2,H,20,15,9,4,2021_22,EPL
2022-04-16,Southampton,Arsenal,1,0,H,9,23,3,6,2021_22,EPL
2022-04-16,Watford,Brentford,1,2,A,17,16,4,5,2021_22,EPL
2022-04-17,Newcastle,Leicester,2,1,H,16,8,7,2,2021_22,EPL
2022-04-17,West Ham,Burnley,1,1,D,21,9,8,1,2021_22,EPL
2022-04-19,Liverpool,Man United,4,0,H,14,2,5,1,2021_22,EPL
2022-04-20,Chelsea,Arsenal,2,4,A,11,14,2,4,2021_22,EPL
2022-04-20,Everton,Leicester,1,1,D,13,11,3,3,2021_22,EPL
2022-04-20,Newcastle,Crystal Palace,1,0,H,13,10,4,2,2021_22,EPL
2022-04-20,Man City,Brighton,3,0,H,17,2,5,1,2021_22,EPL
2022-04-21,Burnley,Southampton,2,0,H,16,11,6,3,2021_22,EPL
2022-04-23,Arsenal,Man United,3,1,H,14,14,7,5,2021_22,EPL
2022-04-23,Leicester,Aston Villa,0,0,D,5,11,2,3,2021_22,EPL
2022-04-23,Man City,Watford,5,1,H,21,5,8,2,2021_22,EPL
2022-04-23,Norwich,Newcastle,0,3,A,5,13,2,7,2021_22,EPL
2022-04-23,Brentford,Tottenham,0,0,D,15,9,2,0,2021_22,EPL
2022-04-24,Brighton,Southampton,2,2,D,8,18,5,5,2021_22,EPL
2022-04-24,Burnley,Wolves,1,0,H,14,10,5,4,2021_22,EPL
2022-04-24,Chelsea,West Ham,1,0,H,26,6,5,2,2021_22,EPL
2022-04-24,Liverpool,Everton,2,0,H,18,9,4,1,2021_22,EPL
2022-04-25,Crystal Palace,Leeds,0,0,D,17,9,7,2,2021_22,EPL
2022-04-28,Man United,Chelsea,1,1,D,6,21,3,6,2021_22,EPL
2022-04-30,Newcastle,Liverpool,0,1,A,4,24,2,10,2021_22,EPL
2022-04-30,Aston Villa,Norwich,2,0,H,21,9,6,3,2021_22,EPL
2022-04-30,Southampton,Crystal Palace,1,2,A,8,14,3,5,2021_22,EPL
2022-04-30,Watford,Burnley,1,2,A,13,17,1,6,2021_22,EPL
2022-04-30,Wolves,Brighton,0,3,A,11,17,1,9,2021_22,EPL
2022-04-30,Leeds,Man City,0,4,A,7,19,2,6,2021_22,EPL
2022-05-01,Everton,Chelsea,1,0,H,9,17,4,5,2021_22,EPL
2022-05-01,Tottenham,Leicester,3,1,H,13,6,7,2,2021_22,EPL
2022-05-01,West Ham,Arsenal,1,2,A,8,13,3,7,2021_22,EPL
2022-05-02,Man United,Brentford,3,0,H,9,12,5,4,2021_22,EPL
2022-05-07,Brentford,Southampton,3,0,H,18,19,5,4,2021_22,EPL
2022-05-07,Burnley,Aston Villa,1,3,A,14,12,6,7,2021_22,EPL
2022-05-07,Chelsea,Wolves,2,2,D,19,14,6,4,2021_22,EPL
2022-05-07,Crystal Palace,Watford,1,0,H,15,6,7,1,2021_22,EPL
2022-05-07,Brighton,Man United,4,0,H,17,15,6,5,2021_22,EPL
2022-05-07,Liverpool,Tottenham,1,1,D,22,8,3,3,2021_22,EPL
2022-05-08,Arsenal,Leeds,2,1,H,19,3,9,2,2021_22,EPL
2022-05-08,Leicester,Everton,1,2,A,16,10,9,4,2021_22,EPL
2022-05-08,Norwich,West Ham,0,4,A,8,13,2,5,2021_22,EPL
2022-05-08,Man City,Newcastle,5,0,H,21,7,9,3,2021_22,EPL
2022-05-10,Aston Villa,Liverpool,1,2,A,9,17,4,6,2021_22,EPL
2022-05-11,Leeds,Chelsea,0,3,A,5,17,0,4,2021_22,EPL
2022-05-11,Leicester,Norwich,3,0,H,20,9,8,5,2021_22,EPL
2022-05-11,Watford,Everton,0,0,D,6,16,0,5,2021_22,EPL
2022-05-11,Wolves,Man City,1,5,A,7,16,3,5,2021_22,EPL
2022-05-12,Tottenham,Arsenal,3,0,H,16,8,6,4,2021_22,EPL
2022-05-15,Tottenham,Burnley,1,0,H,21,8,8,1,2021_22,EPL
2022-05-15,Aston Villa,Crystal Palace,1,1,D,13,16,4,4,2021_22,EPL
2022-05-15,Leeds,Brighton,1,1,D,19,16,5,6,2021_22,EPL
2022-05-15,Watford,Leicester,1,5,A,13,13,5,7,2021_22,EPL
2022-05-15,West Ham,Man City,2,2,D,6,31,2,8,2021_22,EPL
2022-05-15,Wolves,Norwich,1,1,D,17,11,4,2,2021_22,EPL
2022-05-15,Everton,Brentford,2,3,A,10,18,5,7,2021_22,EPL
2022-05-16,Newcastle,Arsenal,2,0,H,16,11,4,2,2021_22,EPL
2022-05-17,Southampton,Liverpool,1,2,A,4,24,2,5,2021_22,EPL
2022-05-19,Everton,Crystal Palace,3,2,H,12,7,6,5,2021_22,EPL
2022-05-19,Aston Villa,Burnley,1,1,D,22,10,9,5,2021_22,EPL
2022-05-19,Chelsea,Leicester,1,1,D,20,2,7,1,2021_22,EPL
2022-05-22,Arsenal,Everton,5,1,H,26,6,9,2,2021_22,EPL
2022-05-22,Brentford,Leeds,1,2,A,14,14,5,6,2021_22,EPL
2022-05-22,Brighton,West Ham,3,1,H,18,7,7,2,2021_22,EPL
2022-05-22,Burnley,Newcastle,1,2,A,12,8,5,6,2021_22,EPL
2022-05-22,Chelsea,Watford,2,1,H,19,8,8,3,2021_22,EPL
2022-05-22,Crystal Palace,Man United,1,0,H,6,10,3,4,2021_22,EPL
2022-05-22,Leicester,Southampton,4,1,H,12,7,6,2,2021_22,EPL
2022-05-22,Liverpool,Wolves,3,1,H,29,7,8,5,2021_22,EPL
2022-05-22,Man City,Aston Villa,3,2,H,24,4,5,2,2021_22,EPL
2022-05-22,Norwich,Tottenham,0,5,A,9,19,0,13,2021_22,EPL
2022-08-05,Crystal Palace,Arsenal,0,2,A,10,10,2,2,2022_23,EPL
2022-08-06,Fulham,Liverpool,2,2,D,9,11,3,4,2022_23,EPL
2022-08-06,Bournemouth,Aston Villa,2,0,H,7,15,3,2,2022_23,EPL
2022-08-06,Leeds,Wolves,2,1,H,12,15,4,6,2022_23,EPL
2022-08-06,Newcastle,Nott'm Forest,2,0,H,23,5,10,0,2022_23,EPL
2022-08-06,Tottenham,Southampton,4,1,H,18,10,8,2,2022_23,EPL
2022-08-06,Everton,Chelsea,0,1,A,8,15,4,6,2022_23,EPL
2022-08-07,Leicester,Brentford,2,2,D,14,8,5,3,2022_23,EPL
2022-08-07,Man United,Brighton,1,2,A,17,15,5,4,2022_23,EPL
2022-08-07,West Ham,Man City,0,2,A,6,14,1,2,2022_23,EPL
2022-08-13,Aston Villa,Everton,2,1,H,12,15,4,4,2022_23,EPL
2022-08-13,Arsenal,Leicester,4,2,H,19,6,7,2,2022_23,EPL
2022-08-13,Brighton,Newcastle,0,0,D,13,4,7,1,2022_23,EPL
2022-08-13,Man City,Bournemouth,4,0,H,19,3,7,1,2022_23,EPL
2022-08-13,Southampton,Leeds,2,2,D,14,13,4,5,2022_23,EPL
2022-08-13,Wolves,Fulham,0,0,D,7,9,1,3,2022_23,EPL
2022-08-13,Brentford,Man United,4,0,H,13,15,7,4,2022_23,EPL
2022-08-14,Nott'm Forest,West Ham,1,0,H,13,19,6,5,2022_23,EPL
2022-08-14,Chelsea,Tottenham,2,2,D,16,10,3,5,2022_23,EPL
2022-08-15,Liverpool,Crystal Palace,1,1,D,24,7,4,3,2022_23,EPL
2022-08-20,Tottenham,Wolves,1,0,H,11,20,4,3,2022_23,EPL
2022-08-20,Crystal Palace,Aston Villa,3,1,H,17,13,9,5,2022_23,EPL
2022-08-20,Everton,Nott'm Forest,1,1,D,19,14,8,5,2022_23,EPL
2022-08-20,Fulham,Brentford,3,2,H,18,13,9,5,2022_23,EPL
2022-08-20,Leicester,Southampton,1,2,A,6,9,1,3,2022_23,EPL
2022-08-20,Bournemouth,Arsenal,0,3,A,6,14,1,6,2022_23,EPL
2022-08-21,Leeds,Chelsea,3,0,H,12,14,6,3,2022_23,EPL
2022-08-21,West Ham,Brighton,0,2,A,13,11,3,2,2022_23,EPL
2022-08-21,Newcastle,Man City,3,3,D,12,21,6,10,2022_23,EPL
2022-08-22,Man United,Liverpool,2,1,H,12,17,4,5,2022_23,EPL
2022-08-27,Southampton,Man United,0,1,A,17,11,5,6,2022_23,EPL
2022-08-27,Brentford,Everton,1,1,D,19,14,5,7,2022_23,EPL
2022-08-27,Brighton,Leeds,1,0,H,13,10,4,2,2022_23,EPL
2022-08-27,Chelsea,Leicester,2,1,H,7,17,3,5,2022_23,EPL
2022-08-27,Liverpool,Bournemouth,9,0,H,19,5,12,2,2022_23,EPL
2022-08-27,Man City,Crystal Palace,4,2,H,18,2,5,2,2022_23,EPL
2022-08-27,Arsenal,Fulham,2,1,H,22,11,8,3,2022_23,EPL
2022-08-28,Aston Villa,West Ham,0,1,A,9,7,3,2,2022_23,EPL
2022-08-28,Wolves,Newcastle,1,1,D,10,21,4,6,2022_23,EPL
2022-08-28,Nott'm Forest,Tottenham,0,2,A,17,18,1,7,2022_23,EPL
2022-08-30,Crystal Palace,Brentford,1,1,D,13,9,4,3,2022_23,EPL
2022-08-30,Fulham,Brighton,2,1,H,10,7,3,4,2022_23,EPL
2022-08-30,Southampton,Chelsea,2,1,H,9,10,7,4,2022_23,EPL
2022-08-30,Leeds,Everton,1,1,D,14,7,5,2,2022_23,EPL
2022-08-31,Arsenal,Aston Villa,2,1,H,22,4,9,3,2022_23,EPL
2022-08-31,Bournemouth,Wolves,0,0,D,5,17,2,4,2022_23,EPL
2022-08-31,Man City,Nott'm Forest,6,0,H,17,8,9,1,2022_23,EPL
2022-08-31,West Ham,Tottenham,1,1,D,14,13,4,4,2022_23,EPL
2022-08-31,Liverpool,Newcastle,2,1,H,23,5,6,2,2022_23,EPL
2022-09-01,Leicester,Man United,0,1,A,10,9,2,2,2022_23,EPL
2022-09-03,Everton,Liverpool,0,0,D,14,23,3,8,2022_23,EPL
2022-09-03,Brentford,Leeds,5,2,H,14,17,8,6,2022_23,EPL
2022-09-03,Chelsea,West Ham,2,1,H,8,6,3,3,2022_23,EPL
2022-09-03,Newcastle,Crystal Palace,0,0,D,23,19,6,9,2022_23,EPL
2022-09-03,Nott'm Forest,Bournemouth,2,3,A,11,8,3,3,2022_23,EPL
2022-09-03,Tottenham,Fulham,2,1,H,23,9,10,3,2022_23,EPL
2022-09-03,Wolves,Southampton,1,0,H,7,12,2,1,2022_23,EPL
2022-09-03,Aston Villa,Man City,1,1,D,3,13,1,4,2022_23,EPL
2022-09-04,Brighton,Leicester,5,2,H,23,6,11,4,2022_23,EPL
2022-09-04,Man United,Arsenal,3,1,H,10,16,6,3,2022_23,EPL
2022-09-16,Aston Villa,Southampton,1,0,H,11,7,3,1,2022_23,EPL
2022-09-16,Nott'm Forest,Fulham,2,3,A,11,15,3,7,2022_23,EPL
2022-09-17,Wolves,Man City,0,3,A,6,16,1,7,2022_23,EPL
2022-09-17,Newcastle,Bournemouth,1,1,D,20,10,7,3,2022_23,EPL
2022-09-17,Tottenham,Leicester,6,2,H,16,19,11,7,2022_23,EPL
2022-09-18,Brentford,Arsenal,0,3,A,5,13,2,7,2022_23,EPL
2022-09-18,Everton,West Ham,1,0,H,7,14,2,4,2022_23,EPL
2022-10-01,Arsenal,Tottenham,3,1,H,22,7,9,3,2022_23,EPL
2022-10-01,Bournemouth,Brentford,0,0,D,7,13,1,4,2022_23,EPL
2022-10-01,Crystal Palace,Chelsea,1,2,A,7,13,3,3,2022_23,EPL
2022-10-01,Fulham,Newcastle,1,4,A,3,19,1,10,2022_23,EPL
2022-10-01,Liverpool,Brighton,3,3,D,15,6,7,6,2022_23,EPL
2022-10-01,Southampton,Everton,1,2,A,22,12,6,5,2022_23,EPL
2022-10-01,West Ham,Wolves,2,0,H,18,15,5,4,2022_23,EPL
2022-10-02,Man City,Man United,6,3,H,22,12,10,8,2022_23,EPL
2022-10-02,Leeds,Aston Villa,0,0,D,9,19,1,7,2022_23,EPL
2022-10-03,Leicester,Nott'm Forest,4,0,H,17,10,7,3,2022_23,EPL
2022-10-08,Bournemouth,Leicester,2,1,H,10,9,4,5,2022_23,EPL
2022-10-08,Chelsea,Wolves,3,0,H,20,8,7,2,2022_23,EPL
2022-10-08,Man City,Southampton,4,0,H,21,5,8,0,2022_23,EPL
2022-10-08,Newcastle,Brentford,5,1,H,16,6,6,3,2022_23,EPL
2022-10-08,Brighton,Tottenham,0,1,A,14,8,4,3,2022_23,EPL
2022-10-09,Crystal Palace,Leeds,2,1,H,13,10,5,4,2022_23,EPL
2022-10-09,West Ham,Fulham,3,1,H,17,8,8,2,2022_23,EPL
2022-10-09,Arsenal,Liverpool,3,2,H,11,8,7,3,2022_23,EPL
2022-10-09,Everton,Man United,1,2,A,11,12,2,4,2022_23,EPL
2022-10-10,Nott'm Forest,Aston Villa,1,1,D,6,12,3,2,2022_23,EPL
2022-10-14,Brentford,Brighton,2,0,H,7,21,3,7,2022_23,EPL
2022-10-15,Leicester,Crystal Palace,0,0,D,14,8,5,1,2022_23,EPL
2022-10-15,Fulham,Bournemouth,2,2,D,19,10,4,6,2022_23,EPL
2022-10-15,Wolves,Nott'm Forest,1,0,H,9,10,2,2,2022_23,EPL
2022-10-15,Tottenham,Everton,2,0,H,21,4,7,0,2022_23,EPL
2022-10-16,Aston Villa,Chelsea,0,2,A,18,8,7,4,2022_23,EPL
2022-10-16,Leeds,Arsenal,0,1,A,16,9,4,4,2022_23,EPL
2022-10-16,Man United,Newcastle,0,0,D,15,9,2,2,2022_23,EPL
2022-10-16,Southampton,West Ham,1,1,D,10,25,8,4,2022_23,EPL
2022-10-16,Liverpool,Man City,1,0,H,13,16,2,6,2022_23,EPL
2022-10-18,Brighton,Nott'm Forest,0,0,D,19,3,7,0,2022_23,EPL
2022-10-18,Crystal Palace,Wolves,2,1,H,14,10,4,4,2022_23,EPL
2022-10-19,Bournemouth,Southampton,0,1,A,15,9,3,3,2022_23,EPL
2022-10-19,Brentford,Chelsea,0,0,D,8,14,5,5,2022_23,EPL
2022-10-19,Liverpool,West Ham,1,0,H,22,8,7,3,2022_23,EPL
2022-10-19,Newcastle,Everton,1,0,H,16,1,4,0,2022_23,EPL
2022-10-19,Man United,Tottenham,2,0,H,28,9,10,2,2022_23,EPL
2022-10-20,Fulham,Aston Villa,3,0,H,18,12,8,6,2022_23,EPL
2022-10-20,Leicester,Leeds,2,0,H,5,14,1,2,2022_23,EPL
2022-10-22,Nott'm Forest,Liverpool,1,0,H,10,15,7,7,2022_23,EPL
2022-10-22,Everton,Crystal Palace,3,0,H,9,9,6,2,2022_23,EPL
2022-10-22,Man City,Brighton,3,1,H,10,8,4,2,2022_23,EPL
2022-10-22,Chelsea,Man United,1,1,D,6,13,2,6,2022_23,EPL
2022-10-23,Aston Villa,Brentford,4,0,H,19,12,11,3,2022_23,EPL
2022-10-23,Leeds,Fulham,2,3,A,14,11,5,5,2022_23,EPL
2022-10-23,Southampton,Arsenal,1,1,D,10,12,3,3,2022_23,EPL
2022-10-23,Wolves,Leicester,0,4,A,21,5,5,4,2022_23,EPL
2022-10-23,Tottenham,Newcastle,1,2,A,17,13,5,5,2022_23,EPL
2022-10-24,West Ham,Bournemouth,2,0,H,20,5,4,3,2022_23,EPL
2022-10-29,Leicester,Man City,0,1,A,10,15,5,5,2022_23,EPL
2022-10-29,Bournemouth,Tottenham,2,3,A,6,23,4,7,2022_23,EPL
2022-10-29,Brentford,Wolves,1,1,D,12,14,3,4,2022_23,EPL
2022-10-29,Brighton,Chelsea,4,1,H,19,15,9,7,2022_23,EPL
2022-10-29,Crystal Palace,Southampton,1,0,H,12,14,3,4,2022_23,EPL
2022-10-29,Newcastle,Aston Villa,4,0,H,20,3,7,0,2022_23,EPL
2022-10-29,Fulham,Everton,0,0,D,24,9,6,4,2022_23,EPL
2022-10-29,Liverpool,Leeds,1,2,A,22,14,10,6,2022_23,EPL
2022-10-30,Arsenal,Nott'm Forest,5,0,H,24,5,10,2,2022_23,EPL
2022-10-30,Man United,West Ham,1,0,H,16,13,3,5,2022_23,EPL
2022-11-05,Leeds,Bournemouth,4,3,H,18,9,4,6,2022_23,EPL
2022-11-05,Man City,Fulham,2,1,H,16,4,5,2,2022_23,EPL
2022-11-05,Nott'm Forest,Brentford,2,2,D,15,6,7,2,2022_23,EPL
2022-11-05,Wolves,Brighton,2,3,A,8,19,5,8,2022_23,EPL
2022-11-05,Everton,Leicester,0,2,A,12,22,2,8,2022_23,EPL
2022-11-06,Chelsea,Arsenal,0,1,A,5,14,1,2,2022_23,EPL
2022-11-06,Aston Villa,Man United,3,1,H,6,8,4,3,2022_23,EPL
2022-11-06,Southampton,Newcastle,1,4,A,16,7,5,4,2022_23,EPL
2022-11-06,West Ham,Crystal Palace,1,2,A,5,15,2,6,2022_23,EPL
2022-11-06,Tottenham,Liverpool,1,2,A,14,13,5,6,2022_23,EPL
2022-11-12,Man City,Brentford,1,2,A,29,10,6,8,2022_23,EPL
2022-11-12,Bournemouth,Everton,3,0,H,16,15,9,3,2022_23,EPL
2022-11-12,Liverpool,Southampton,3,1,H,15,9,7,5,2022_23,EPL
2022-11-12,Nott'm Forest,Crystal Palace,1,0,H,9,8,2,0,2022_23,EPL
2022-11-12,Tottenham,Leeds,4,3,H,14,12,8,5,2022_23,EPL
2022-11-12,West Ham,Leicester,0,2,A,18,9,6,6,2022_23,EPL
2022-11-12,Newcastle,Chelsea,1,0,H,10,5,3,2,2022_23,EPL
2022-11-12,Wolves,Arsenal,0,2,A,11,14,2,4,2022_23,EPL
2022-11-13,Brighton,Aston Villa,1,2,A,7,8,2,2,2022_23,EPL
2022-11-13,Fulham,Man United,1,2,A,14,14,7,9,2022_23,EPL
2022-12-26,Brentford,Tottenham,2,2,D,9,16,5,8,2022_23,EPL
2022-12-26,Crystal Palace,Fulham,0,3,A,4,23,0,11,2022_23,EPL
2022-12-26,Everton,Wolves,1,2,A,12,7,6,4,2022_23,EPL
2022-12-26,Leicester,Newcastle,0,3,A,8,12,2,5,2022_23,EPL
2022-12-26,Southampton,Brighton,1,3,A,14,7,4,4,2022_23,EPL
2022-12-26,Aston Villa,Liverpool,1,3,A,12,16,6,9,2022_23,EPL
2022-12-26,Arsenal,West Ham,3,1,H,16,8,5,4,2022_23,EPL
2022-12-27,Chelsea,Bournemouth,2,0,H,15,9,5,4,2022_23,EPL
2022-12-27,Man United,Nott'm Forest,3,0,H,17,8,8,3,2022_23,EPL
2022-12-28,Leeds,Man City,1,3,A,9,26,1,9,2022_23,EPL
2022-12-30,West Ham,Brentford,0,2,A,20,9,5,6,2022_23,EPL
2022-12-30,Liverpool,Leicester,2,1,H,21,7,5,2,2022_23,EPL
2022-12-31,Wolves,Man United,0,1,A,10,16,3,6,2022_23,EPL
2022-12-31,Bournemouth,Crystal Palace,0,2,A,6,15,2,6,2022_23,EPL
2022-12-31,Fulham,Southampton,2,1,H,8,9,2,3,2022_23,EPL
2022-12-31,Man City,Everton,1,1,D,16,2,3,1,2022_23,EPL
2022-12-31,Newcastle,Leeds,0,0,D,16,8,5,1,2022_23,EPL
2022-12-31,Brighton,Arsenal,2,4,A,9,14,5,7,2022_23,EPL
2023-01-01,Tottenham,Aston Villa,0,2,A,6,13,2,4,2022_23,EPL
2023-01-01,Nott'm Forest,Chelsea,1,1,D,12,7,5,2,2022_23,EPL
2023-01-02,Brentford,Liverpool,3,1,H,10,16,7,6,2022_23,EPL
2023-01-03,Arsenal,Newcastle,0,0,D,17,8,4,1,2022_23,EPL
2023-01-03,Everton,Brighton,1,4,A,10,19,4,8,2022_23,EPL
2023-01-03,Leicester,Fulham,0,1,A,15,11,6,2,2022_23,EPL
2023-01-03,Man United,Bournemouth,3,0,H,18,7,6,4,2022_23,EPL
2023-01-04,Southampton,Nott'm Forest,0,1,A,8,11,0,1,2022_23,EPL
2023-01-04,Leeds,West Ham,2,2,D,14,15,6,2,2022_23,EPL
2023-01-04,Aston Villa,Wolves,1,1,D,13,10,4,3,2022_23,EPL
2023-01-04,Crystal Palace,Tottenham,0,4,A,19,14,4,6,2022_23,EPL
2023-01-05,Chelsea,Man City,0,1,A,8,12,2,3,2022_23,EPL
2023-01-12,Fulham,Chelsea,2,1,H,8,20,3,10,2022_23,EPL
2023-01-13,Aston Villa,Leeds,2,1,H,11,16,5,4,2022_23,EPL
2023-01-14,Man United,Man City,2,1,H,8,5,4,1,2022_23,EPL
2023-01-14,Brighton,Liverpool,3,0,H,16,6,9,2,2022_23,EPL
2023-01-14,Everton,Southampton,1,2,A,12,13,4,5,2022_23,EPL
2023-01-14,Nott'm Forest,Leicester,2,0,H,15,6,5,1,2022_23,EPL
2023-01-14,Wolves,West Ham,1,0,H,17,16,4,4,2022_23,EPL
2023-01-14,Brentford,Bournemouth,2,0,H,12,7,4,2,2022_23,EPL
2023-01-15,Chelsea,Crystal Palace,1,0,H,15,10,5,5,2022_23,EPL
2023-01-15,Newcastle,Fulham,1,0,H,20,5,5,0,2022_23,EPL
2023-01-15,Tottenham,Arsenal,0,2,A,17,14,7,5,2022_23,EPL
2023-01-18,Crystal Palace,Man United,1,1,D,10,15,5,4,2022_23,EPL
2023-01-19,Man City,Tottenham,4,2,H,16,9,6,3,2022_23,EPL
2023-01-21,Liverpool,Chelsea,0,0,D,15,11,3,2,2022_23,EPL
2023-01-21,Bournemouth,Nott'm Forest,1,1,D,16,20,4,5,2022_23,EPL
2023-01-21,Leicester,Brighton,2,2,D,9,13,2,4,2022_23,EPL
2023-01-21,Southampton,Aston Villa,0,1,A,8,16,5,5,2022_23,EPL
2023-01-21,West Ham,Everton,2,0,H,11,5,4,2,2022_23,EPL
2023-01-21,Crystal Palace,Newcastle,0,0,D,6,16,1,7,2022_23,EPL
2023-01-22,Leeds,Brentford,0,0,D,9,6,5,0,2022_23,EPL
2023-01-22,Man City,Wolves,3,0,H,13,10,7,1,2022_23,EPL
2023-01-22,Arsenal,Man United,3,2,H,25,6,5,4,2022_23,EPL
2023-01-23,Fulham,Tottenham,0,1,A,10,10,5,3,2022_23,EPL
2023-02-03,Chelsea,Fulham,0,0,D,12,10,3,4,2022_23,EPL
2023-02-04,Everton,Arsenal,1,0,H,12,15,4,3,2022_23,EPL
2023-02-04,Aston Villa,Leicester,2,4,A,19,9,4,5,2022_23,EPL
2023-02-04,Brentford,Southampton,3,0,H,14,14,4,6,2022_23,EPL
2023-02-04,Brighton,Bournemouth,1,0,H,20,12,6,2,2022_23,EPL
2023-02-04,Man United,Crystal Palace,2,1,H,14,10,5,3,2022_23,EPL
2023-02-04,Wolves,Liverpool,3,0,H,12,22,6,4,2022_23,EPL
2023-02-04,Newcastle,West Ham,1,1,D,8,10,2,1,2022_23,EPL
2023-02-05,Nott'm Forest,Leeds,1,0,H,6,10,2,4,2022_23,EPL
2023-02-05,Tottenham,Man City,1,0,H,12,15,3,5,2022_23,EPL
2023-02-08,Man United,Leeds,2,2,D,24,8,7,2,2022_23,EPL
2023-02-11,West Ham,Chelsea,1,1,D,10,12,2,4,2022_23,EPL
2023-02-11,Arsenal,Brentford,1,1,D,23,9,7,2,2022_23,EPL
2023-02-11,Crystal Palace,Brighton,1,1,D,6,17,1,7,2022_23,EPL
2023-02-11,Fulham,Nott'm Forest,2,0,H,16,10,3,1,2022_23,EPL
2023-02-11,Leicester,Tottenham,4,1,H,15,11,7,4,2022_23,EPL
2023-02-11,Southampton,Wolves,1,2,A,17,11,2,2,2022_23,EPL
2023-02-11,Bournemouth,Newcastle,1,1,D,11,15,5,7,2022_23,EPL
2023-02-12,Leeds,Man United,0,2,A,16,11,6,5,2022_23,EPL
2023-02-12,Man City,Aston Villa,3,1,H,17,6,9,2,2022_23,EPL
2023-02-13,Liverpool,Everton,2,0,H,15,6,6,1,2022_23,EPL
2023-02-15,Arsenal,Man City,1,3,A,10,9,1,6,2022_23,EPL
2023-02-18,Aston Villa,Arsenal,2,4,A,7,20,5,5,2022_23,EPL
2023-02-18,Brentford,Crystal Palace,1,1,D,12,10,5,4,2022_23,EPL
2023-02-18,Brighton,Fulham,0,1,A,21,5,7,2,2022_23,EPL
2023-02-18,Chelsea,Southampton,0,1,A,17,8,5,5,2022_23,EPL
2023-02-18,Everton,Leeds,1,0,H,15,8,6,0,2022_23,EPL
2023-02-18,Nott'm Forest,Man City,1,1,D,4,26,1,6,2022_23,EPL
2023-02-18,Wolves,Bournemouth,0,1,A,15,5,4,1,2022_23,EPL
2023-02-18,Newcastle,Liverpool,0,2,A,14,13,4,7,2022_23,EPL
2023-02-19,Man United,Leicester,3,0,H,26,19,8,3,2022_23,EPL
2023-02-19,Tottenham,West Ham,2,0,H,16,6,6,1,2022_23,EPL
2023-02-24,Fulham,Wolves,1,1,D,10,8,5,2,2022_23,EPL
2023-02-25,Everton,Aston Villa,0,2,A,15,9,5,5,2022_23,EPL
2023-02-25,Leeds,Southampton,1,0,H,14,8,4,2,2022_23,EPL
2023-02-25,Leicester,Arsenal,0,1,A,1,10,0,2,2022_23,EPL
2023-02-25,West Ham,Nott'm Forest,4,0,H,18,8,5,3,2022_23,EPL
2023-02-25,Bournemouth,Man City,1,4,A,13,20,2,5,2022_23,EPL
2023-02-25,Crystal Palace,Liverpool,0,0,D,6,12,0,4,2022_23,EPL
2023-02-26,Tottenham,Chelsea,2,0,H,8,10,3,2,2022_23,EPL
2023-03-01,Arsenal,Everton,4,0,H,15,8,5,5,2022_23,EPL
2023-03-01,Liverpool,Wolves,2,0,H,15,4,6,1,2022_23,EPL
2023-03-04,Man City,Newcastle,2,0,H,11,5,3,2,2022_23,EPL
2023-03-04,Arsenal,Bournemouth,3,2,H,31,4,9,4,2022_23,EPL
2023-03-04,Aston Villa,Crystal Palace,1,0,H,8,3,1,0,2022_23,EPL
2023-03-04,Brighton,West Ham,4,0,H,20,3,9,2,2022_23,EPL
2023-03-04,Chelsea,Leeds,1,0,H,13,11,3,2,2022_23,EPL
2023-03-04,Wolves,Tottenham,1,0,H,8,21,5,6,2022_23,EPL
2023-03-04,Southampton,Leicester,1,0,H,11,11,5,0,2022_23,EPL
2023-03-05,Nott'm Forest,Everton,2,2,D,10,10,4,3,2022_23,EPL
2023-03-05,Liverpool,Man United,7,0,H,18,8,8,4,2022_23,EPL
2023-03-06,Brentford,Fulham,3,2,H,14,9,6,5,2022_23,EPL
2023-03-11,Bournemouth,Liverpool,1,0,H,5,15,2,6,2022_23,EPL
2023-03-11,Everton,Brentford,1,0,H,13,12,6,4,2022_23,EPL
2023-03-11,Leeds,Brighton,2,2,D,12,14,4,2,2022_23,EPL
2023-03-11,Leicester,Chelsea,1,3,A,17,12,7,6,2022_23,EPL
2023-03-11,Tottenham,Nott'm Forest,3,1,H,15,9,7,5,2022_23,EPL
2023-03-11,Crystal Palace,Man City,0,1,A,4,14,0,4,2022_23,EPL
2023-03-12,Fulham,Arsenal,0,3,A,12,15,2,7,2022_23,EPL
2023-03-12,Man United,Southampton,0,0,D,10,17,4,4,2022_23,EPL
2023-03-12,West Ham,Aston Villa,1,1,D,17,12,6,4,2022_23,EPL
2023-03-12,Newcastle,Wolves,2,1,H,19,7,8,4,2022_23,EPL
2023-03-15,Brighton,Crystal Palace,1,0,H,11,11,5,3,2022_23,EPL
2023-03-15,Southampton,Brentford,0,2,A,7,11,1,5,2022_23,EPL
2023-03-17,Nott'm Forest,Newcastle,1,2,A,5,15,3,4,2022_23,EPL
2023-03-18,Aston Villa,Bournemouth,3,0,H,20,10,9,3,2022_23,EPL
2023-03-18,Brentford,Leicester,1,1,D,11,14,2,1,2022_23,EPL
2023-03-18,Southampton,Tottenham,3,3,D,19,17,7,3,2022_23,EPL
2023-03-18,Wolves,Leeds,2,4,A,23,11,8,4,2022_23,EPL
2023-03-18,Chelsea,Everton,2,2,D,20,12,7,3,2022_23,EPL
2023-03-19,Arsenal,Crystal Palace,4,1,H,15,8,5,4,2022_23,EPL
2023-04-01,Man City,Liverpool,4,1,H,17,4,8,1,2022_23,EPL
2023-04-01,Arsenal,Leeds,4,1,H,13,7,6,5,2022_23,EPL
2023-04-01,Bournemouth,Fulham,2,1,H,12,10,7,2,2022_23,EPL
2023-04-01,Brighton,Brentford,3,3,D,33,7,15,5,2022_23,EPL
2023-04-01,Crystal Palace,Leicester,2,1,H,31,3,9,2,2022_23,EPL
2023-04-01,Nott'm Forest,Wolves,1,1,D,17,8,7,1,2022_23,EPL
2023-04-01,Chelsea,Aston Villa,0,2,A,27,5,8,2,2022_23,EPL
2023-04-02,West Ham,Southampton,1,0,H,12,9,2,3,2022_23,EPL
2023-04-02,Newcastle,Man United,2,0,H,22,6,6,1,2022_23,EPL
2023-04-03,Everton,Tottenham,1,1,D,15,8,6,2,2022_23,EPL
2023-04-04,Bournemouth,Brighton,0,2,A,14,16,3,6,2022_23,EPL
2023-04-04,Leeds,Nott'm Forest,2,1,H,21,13,6,1,2022_23,EPL
2023-04-04,Leicester,Aston Villa,1,2,A,9,15,4,5,2022_23,EPL
2023-04-04,Chelsea,Liverpool,0,0,D,12,7,3,4,2022_23,EPL
2023-04-05,Man United,Brentford,1,0,H,18,6,3,1,2022_23,EPL
2023-04-05,West Ham,Newcastle,1,5,A,7,15,2,8,2022_23,EPL
2023-04-08,Man United,Everton,2,0,H,29,15,11,1,2022_23,EPL
2023-04-08,Aston Villa,Nott'm Forest,2,0,H,8,6,3,2,2022_23,EPL
2023-04-08,Brentford,Newcastle,1,2,A,12,10,6,4,2022_23,EPL
2023-04-08,Fulham,West Ham,0,1,A,16,9,3,5,2022_23,EPL
2023-04-08,Leicester,Bournemouth,0,1,A,14,19,4,7,2022_23,EPL
2023-04-08,Tottenham,Brighton,2,1,H,9,17,3,4,2022_23,EPL
2023-04-08,Wolves,Chelsea,1,0,H,9,13,4,1,2022_23,EPL
2023-04-08,Southampton,Man City,1,4,A,4,13,1,8,2022_23,EPL
2023-04-09,Leeds,Crystal Palace,1,5,A,11,16,7,8,2022_23,EPL
2023-04-09,Liverpool,Arsenal,2,2,D,21,9,6,5,2022_23,EPL
2023-04-15,Aston Villa,Newcastle,3,0,H,16,8,6,2,2022_23,EPL
2023-04-15,Chelsea,Brighton,1,2,A,8,26,2,10,2022_23,EPL
2023-04-15,Everton,Fulham,1,3,A,15,21,7,7,2022_23,EPL
2023-04-15,Southampton,Crystal Palace,0,2,A,11,9,4,2,2022_23,EPL
2023-04-15,Tottenham,Bournemouth,2,3,A,24,6,8,6,2022_23,EPL
2023-04-15,Wolves,Brentford,2,0,H,11,10,9,3,2022_23,EPL
2023-04-15,Man City,Leicester,3,1,H,12,10,4,4,2022_23,EPL
2023-04-16,West Ham,Arsenal,2,2,D,16,11,3,5,2022_23,EPL
2023-04-16,Nott'm Forest,Man United,0,2,A,6,22,0,8,2022_23,EPL
2023-04-17,Leeds,Liverpool,1,6,A,13,13,3,7,2022_23,EPL
2023-04-21,Arsenal,Southampton,3,3,D,25,8,6,6,2022_23,EPL
2023-04-22,Fulham,Leeds,2,1,H,12,10,5,2,2022_23,EPL
2023-04-22,Brentford,Aston Villa,1,1,D,6,14,5,2,2022_23,EPL
2023-04-22,Crystal Palace,Everton,0,0,D,12,10,2,5,2022_23,EPL
2023-04-22,Leicester,Wolves,2,1,H,15,16,8,3,2022_23,EPL
2023-04-22,Liverpool,Nott'm Forest,3,2,H,18,11,6,5,2022_23,EPL
2023-04-23,Bournemouth,West Ham,0,4,A,17,18,5,10,2022_23,EPL
2023-04-23,Newcastle,Tottenham,6,1,H,25,11,8,3,2022_23,EPL
2023-04-25,Wolves,Crystal Palace,2,0,H,9,14,3,4,2022_23,EPL
2023-04-25,Aston Villa,Fulham,1,0,H,14,1,3,0,2022_23,EPL
2023-04-25,Leeds,Leicester,1,1,D,13,15,3,3,2022_23,EPL
2023-04-26,Nott'm Forest,Brighton,3,1,H,12,17,5,7,2022_23,EPL
2023-04-26,Chelsea,Brentford,0,2,A,15,7,4,1,2022_23,EPL
2023-04-26,West Ham,Liverpool,1,2,A,7,20,2,4,2022_23,EPL
2023-04-26,Man City,Arsenal,4,1,H,14,8,9,2,2022_23,EPL
2023-04-27,Everton,Newcastle,1,4,A,13,15,5,8,2022_23,EPL
2023-04-27,Southampton,Bournemouth,0,1,A,11,16,2,2,2022_23,EPL
2023-04-27,Tottenham,Man United,2,2,D,18,17,7,8,2022_23,EPL
2023-04-29,Crystal Palace,West Ham,4,3,H,16,8,6,4,2022_23,EPL
2023-04-29,Brentford,Nott'm Forest,2,1,H,14,5,8,3,2022_23,EPL
2023-04-29,Brighton,Wolves,6,0,H,22,10,8,2,2022_23,EPL
2023-04-30,Bournemouth,Leeds,4,1,H,12,15,7,6,2022_23,EPL
2023-04-30,Fulham,Man City,1,2,A,4,12,1,9,2022_23,EPL
2023-04-30,Man United,Aston Villa,1,0,H,14,7,6,1,2022_23,EPL
2023-04-30,Newcastle,Southampton,3,1,H,22,4,5,3,2022_23,EPL
2023-04-30,Liverpool,Tottenham,4,3,H,12,10,4,7,2022_23,EPL
2023-05-01,Leicester,Everton,2,2,D,15,23,6,8,2022_23,EPL
2023-05-02,Arsenal,Chelsea,3,1,H,16,7,10,4,2022_23,EPL
2023-05-03,Liverpool,Fulham,1,0,H,15,9,3,3,2022_23,EPL
2023-05-03,Man City,West Ham,3,0,H,16,6,7,2,2022_23,EPL
2023-05-04,Brighton,Man United,1,0,H,22,16,6,5,2022_23,EPL
2023-05-06,Bournemouth,Chelsea,1,3,A,10,11,4,5,2022_23,EPL
2023-05-06,Man City,Leeds,2,1,H,18,4,6,2,2022_23,EPL
2023-05-06,Tottenham,Crystal Palace,1,0,H,8,7,3,2,2022_23,EPL
2023-05-06,Wolves,Aston Villa,1,0,H,6,16,2,3,2022_23,EPL
2023-05-06,Liverpool,Brentford,1,0,H,15,5,5,1,2022_23,EPL
2023-05-07,Newcastle,Arsenal,0,2,A,12,10,5,6,2022_23,EPL
2023-05-07,West Ham,Man United,1,0,H,15,19,4,4,2022_23,EPL
2023-05-08,Fulham,Leicester,5,3,H,17,18,7,9,2022_23,EPL
2023-05-08,Brighton,Everton,1,5,A,23,10,5,5,2022_23,EPL
2023-05-08,Nott'm Forest,Southampton,4,3,H,9,19,4,5,2022_23,EPL
2023-05-13,Leeds,Newcastle,2,2,D,9,18,4,5,2022_23,EPL
2023-05-13,Aston Villa,Tottenham,2,1,H,8,5,4,2,2022_23,EPL
2023-05-13,Chelsea,Nott'm Forest,2,2,D,14,11,6,2,2022_23,EPL
2023-05-13,Crystal Palace,Bournemouth,2,0,H,17,5,5,0,2022_23,EPL
2023-05-13,Man United,Wolves,2,0,H,27,5,9,0,2022_23,EPL
2023-05-13,Southampton,Fulham,0,2,A,5,9,1,4,2022_23,EPL
2023-05-14,Brentford,West Ham,2,0,H,24,4,10,4,2022_23,EPL
2023-05-14,Everton,Man City,0,3,A,7,9,3,4,2022_23,EPL
2023-05-14,Arsenal,Brighton,0,3,A,14,12,2,6,2022_23,EPL
2023-05-15,Leicester,Liverpool,0,3,A,4,16,4,5,2022_23,EPL
2023-05-18,Newcastle,Brighton,4,1,H,22,8,9,2,2022_23,EPL
2023-05-20,Tottenham,Brentford,1,3,A,22,11,8,4,2022_23,EPL
2023-05-20,Bournemouth,Man United,0,1,A,10,20,4,5,2022_23,EPL
2023-05-20,Fulham,Crystal Palace,2,2,D,11,11,4,5,2022_23,EPL
2023-05-20,Liverpool,Aston Villa,1,1,D,10,6,5,3,2022_23,EPL
2023-05-20,Wolves,Everton,1,1,D,13,19,5,4,2022_23,EPL
2023-05-20,Nott'm Forest,Arsenal,1,0,H,6,11,2,3,2022_23,EPL
2023-05-21,West Ham,Leeds,3,1,H,19,12,9,3,2022_23,EPL
2023-05-21,Brighton,Southampton,3,1,H,26,5,8,1,2022_23,EPL
2023-05-21,Man City,Chelsea,1,0,H,15,13,2,6,2022_23,EPL
2023-05-22,Newcastle,Leicester,0,0,D,23,1,4,1,2022_23,EPL
2023-05-24,Brighton,Man City,1,1,D,20,13,7,4,2022_23,EPL
2023-05-25,Man United,Chelsea,4,1,H,18,14,9,5,2022_23,EPL
2023-05-28,Arsenal,Wolves,5,0,H,14,6,8,0,2022_23,EPL
2023-05-28,Aston Villa,Brighton,2,1,H,12,8,5,4,2022_23,EPL
2023-05-28,Brentford,Man City,1,0,H,11,17,4,3,2022_23,EPL
2023-05-28,Chelsea,Newcastle,1,1,D,22,13,5,4,2022_23,EPL
2023-05-28,Crystal Palace,Nott'm Forest,1,1,D,16,7,4,4,2022_23,EPL
2023-05-28,Everton,Bournemouth,1,0,H,13,7,6,2,2022_23,EPL
2023-05-28,Leeds,Tottenham,1,4,A,19,11,2,7,2022_23,EPL
2023-05-28,Leicester,West Ham,2,1,H,13,16,4,3,2022_23,EPL
2023-05-28,Man United,Fulham,2,1,H,21,10,8,3,2022_23,EPL
2023-05-28,Southampton,Liverpool,4,4,D,15,30,10,8,2022_23,EPL
2023-08-11,Burnley,Man City,0,3,A,6,17,1,8,2023_24,EPL
2023-08-12,Arsenal,Nott'm Forest,2,1,H,15,6,7,2,2023_24,EPL
2023-08-12,Bournemouth,West Ham,1,1,D,14,16,5,3,2023_24,EPL
2023-08-12,Brighton,Luton,4,1,H,27,9,12,3,2023_24,EPL
2023-08-12,Everton,Fulham,0,1,A,19,9,9,2,2023_24,EPL
2023-08-12,Sheffield United,Crystal Palace,0,1,A,8,24,1,8,2023_24,EPL
2023-08-12,Newcastle,Aston Villa,5,1,H,17,16,13,6,2023_24,EPL
2023-08-13,Brentford,Tottenham,2,2,D,11,18,6,6,2023_24,EPL
2023-08-13,Chelsea,Liverpool,1,1,D,10,13,4,1,2023_24,EPL
2023-08-14,Man United,Wolves,1,0,H,15,23,3,6,2023_24,EPL
2023-08-18,Nott'm Forest,Sheffield United,2,1,H,16,7,4,3,2023_24,EPL
2023-08-19,Fulham,Brentford,0,3,A,10,17,2,8,2023_24,EPL
2023-08-19,Liverpool,Bournemouth,3,1,H,26,13,10,5,2023_24,EPL
2023-08-19,Wolves,Brighton,1,4,A,16,16,5,8,2023_24,EPL
2023-08-19,Tottenham,Man United,2,0,H,17,22,6,6,2023_24,EPL
2023-08-19,Man City,Newcastle,1,0,H,14,7,4,1,2023_24,EPL
2023-08-20,Aston Villa,Everton,4,0,H,13,9,7,2,2023_24,EPL
2023-08-20,West Ham,Chelsea,3,1,H,12,17,6,4,2023_24,EPL
2023-08-21,Crystal Palace,Arsenal,0,1,A,14,14,2,3,2023_24,EPL
2023-08-25,Chelsea,Luton,3,0,H,19,11,8,1,2023_24,EPL
2023-08-26,Bournemouth,Tottenham,0,2,A,11,17,3,6,2023_24,EPL
2023-08-26,Arsenal,Fulham,2,2,D,19,8,11,3,2023_24,EPL
2023-08-26,Brentford,Crystal Palace,1,1,D,12,15,1,5,2023_24,EPL
2023-08-26,Everton,Wolves,0,1,A,15,11,7,2,2023_24,EPL
2023-08-26,Man United,Nott'm Forest,3,2,H,18,9,9,4,2023_24,EPL
2023-08-26,Brighton,West Ham,1,3,A,25,12,10,3,2023_24,EPL
2023-08-27,Burnley,Aston Villa,1,3,A,9,16,2,6,2023_24,EPL
2023-08-27,Sheffield United,Man City,1,2,A,6,30,2,9,2023_24,EPL
2023-08-27,Newcastle,Liverpool,1,2,A,23,9,8,4,2023_24,EPL
2023-09-01,Luton,West Ham,1,2,A,16,9,1,3,2023_24,EPL
2023-09-02,Sheffield United,Everton,2,2,D,13,16,8,6,2023_24,EPL
2023-09-02,Brentford,Bournemouth,2,2,D,21,12,7,5,2023_24,EPL
2023-09-02,Burnley,Tottenham,2,5,A,16,20,4,10,2023_24,EPL
2023-09-02,Chelsea,Nott'm Forest,0,1,A,21,7,2,3,2023_24,EPL
2023-09-02,Man City,Fulham,5,1,H,7,6,5,4,2023_24,EPL
2023-09-02,Brighton,Newcastle,3,1,H,15,9,6,2,2023_24,EPL
2023-09-03,Crystal Palace,Wolves,3,2,H,16,12,11,4,2023_24,EPL
2023-09-03,Liverpool,Aston Villa,3,0,H,17,9,4,3,2023_24,EPL
2023-09-03,Arsenal,Man United,3,1,H,17,10,5,2,2023_24,EPL
2023-09-16,Wolves,Liverpool,1,3,A,11,16,2,6,2023_24,EPL
2023-09-16,Aston Villa,Crystal Palace,3,1,H,16,6,5,3,2023_24,EPL
2023-09-16,Fulham,Luton,1,0,H,13,7,2,2,2023_24,EPL
2023-09-16,Man United,Brighton,1,3,A,14,10,4,8,2023_24,EPL
2023-09-16,Tottenham,Sheffield United,2,1,H,28,7,10,5,2023_24,EPL
2023-09-16,West Ham,Man City,1,3,A,6,29,3,15,2023_24,EPL
2023-09-16,Newcastle,Brentford,1,0,H,9,11,2,2,2023_24,EPL
2023-09-17,Bournemouth,Chelsea,0,0,D,13,14,4,6,2023_24,EPL
2023-09-17,Everton,Arsenal,0,1,A,8,13,1,4,2023_24,EPL
2023-09-18,Nott'm Forest,Burnley,1,1,D,14,10,4,3,2023_24,EPL
2023-09-23,Crystal Palace,Fulham,0,0,D,7,10,3,5,2023_24,EPL
2023-09-23,Luton,Wolves,1,1,D,20,3,4,3,2023_24,EPL
2023-09-23,Man City,Nott'm Forest,2,0,H,7,10,4,3,2023_24,EPL
2023-09-23,Brentford,Everton,1,3,A,12,18,2,6,2023_24,EPL
2023-09-23,Burnley,Man United,0,1,A,12,11,4,4,2023_24,EPL
2023-09-24,Arsenal,Tottenham,2,2,D,13,13,6,5,2023_24,EPL
2023-09-24,Brighton,Bournemouth,3,1,H,13,12,4,4,2023_24,EPL
2023-09-24,Chelsea,Aston Villa,0,1,A,10,15,4,7,2023_24,EPL
2023-09-24,Liverpool,West Ham,3,1,H,22,11,7,4,2023_24,EPL
2023-09-24,Sheffield United,Newcastle,0,8,A,9,22,1,15,2023_24,EPL
2023-09-30,Aston Villa,Brighton,6,1,H,19,11,9,3,2023_24,EPL
2023-09-30,Bournemouth,Arsenal,0,4,A,8,15,1,8,2023_24,EPL
2023-09-30,Everton,Luton,1,2,A,23,9,5,2,2023_24,EPL
2023-09-30,Man United,Crystal Palace,0,1,A,19,8,4,2,2023_24,EPL
2023-09-30,Newcastle,Burnley,2,0,H,20,8,8,2,2023_24,EPL
2023-09-30,West Ham,Sheffield United,2,0,H,20,16,9,2,2023_24,EPL
2023-09-30,Wolves,Man City,2,1,H,3,23,1,8,2023_24,EPL
2023-09-30,Tottenham,Liverpool,2,1,H,24,12,8,4,2023_24,EPL
2023-10-01,Nott'm Forest,Brentford,1,1,D,6,18,1,5,2023_24,EPL
2023-10-02,Fulham,Chelsea,0,2,A,10,11,3,4,2023_24,EPL
2023-10-03,Luton,Burnley,1,2,A,18,14,3,4,2023_24,EPL
2023-10-07,Luton,Tottenham,0,1,A,12,15,2,4,2023_24,EPL
2023-10-07,Burnley,Chelsea,1,4,A,10,9,3,5,2023_24,EPL
2023-10-07,Everton,Bournemouth,3,0,H,25,11,8,4,2023_24,EPL
2023-10-07,Fulham,Sheffield United,3,1,H,20,5,6,2,2023_24,EPL
2023-10-07,Man United,Brentford,2,1,H,21,11,8,3,2023_24,EPL
2023-10-07,Crystal Palace,Nott'm Forest,0,0,D,8,16,2,5,2023_24,EPL
2023-10-08,Brighton,Liverpool,2,2,D,14,14,3,4,2023_24,EPL
2023-10-08,West Ham,Newcastle,2,2,D,5,10,3,3,2023_24,EPL
2023-10-08,Wolves,Aston Villa,1,1,D,8,18,3,4,2023_24,EPL
2023-10-08,Arsenal,Man City,1,0,H,12,4,2,1,2023_24,EPL
2023-10-21,Liverpool,Everton,2,0,H,26,6,6,1,2023_24,EPL
2023-10-21,Bournemouth,Wolves,1,2,A,7,20,4,7,2023_24,EPL
2023-10-21,Brentford,Burnley,3,0,H,23,6,10,1,2023_24,EPL
2023-10-21,Man City,Brighton,2,1,H,10,5,6,3,2023_24,EPL
2023-10-21,Newcastle,Crystal Palace,4,0,H,10,17,7,3,2023_24,EPL
2023-10-21,Nott'm Forest,Luton,2,2,D,19,13,8,4,2023_24,EPL
2023-10-21,Chelsea,Arsenal,2,2,D,11,13,5,3,2023_24,EPL
2023-10-21,Sheffield United,Man United,1,2,A,12,14,6,5,2023_24,EPL
2023-10-22,Aston Villa,West Ham,4,1,H,15,14,7,4,2023_24,EPL
2023-10-23,Tottenham,Fulham,2,0,H,15,10,5,3,2023_24,EPL
2023-10-27,Crystal Palace,Tottenham,1,2,A,13,10,3,1,2023_24,EPL
2023-10-28,Chelsea,Brentford,0,2,A,17,7,2,5,2023_24,EPL
2023-10-28,Arsenal,Sheffield United,5,0,H,13,2,8,0,2023_24,EPL
2023-10-28,Bournemouth,Burnley,2,1,H,13,6,6,3,2023_24,EPL
2023-10-28,Wolves,Newcastle,2,2,D,11,13,6,5,2023_24,EPL
2023-10-29,West Ham,Everton,0,1,A,12,10,2,4,2023_24,EPL
2023-10-29,Aston Villa,Luton,3,1,H,17,7,6,1,2023_24,EPL
2023-10-29,Brighton,Fulham,1,1,D,18,10,7,5,2023_24,EPL
2023-10-29,Liverpool,Nott'm Forest,3,0,H,21,9,8,1,2023_24,EPL
2023-10-29,Man United,Man City,0,3,A,7,21,3,10,2023_24,EPL
2023-11-04,Fulham,Man United,0,1,A,18,12,3,5,2023_24,EPL
2023-11-04,Brentford,West Ham,3,2,H,16,12,4,2,2023_24,EPL
2023-11-04,Burnley,Crystal Palace,0,2,A,17,4,5,3,2023_24,EPL
2023-11-04,Everton,Brighton,1,1,D,10,7,4,2,2023_24,EPL
2023-11-04,Man City,Bournemouth,6,1,H,21,5,8,1,2023_24,EPL
2023-11-04,Sheffield United,Wolves,2,1,H,11,10,2,3,2023_24,EPL
2023-11-04,Newcastle,Arsenal,1,0,H,9,14,2,1,2023_24,EPL
2023-11-05,Nott'm Forest,Aston Villa,2,0,H,5,13,3,3,2023_24,EPL
2023-11-05,Luton,Liverpool,1,1,D,8,24,5,6,2023_24,EPL
2023-11-06,Tottenham,Chelsea,1,4,A,8,17,5,8,2023_24,EPL
2023-11-11,Wolves,Tottenham,2,1,H,17,6,4,2,2023_24,EPL
2023-11-11,Arsenal,Burnley,3,1,H,16,8,6,5,2023_24,EPL
2023-11-11,Crystal Palace,Everton,2,3,A,13,8,4,4,2023_24,EPL
2023-11-11,Man United,Luton,1,0,H,15,10,4,4,2023_24,EPL
2023-11-11,Bournemouth,Newcastle,2,0,H,19,8,10,5,2023_24,EPL
2023-11-12,Aston Villa,Fulham,3,1,H,12,9,6,5,2023_24,EPL
2023-11-12,Brighton,Sheffield United,1,1,D,11,9,6,1,2023_24,EPL
2023-11-12,Liverpool,Brentford,3,0,H,17,16,10,3,2023_24,EPL
2023-11-12,West Ham,Nott'm Forest,3,2,H,16,10,6,5,2023_24,EPL
2023-11-12,Chelsea,Man City,4,4,D,17,15,9,10,2023_24,EPL
2023-11-25,Man City,Liverpool,1,1,D,16,8,5,3,2023_24,EPL
2023-11-25,Burnley,West Ham,1,2,A,11,11,5,3,2023_24,EPL
2023-11-25,Luton,Crystal Palace,2,1,H,8,16,3,8,2023_24,EPL
2023-11-25,Newcastle,Chelsea,4,1,H,14,7,5,4,2023_24,EPL
2023-11-25,Nott'm Forest,Brighton,2,3,A,18,11,5,5,2023_24,EPL
2023-11-25,Sheffield United,Bournemouth,1,3,A,10,23,2,11,2023_24,EPL
2023-11-25,Brentford,Arsenal,0,1,A,9,15,3,4,2023_24,EPL
2023-11-26,Tottenham,Aston Villa,1,2,A,18,15,8,5,2023_24,EPL
2023-11-26,Everton,Man United,0,3,A,24,9,6,4,2023_24,EPL
2023-11-27,Fulham,Wolves,3,2,H,12,10,6,6,2023_24,EPL
2023-12-02,Arsenal,Wolves,2,1,H,19,6,6,3,2023_24,EPL
2023-12-02,Brentford,Luton,3,1,H,27,7,6,1,2023_24,EPL
2023-12-02,Burnley,Sheffield United,5,0,H,19,6,7,3,2023_24,EPL
2023-12-02,Nott'm Forest,Everton,0,1,A,13,12,2,3,2023_24,EPL
2023-12-02,Newcastle,Man United,1,0,H,22,8,4,1,2023_24,EPL
2023-12-03,Bournemouth,Aston Villa,2,2,D,15,11,7,3,2023_24,EPL
2023-12-03,Chelsea,Brighton,3,2,H,8,18,5,9,2023_24,EPL
2023-12-03,Liverpool,Fulham,4,3,H,26,9,12,5,2023_24,EPL
2023-12-03,West Ham,Crystal Palace,1,1,D,9,9,3,2,2023_24,EPL
2023-12-03,Man City,Tottenham,3,3,D,18,8,4,4,2023_24,EPL
2023-12-05,Wolves,Burnley,1,0,H,7,12,4,3,2023_24,EPL
2023-12-05,Luton,Arsenal,3,4,A,6,23,4,9,2023_24,EPL
2023-12-06,Brighton,Brentford,2,1,H,18,8,7,2,2023_24,EPL
2023-12-06,Crystal Palace,Bournemouth,0,2,A,16,11,3,4,2023_24,EPL
2023-12-06,Fulham,Nott'm Forest,5,0,H,14,4,6,1,2023_24,EPL
2023-12-06,Sheffield United,Liverpool,0,2,A,6,15,1,8,2023_24,EPL
2023-12-06,Aston Villa,Man City,1,0,H,22,2,7,2,2023_24,EPL
2023-12-06,Man United,Chelsea,2,1,H,28,13,9,3,2023_24,EPL
2023-12-07,Everton,Newcastle,3,0,H,21,13,6,3,2023_24,EPL
2023-12-07,Tottenham,West Ham,1,2,A,23,11,7,5,2023_24,EPL
2023-12-09,Crystal Palace,Liverpool,1,2,A,8,14,4,2,2023_24,EPL
2023-12-09,Brighton,Burnley,1,1,D,29,6,11,3,2023_24,EPL
2023-12-09,Man United,Bournemouth,0,3,A,20,10,3,4,2023_24,EPL
2023-12-09,Sheffield United,Brentford,1,0,H,9,10,4,4,2023_24,EPL
2023-12-09,Wolves,Nott'm Forest,1,1,D,10,8,4,2,2023_24,EPL
2023-12-09,Aston Villa,Arsenal,1,0,H,10,12,3,5,2023_24,EPL
2023-12-10,Everton,Chelsea,2,0,H,9,16,5,4,2023_24,EPL
2023-12-10,Fulham,West Ham,5,0,H,14,9,8,5,2023_24,EPL
2023-12-10,Luton,Man City,1,2,A,4,18,2,6,2023_24,EPL
2023-12-10,Tottenham,Newcastle,4,1,H,23,9,12,3,2023_24,EPL
2023-12-15,Nott'm Forest,Tottenham,0,2,A,15,12,1,6,2023_24,EPL
2023-12-16,Chelsea,Sheffield United,2,0,H,15,6,6,1,2023_24,EPL
2023-12-16,Man City,Crystal Palace,2,2,D,19,5,9,2,2023_24,EPL
2023-12-16,Newcastle,Fulham,3,0,H,27,6,10,4,2023_24,EPL
2023-12-16,Burnley,Everton,0,2,A,14,9,2,6,2023_24,EPL
2023-12-17,Arsenal,Brighton,2,0,H,26,6,9,1,2023_24,EPL
2023-12-17,Brentford,Aston Villa,1,2,A,4,15,3,5,2023_24,EPL
2023-12-17,West Ham,Wolves,3,0,H,13,14,4,3,2023_24,EPL
2023-12-17,Liverpool,Man United,0,0,D,34,6,8,1,2023_24,EPL
2023-12-21,Crystal Palace,Brighton,1,1,D,11,18,3,6,2023_24,EPL
2023-12-22,Aston Villa,Sheffield United,1,1,D,12,5,4,2,2023_24,EPL
2023-12-23,West Ham,Man United,2,0,H,12,11,5,3,2023_24,EPL
2023-12-23,Fulham,Burnley,0,2,A,19,7,5,2,2023_24,EPL
2023-12-23,Luton,Newcastle,1,0,H,16,15,5,2,2023_24,EPL
2023-12-23,Nott'm Forest,Bournemouth,2,3,A,11,18,5,7,2023_24,EPL
2023-12-23,Tottenham,Everton,2,1,H,13,18,6,8,2023_24,EPL
2023-12-23,Liverpool,Arsenal,1,1,D,13,13,3,2,2023_24,EPL
2023-12-24,Wolves,Chelsea,2,1,H,14,16,6,5,2023_24,EPL
2023-12-26,Newcastle,Nott'm Forest,1,3,A,19,15,7,6,2023_24,EPL
2023-12-26,Bournemouth,Fulham,3,0,H,16,8,4,3,2023_24,EPL
2023-12-26,Sheffield United,Luton,2,3,A,21,12,6,4,2023_24,EPL
2023-12-26,Burnley,Liverpool,0,2,A,9,19,0,10,2023_24,EPL
2023-12-26,Man United,Aston Villa,3,2,H,13,10,7,4,2023_24,EPL
2023-12-27,Brentford,Wolves,1,4,A,14,11,4,5,2023_24,EPL
2023-12-27,Chelsea,Crystal Palace,2,1,H,9,13,4,5,2023_24,EPL
2023-12-27,Everton,Man City,1,3,A,7,23,2,9,2023_24,EPL
2023-12-28,Brighton,Tottenham,4,2,H,15,19,9,3,2023_24,EPL
2023-12-28,Arsenal,West Ham,0,2,A,30,6,8,3,2023_24,EPL
2023-12-30,Luton,Chelsea,2,3,A,15,12,6,8,2023_24,EPL
2023-12-30,Aston Villa,Burnley,3,2,H,19,9,7,5,2023_24,EPL
2023-12-30,Crystal Palace,Brentford,3,1,H,13,9,6,4,2023_24,EPL
2023-12-30,Man City,Sheffield United,2,0,H,18,4,4,2,2023_24,EPL
2023-12-30,Wolves,Everton,3,0,H,12,10,6,0,2023_24,EPL
2023-12-30,Nott'm Forest,Man United,2,1,H,8,10,2,5,2023_24,EPL
2023-12-31,Fulham,Arsenal,2,1,H,15,13,4,3,2023_24,EPL
2023-12-31,Tottenham,Bournemouth,3,1,H,12,24,6,4,2023_24,EPL
2024-01-01,Liverpool,Newcastle,4,2,H,34,5,15,3,2023_24,EPL
2024-01-02,West Ham,Brighton,0,0,D,6,22,2,8,2023_24,EPL
2024-01-12,Burnley,Luton,1,1,D,13,14,7,5,2023_24,EPL
2024-01-13,Chelsea,Fulham,1,0,H,17,14,3,4,2023_24,EPL
2024-01-13,Newcastle,Man City,2,3,A,12,27,5,11,2023_24,EPL
2024-01-14,Everton,Aston Villa,0,0,D,10,16,2,5,2023_24,EPL
2024-01-14,Man United,Tottenham,2,2,D,9,16,2,6,2023_24,EPL
2024-01-20,Arsenal,Crystal Palace,5,0,H,21,12,6,5,2023_24,EPL
2024-01-20,Brentford,Nott'm Forest,3,2,H,11,12,5,3,2023_24,EPL
2024-01-21,Sheffield United,West Ham,2,2,D,21,16,6,5,2023_24,EPL
2024-01-21,Bournemouth,Liverpool,0,4,A,11,14,1,7,2023_24,EPL
2024-01-22,Brighton,Wolves,0,0,D,11,8,4,3,2023_24,EPL
2024-01-30,Nott'm Forest,Arsenal,1,2,A,9,19,3,3,2023_24,EPL
2024-01-30,Fulham,Everton,0,0,D,25,21,6,4,2023_24,EPL
2024-01-30,Luton,Brighton,4,0,H,18,9,8,2,2023_24,EPL
2024-01-30,Crystal Palace,Sheffield United,3,2,H,12,9,4,5,2023_24,EPL
2024-01-30,Aston Villa,Newcastle,1,3,A,12,14,6,5,2023_24,EPL
2024-01-31,Man City,Burnley,3,1,H,14,8,4,3,2023_24,EPL
2024-01-31,Tottenham,Brentford,3,2,H,19,9,5,5,2023_24,EPL
2024-01-31,Liverpool,Chelsea,4,1,H,28,4,13,3,2023_24,EPL
2024-02-01,West Ham,Bournemouth,1,1,D,9,9,3,4,2023_24,EPL
2024-02-01,Wolves,Man United,3,4,A,16,21,7,8,2023_24,EPL
2024-02-03,Everton,Tottenham,2,2,D,14,9,5,6,2023_24,EPL
2024-02-03,Brighton,Crystal Palace,4,1,H,13,7,6,5,2023_24,EPL
2024-02-03,Burnley,Fulham,2,2,D,12,15,4,7,2023_24,EPL
2024-02-03,Newcastle,Luton,4,4,D,19,11,6,8,2023_24,EPL
2024-02-03,Sheffield United,Aston Villa,0,5,A,10,14,5,10,2023_24,EPL
2024-02-04,Bournemouth,Nott'm Forest,1,1,D,9,8,2,6,2023_24,EPL
2024-02-04,Chelsea,Wolves,2,4,A,15,14,6,7,2023_24,EPL
2024-02-04,Man United,West Ham,3,0,H,12,22,5,3,2023_24,EPL
2024-02-04,Arsenal,Liverpool,3,1,H,15,10,7,1,2023_24,EPL
2024-02-05,Brentford,Man City,1,3,A,9,25,3,15,2023_24,EPL
2024-02-10,Man City,Everton,2,0,H,19,5,3,1,2023_24,EPL
2024-02-10,Fulham,Bournemouth,3,1,H,7,25,6,4,2023_24,EPL
2024-02-10,Liverpool,Burnley,3,1,H,25,9,10,4,2023_24,EPL
2024-02-10,Luton,Sheffield United,1,3,A,20,7,5,3,2023_24,EPL
2024-02-10,Tottenham,Brighton,2,1,H,16,6,6,3,2023_24,EPL
2024-02-10,Wolves,Brentford,0,2,A,17,9,5,6,2023_24,EPL
2024-02-10,Nott'm Forest,Newcastle,2,3,A,13,7,3,5,2023_24,EPL
2024-02-11,West Ham,Arsenal,0,6,A,5,25,1,12,2023_24,EPL
2024-02-11,Aston Villa,Man United,1,2,A,23,17,10,5,2023_24,EPL
2024-02-12,Crystal Palace,Chelsea,1,3,A,13,14,4,5,2023_24,EPL
2024-02-17,Brentford,Liverpool,1,4,A,15,15,6,8,2023_24,EPL
2024-02-17,Burnley,Arsenal,0,5,A,8,16,0,7,2023_24,EPL
2024-02-17,Fulham,Aston Villa,1,2,A,15,12,4,3,2023_24,EPL
2024-02-17,Newcastle,Bournemouth,2,2,D,17,12,5,7,2023_24,EPL
2024-02-17,Nott'm Forest,West Ham,2,0,H,19,10,8,3,2023_24,EPL
2024-02-17,Tottenham,Wolves,1,2,A,15,12,4,7,2023_24,EPL
2024-02-17,Man City,Chelsea,1,1,D,31,9,5,6,2023_24,EPL
2024-02-18,Sheffield United,Brighton,0,5,A,6,24,1,10,2023_24,EPL
2024-02-18,Luton,Man United,1,2,A,22,21,4,9,2023_24,EPL
2024-02-19,Everton,Crystal Palace,1,1,D,19,10,4,4,2023_24,EPL
2024-02-20,Man City,Brentford,1,0,H,25,6,11,2,2023_24,EPL
2024-02-21,Liverpool,Luton,4,1,H,29,12,13,3,2023_24,EPL
2024-02-24,Aston Villa,Nott'm Forest,4,2,H,16,10,6,3,2023_24,EPL
2024-02-24,Brighton,Everton,1,1,D,23,6,7,3,2023_24,EPL
2024-02-24,Crystal Palace,Burnley,3,0,H,15,2,6,0,2023_24,EPL
2024-02-24,Man United,Fulham,1,2,A,21,17,9,5,2023_24,EPL
2024-02-24,Bournemouth,Man City,0,1,A,13,15,4,6,2023_24,EPL
2024-02-24,Arsenal,Newcastle,4,1,H,18,3,8,2,2023_24,EPL
2024-02-25,Wolves,Sheffield United,1,0,H,13,12,2,4,2023_24,EPL
2024-02-26,West Ham,Brentford,4,2,H,17,14,6,8,2023_24,EPL
2024-03-02,Brentford,Chelsea,2,2,D,14,17,5,6,2023_24,EPL
2024-03-02,Everton,West Ham,1,3,A,22,12,11,5,2023_24,EPL
2024-03-02,Fulham,Brighton,3,0,H,12,15,5,5,2023_24,EPL
2024-03-02,Newcastle,Wolves,3,0,H,14,12,7,3,2023_24,EPL
2024-03-02,Nott'm Forest,Liverpool,0,1,A,8,22,2,2,2023_24,EPL
2024-03-02,Tottenham,Crystal Palace,3,1,H,14,4,6,1,2023_24,EPL
2024-03-02,Luton,Aston Villa,2,3,A,13,12,5,8,2023_24,EPL
2024-03-03,Burnley,Bournemouth,0,2,A,20,10,6,3,2023_24,EPL
2024-03-03,Man City,Man United,3,1,H,27,3,8,1,2023_24,EPL
2024-03-04,Sheffield United,Arsenal,0,6,A,4,22,0,10,2023_24,EPL
2024-03-09,Man United,Everton,2,0,H,15,23,8,6,2023_24,EPL
2024-03-09,Bournemouth,Sheffield United,2,2,D,32,13,12,9,2023_24,EPL
2024-03-09,Crystal Palace,Luton,1,1,D,21,8,4,2,2023_24,EPL
2024-03-09,Wolves,Fulham,2,1,H,8,23,3,6,2023_24,EPL
2024-03-09,Arsenal,Brentford,2,1,H,17,9,6,4,2023_24,EPL
2024-03-10,Aston Villa,Tottenham,0,4,A,10,9,1,5,2023_24,EPL
2024-03-10,Brighton,Nott'm Forest,1,0,H,10,9,3,4,2023_24,EPL
2024-03-10,West Ham,Burnley,2,2,D,22,11,4,4,2023_24,EPL
2024-03-10,Liverpool,Man City,1,1,D,19,10,6,6,2023_24,EPL
2024-03-11,Chelsea,Newcastle,3,2,H,12,11,8,3,2023_24,EPL
2024-03-13,Bournemouth,Luton,4,3,H,24,8,10,4,2023_24,EPL
2024-03-16,Burnley,Brentford,2,1,H,17,9,6,5,2023_24,EPL
2024-03-16,Luton,Nott'm Forest,1,1,D,10,16,4,6,2023_24,EPL
2024-03-16,Fulham,Tottenham,3,0,H,16,14,7,5,2023_24,EPL
2024-03-17,West Ham,Aston Villa,1,1,D,13,13,5,5,2023_24,EPL
2024-03-30,Newcastle,West Ham,4,3,H,24,10,9,4,2023_24,EPL
2024-03-30,Bournemouth,Everton,2,1,H,11,7,4,3,2023_24,EPL
2024-03-30,Chelsea,Burnley,2,2,D,33,18,13,7,2023_24,EPL
2024-03-30,Nott'm Forest,Crystal Palace,1,1,D,12,10,5,3,2023_24,EPL
2024-03-30,Sheffield United,Fulham,3,3,D,8,24,4,9,2023_24,EPL
2024-03-30,Tottenham,Luton,2,1,H,17,7,4,3,2023_24,EPL
2024-03-30,Aston Villa,Wolves,2,0,H,11,13,5,3,2023_24,EPL
2024-03-30,Brentford,Man United,1,1,D,31,11,5,5,2023_24,EPL
2024-03-31,Liverpool,Brighton,2,1,H,30,9,8,3,2023_24,EPL
2024-03-31,Man City,Arsenal,0,0,D,12,6,1,2,2023_24,EPL
2024-04-02,Newcastle,Everton,1,1,D,18,10,6,3,2023_24,EPL
2024-04-02,Nott'm Forest,Fulham,3,1,H,16,18,4,3,2023_24,EPL
2024-04-02,Bournemouth,Crystal Palace,1,0,H,11,3,6,2,2023_24,EPL
2024-04-02,Burnley,Wolves,1,1,D,13,8,6,2,2023_24,EPL
2024-04-02,West Ham,Tottenham,1,1,D,11,13,4,4,2023_24,EPL
2024-04-03,Arsenal,Luton,2,0,H,13,5,4,1,2023_24,EPL
2024-04-03,Brentford,Brighton,0,0,D,5,24,2,6,2023_24,EPL
2024-04-03,Man City,Aston Villa,4,1,H,25,8,11,3,2023_24,EPL
2024-04-04,Liverpool,Sheffield United,3,1,H,29,8,9,3,2023_24,EPL
2024-04-04,Chelsea,Man United,4,3,H,28,19,10,5,2023_24,EPL
2024-04-06,Crystal Palace,Man City,2,4,A,7,18,4,8,2023_24,EPL
2024-04-06,Aston Villa,Brentford,3,3,D,11,8,3,3,2023_24,EPL
2024-04-06,Everton,Burnley,1,0,H,12,6,3,1,2023_24,EPL
2024-04-06,Fulham,Newcastle,0,1,A,14,12,4,5,2023_24,EPL
2024-04-06,Luton,Bournemouth,2,1,H,19,8,9,1,2023_24,EPL
2024-04-06,Wolves,West Ham,1,2,A,14,11,7,4,2023_24,EPL
2024-04-06,Brighton,Arsenal,0,3,A,10,20,2,7,2023_24,EPL
2024-04-07,Man United,Liverpool,2,2,D,9,28,5,7,2023_24,EPL
2024-04-07,Sheffield United,Chelsea,2,2,D,11,6,6,3,2023_24,EPL
2024-04-07,Tottenham,Nott'm Forest,3,1,H,17,13,7,6,2023_24,EPL
2024-04-13,Newcastle,Tottenham,4,0,H,18,11,5,2,2023_24,EPL
2024-04-13,Brentford,Sheffield United,2,0,H,9,8,5,2,2023_24,EPL
2024-04-13,Burnley,Brighton,1,1,D,11,20,3,8,2023_24,EPL
2024-04-13,Man City,Luton,5,1,H,33,4,13,2,2023_24,EPL
2024-04-13,Nott'm Forest,Wolves,2,2,D,18,11,9,4,2023_24,EPL
2024-04-13,Bournemouth,Man United,2,2,D,20,8,5,2,2023_24,EPL
2024-04-14,Liverpool,Crystal Palace,0,1,A,21,8,6,5,2023_24,EPL
2024-04-14,West Ham,Fulham,0,2,A,15,18,4,10,2023_24,EPL
2024-04-14,Arsenal,Aston Villa,0,2,A,18,11,4,2,2023_24,EPL
2024-04-15,Chelsea,Everton,6,0,H,14,10,10,2,2023_24,EPL
2024-04-20,Luton,Brentford,1,5,A,6,21,3,9,2023_24,EPL
2024-04-20,Sheffield United,Burnley,1,4,A,18,16,11,9,2023_24,EPL
2024-04-20,Wolves,Arsenal,0,2,A,5,24,3,9,2023_24,EPL
2024-04-21,Everton,Nott'm Forest,2,0,H,7,8,4,3,2023_24,EPL
2024-04-21,Aston Villa,Bournemouth,3,1,H,14,14,4,6,2023_24,EPL
2024-04-21,Crystal Palace,West Ham,5,2,H,18,4,7,1,2023_24,EPL
2024-04-21,Fulham,Liverpool,1,3,A,12,14,5,7,2023_24,EPL
2024-04-23,Arsenal,Chelsea,5,0,H,27,7,10,1,2023_24,EPL
2024-04-24,Wolves,Bournemouth,0,1,A,15,21,4,6,2023_24,EPL
2024-04-24,Crystal Palace,Newcastle,2,0,H,20,7,7,2,2023_24,EPL
2024-04-24,Everton,Liverpool,2,0,H,16,23,6,7,2023_24,EPL
2024-04-24,Man United,Sheffield United,4,2,H,25,10,13,4,2023_24,EPL
2024-04-25,Brighton,Man City,0,4,A,7,14,3,6,2023_24,EPL
2024-04-27,West Ham,Liverpool,2,2,D,11,28,8,8,2023_24,EPL
2024-04-27,Fulham,Crystal Palace,1,1,D,9,14,2,4,2023_24,EPL
2024-04-27,Man United,Burnley,1,1,D,27,16,10,7,2023_24,EPL
2024-04-27,Newcastle,Sheffield United,5,1,H,20,15,7,5,2023_24,EPL
2024-04-27,Wolves,Luton,2,1,H,13,9,5,6,2023_24,EPL
2024-04-27,Everton,Brentford,1,0,H,18,10,1,4,2023_24,EPL
2024-04-27,Aston Villa,Chelsea,2,2,D,9,21,4,5,2023_24,EPL
2024-04-28,Bournemouth,Brighton,3,0,H,15,13,6,1,2023_24,EPL
2024-04-28,Tottenham,Arsenal,2,3,A,14,9,2,3,2023_24,EPL
2024-04-28,Nott'm Forest,Man City,0,2,A,14,11,2,5,2023_24,EPL
2024-05-02,Chelsea,Tottenham,2,0,H,16,19,5,3,2023_24,EPL
2024-05-03,Luton,Everton,1,1,D,18,10,5,3,2023_24,EPL
2024-05-04,Arsenal,Bournemouth,3,0,H,25,7,9,2,2023_24,EPL
2024-05-04,Brentford,Fulham,0,0,D,7,15,3,3,2023_24,EPL
2024-05-04,Burnley,Newcastle,1,4,A,17,23,5,11,2023_24,EPL
2024-05-04,Sheffield United,Nott'm Forest,1,3,A,17,15,5,4,2023_24,EPL
2024-05-04,Man City,Wolves,5,1,H,20,2,12,1,2023_24,EPL
2024-05-05,Brighton,Aston Villa,1,0,H,15,2,8,1,2023_24,EPL
2024-05-05,Chelsea,West Ham,5,0,H,25,13,14,2,2023_24,EPL
2024-05-05,Liverpool,Tottenham,4,2,H,25,11,13,6,2023_24,EPL
2024-05-06,Crystal Palace,Man United,4,0,H,18,7,10,2,2023_24,EPL
2024-05-11,Fulham,Man City,0,4,A,1,16,1,9,2023_24,EPL
2024-05-11,Bournemouth,Brentford,1,2,A,13,11,4,5,2023_24,EPL
2024-05-11,Everton,Sheffield United,1,0,H,15,13,6,1,2023_24,EPL
2024-05-11,Newcastle,Brighton,1,1,D,18,15,7,4,2023_24,EPL
2024-05-11,Tottenham,Burnley,2,1,H,21,7,9,3,2023_24,EPL
2024-05-11,West Ham,Luton,3,1,H,24,4,8,1,2023_24,EPL
2024-05-11,Wolves,Crystal Palace,1,3,A,13,13,7,3,2023_24,EPL
2024-05-11,Nott'm Forest,Chelsea,2,3,A,20,12,4,5,2023_24,EPL
2024-05-12,Man United,Arsenal,0,1,A,14,11,2,5,2023_24,EPL
2024-05-13,Aston Villa,Liverpool,3,3,D,19,14,5,7,2023_24,EPL
2024-05-14,Tottenham,Man City,0,2,A,10,8,5,5,2023_24,EPL
2024-05-15,Brighton,Chelsea,1,2,A,12,13,2,6,2023_24,EPL
2024-05-15,Man United,Newcastle,3,2,H,17,21,8,8,2023_24,EPL
2024-05-19,Arsenal,Everton,2,1,H,26,5,5,2,2023_24,EPL
2024-05-19,Brentford,Newcastle,2,4,A,10,12,5,7,2023_24,EPL
2024-05-19,Brighton,Man United,0,2,A,17,11,3,4,2023_24,EPL
2024-05-19,Burnley,Nott'm Forest,1,2,A,20,12,3,6,2023_24,EPL
2024-05-19,Chelsea,Bournemouth,2,1,H,16,22,6,5,2023_24,EPL
2024-05-19,Crystal Palace,Aston Villa,5,0,H,15,8,9,2,2023_24,EPL
2024-05-19,Liverpool,Wolves,2,0,H,36,4,14,3,2023_24,EPL
2024-05-19,Luton,Fulham,2,4,A,15,15,6,7,2023_24,EPL
2024-05-19,Man City,West Ham,3,1,H,28,3,12,2,2023_24,EPL
2024-05-19,Sheffield United,Tottenham,0,3,A,6,18,1,9,2023_24,EPL
2024-08-16,Man United,Fulham,1,0,H,14,10,5,2,2024_25,EPL
2024-08-17,Ipswich,Liverpool,0,2,A,7,18,2,5,2024_25,EPL
2024-08-17,Arsenal,Wolves,2,0,H,18,9,6,3,2024_25,EPL
2024-08-17,Everton,Brighton,0,3,A,9,10,1,5,2024_25,EPL
2024-08-17,Newcastle,Southampton,1,0,H,3,19,1,4,2024_25,EPL
2024-08-17,Nott'm Forest,Bournemouth,1,1,D,14,13,8,4,2024_25,EPL
2024-08-17,West Ham,Aston Villa,1,2,A,14,15,3,3,2024_25,EPL
2024-08-18,Brentford,Crystal Palace,2,1,H,9,14,5,6,2024_25,EPL
2024-08-18,Chelsea,Man City,0,2,A,10,11,3,5,2024_25,EPL
2024-08-19,Leicester,Tottenham,1,1,D,7,15,3,7,2024_25,EPL
2024-08-24,Brighton,Man United,2,1,H,14,11,5,4,2024_25,EPL
2024-08-24,Crystal Palace,West Ham,0,2,A,14,18,2,3,2024_25,EPL
2024-08-24,Fulham,Leicester,2,1,H,18,10,6,4,2024_25,EPL
2024-08-24,Man City,Ipswich,4,1,H,14,1,5,1,2024_25,EPL
2024-08-24,Southampton,Nott'm Forest,0,1,A,5,23,1,8,2024_25,EPL
2024-08-24,Tottenham,Everton,4,0,H,13,10,7,1,2024_25,EPL
2024-08-24,Aston Villa,Arsenal,0,2,A,11,9,3,4,2024_25,EPL
2024-08-25,Bournemouth,Newcastle,1,1,D,16,14,4,5,2024_25,EPL
2024-08-25,Wolves,Chelsea,2,6,A,12,14,4,8,2024_25,EPL
2024-08-25,Liverpool,Brentford,2,0,H,19,8,8,2,2024_25,EPL
2024-08-31,Arsenal,Brighton,1,1,D,11,22,7,4,2024_25,EPL
2024-08-31,Brentford,Southampton,3,1,H,20,18,7,6,2024_25,EPL
2024-08-31,Everton,Bournemouth,2,3,A,18,17,8,7,2024_25,EPL
2024-08-31,Ipswich,Fulham,1,1,D,11,9,4,4,2024_25,EPL
2024-08-31,Leicester,Aston Villa,1,2,A,9,10,3,5,2024_25,EPL
2024-08-31,Nott'm Forest,Wolves,1,1,D,16,11,5,3,2024_25,EPL
2024-08-31,West Ham,Man City,1,3,A,10,23,2,8,2024_25,EPL
2024-09-01,Chelsea,Crystal Palace,1,1,D,13,9,7,3,2024_25,EPL
2024-09-01,Newcastle,Tottenham,2,1,H,9,20,3,6,2024_25,EPL
2024-09-01,Man United,Liverpool,0,3,A,8,11,3,3,2024_25,EPL
2024-09-14,Southampton,Man United,0,3,A,6,20,4,10,2024_25,EPL
2024-09-14,Brighton,Ipswich,0,0,D,21,6,6,1,2024_25,EPL
2024-09-14,Crystal Palace,Leicester,2,2,D,20,9,4,4,2024_25,EPL
2024-09-14,Fulham,West Ham,1,1,D,21,11,5,3,2024_25,EPL
2024-09-14,Liverpool,Nott'm Forest,0,1,A,14,5,5,3,2024_25,EPL
2024-09-14,Man City,Brentford,2,1,H,18,8,7,5,2024_25,EPL
2024-09-14,Aston Villa,Everton,3,2,H,17,6,8,2,2024_25,EPL
2024-09-14,Bournemouth,Chelsea,0,1,A,19,10,7,3,2024_25,EPL
2024-09-15,Tottenham,Arsenal,0,1,A,15,7,5,4,2024_25,EPL
2024-09-15,Wolves,Newcastle,1,2,A,12,14,5,6,2024_25,EPL
2024-09-21,West Ham,Chelsea,0,3,A,15,12,7,5,2024_25,EPL
2024-09-21,Aston Villa,Wolves,3,1,H,9,10,4,4,2024_25,EPL
2024-09-21,Fulham,Newcastle,3,1,H,22,15,11,4,2024_25,EPL
2024-09-21,Leicester,Everton,1,1,D,12,16,2,5,2024_25,EPL
2024-09-21,Liverpool,Bournemouth,3,0,H,19,19,13,6,2024_25,EPL
2024-09-21,Southampton,Ipswich,1,1,D,11,13,3,6,2024_25,EPL
2024-09-21,Tottenham,Brentford,3,1,H,23,6,10,6,2024_25,EPL
2024-09-21,Crystal Palace,Man United,0,0,D,9,15,4,6,2024_25,EPL
2024-09-22,Brighton,Nott'm Forest,2,2,D,14,4,3,3,2024_25,EPL
2024-09-22,Man City,Arsenal,2,2,D,33,5,11,3,2024_25,EPL
2024-09-28,Newcastle,Man City,1,1,D,11,16,4,6,2024_25,EPL
2024-09-28,Arsenal,Leicester,4,2,H,36,5,16,3,2024_25,EPL
2024-09-28,Brentford,West Ham,1,1,D,8,19,3,3,2024_25,EPL
2024-09-28,Chelsea,Brighton,4,2,H,15,15,7,5,2024_25,EPL
2024-09-28,Everton,Crystal Palace,2,1,H,8,17,2,5,2024_25,EPL
2024-09-28,Nott'm Forest,Fulham,0,1,A,11,14,1,2,2024_25,EPL
2024-09-28,Wolves,Liverpool,1,2,A,8,10,3,6,2024_25,EPL
2024-09-29,Ipswich,Aston Villa,2,2,D,15,7,5,3,2024_25,EPL
2024-09-29,Man United,Tottenham,0,3,A,11,24,2,10,2024_25,EPL
2024-09-30,Bournemouth,Southampton,3,1,H,14,9,6,3,2024_25,EPL
2024-10-05,Crystal Palace,Liverpool,0,1,A,9,16,5,4,2024_25,EPL
2024-10-05,Arsenal,Southampton,3,1,H,29,8,6,2,2024_25,EPL
2024-10-05,Brentford,Wolves,5,3,H,19,17,12,6,2024_25,EPL
2024-10-05,Leicester,Bournemouth,1,0,H,6,17,2,2,2024_25,EPL
2024-10-05,Man City,Fulham,3,2,H,20,11,7,4,2024_25,EPL
2024-10-05,West Ham,Ipswich,4,1,H,23,9,13,2,2024_25,EPL
2024-10-05,Everton,Newcastle,0,0,D,8,14,2,3,2024_25,EPL
2024-10-06,Aston Villa,Man United,0,0,D,11,10,1,4,2024_25,EPL
2024-10-06,Chelsea,Nott'm Forest,1,1,D,22,16,8,9,2024_25,EPL
2024-10-06,Brighton,Tottenham,3,2,H,11,13,4,3,2024_25,EPL
2024-10-19,Tottenham,West Ham,4,1,H,22,11,7,4,2024_25,EPL
2024-10-19,Fulham,Aston Villa,1,3,A,10,14,4,5,2024_25,EPL
2024-10-19,Ipswich,Everton,0,2,A,13,11,2,8,2024_25,EPL
2024-10-19,Man United,Brentford,2,1,H,23,8,11,2,2024_25,EPL
2024-10-19,Newcastle,Brighton,0,1,A,21,10,6,5,2024_25,EPL
2024-10-19,Southampton,Leicester,2,3,A,14,18,7,4,2024_25,EPL
2024-10-19,Bournemouth,Arsenal,2,0,H,13,6,4,1,2024_25,EPL
2024-10-20,Wolves,Man City,1,2,A,3,22,2,7,2024_25,EPL
2024-10-20,Liverpool,Chelsea,2,1,H,9,12,5,2,2024_25,EPL
2024-10-21,Nott'm Forest,Crystal Palace,1,0,H,20,20,6,7,2024_25,EPL
2024-10-25,Leicester,Nott'm Forest,1,3,A,11,20,1,5,2024_25,EPL
2024-10-26,Aston Villa,Bournemouth,1,1,D,18,11,8,3,2024_25,EPL
2024-10-26,Brentford,Ipswich,4,3,H,20,11,9,5,2024_25,EPL
2024-10-26,Brighton,Wolves,2,2,D,19,14,6,7,2024_25,EPL
2024-10-26,Man City,Southampton,1,0,H,22,5,8,2,2024_25,EPL
2024-10-26,Everton,Fulham,1,1,D,10,14,5,3,2024_25,EPL
2024-10-27,Chelsea,Newcastle,2,1,H,17,11,7,3,2024_25,EPL
2024-10-27,Crystal Palace,Tottenham,1,0,H,14,11,6,3,2024_25,EPL
2024-10-27,West Ham,Man United,2,1,H,12,18,3,5,2024_25,EPL
2024-10-27,Arsenal,Liverpool,2,2,D,9,9,3,4,2024_25,EPL
2024-11-02,Newcastle,Arsenal,1,0,H,9,10,4,1,2024_25,EPL
2024-11-02,Bournemouth,Man City,2,1,H,12,18,6,4,2024_25,EPL
2024-11-02,Ipswich,Leicester,1,1,D,14,20,2,6,2024_25,EPL
2024-11-02,Liverpool,Brighton,2,1,H,16,13,8,5,2024_25,EPL
2024-11-02,Nott'm Forest,West Ham,3,0,H,19,4,6,2,2024_25,EPL
2024-11-02,Southampton,Everton,1,0,H,9,16,2,5,2024_25,EPL
2024-11-02,Wolves,Crystal Palace,2,2,D,11,19,6,7,2024_25,EPL
2024-11-03,Tottenham,Aston Villa,4,1,H,16,12,6,1,2024_25,EPL
2024-11-03,Man United,Chelsea,1,1,D,11,12,4,3,2024_25,EPL
2024-11-04,Fulham,Brentford,2,1,H,26,5,12,2,2024_25,EPL
2024-11-09,Brentford,Bournemouth,3,2,H,12,15,6,3,2024_25,EPL
2024-11-09,Crystal Palace,Fulham,0,2,A,13,17,5,7,2024_25,EPL
2024-11-09,West Ham,Everton,0,0,D,11,18,6,4,2024_25,EPL
2024-11-09,Wolves,Southampton,2,0,H,8,9,4,0,2024_25,EPL
2024-11-09,Brighton,Man City,2,1,H,10,15,4,6,2024_25,EPL
2024-11-09,Liverpool,Aston Villa,2,0,H,14,12,5,2,2024_25,EPL
2024-11-10,Man United,Leicester,3,0,H,13,6,3,5,2024_25,EPL
2024-11-10,Nott'm Forest,Newcastle,1,3,A,9,17,3,6,2024_25,EPL
2024-11-10,Tottenham,Ipswich,1,2,A,17,8,5,3,2024_25,EPL
2024-11-10,Chelsea,Arsenal,1,1,D,17,13,3,3,2024_25,EPL
2024-11-23,Leicester,Chelsea,1,2,A,4,16,1,7,2024_25,EPL
2024-11-23,Arsenal,Nott'm Forest,3,0,H,19,7,7,0,2024_25,EPL
2024-11-23,Aston Villa,Crystal Palace,2,2,D,17,13,5,6,2024_25,EPL
2024-11-23,Bournemouth,Brighton,1,2,A,19,6,5,4,2024_25,EPL
2024-11-23,Everton,Brentford,0,0,D,27,9,5,2,2024_25,EPL
2024-11-23,Fulham,Wolves,1,4,A,10,10,3,5,2024_25,EPL
2024-11-23,Man City,Tottenham,0,4,A,23,9,5,7,2024_25,EPL
2024-11-24,Southampton,Liverpool,2,3,A,7,27,5,11,2024_25,EPL
2024-11-24,Ipswich,Man United,1,1,D,11,11,6,4,2024_25,EPL
2024-11-25,Newcastle,West Ham,0,2,A,18,15,2,6,2024_25,EPL
2024-11-29,Brighton,Southampton,1,1,D,22,10,5,2,2024_25,EPL
2024-11-30,Brentford,Leicester,4,1,H,13,7,6,3,2024_25,EPL
2024-11-30,Crystal Palace,Newcastle,1,1,D,16,1,4,0,2024_25,EPL
2024-11-30,Nott'm Forest,Ipswich,1,0,H,12,7,5,3,2024_25,EPL
2024-11-30,Wolves,Bournemouth,2,4,A,10,12,3,8,2024_25,EPL
2024-11-30,West Ham,Arsenal,2,5,A,12,16,5,7,2024_25,EPL
2024-12-01,Chelsea,Aston Villa,3,0,H,17,10,8,4,2024_25,EPL
2024-12-01,Man United,Everton,4,0,H,11,8,5,2,2024_25,EPL
2024-12-01,Tottenham,Fulham,1,1,D,8,14,3,6,2024_25,EPL
2024-12-01,Liverpool,Man City,2,0,H,18,8,7,2,2024_25,EPL
2024-12-03,Ipswich,Crystal Palace,0,1,A,9,13,2,3,2024_25,EPL
2024-12-03,Leicester,West Ham,3,1,H,8,31,6,10,2024_25,EPL
2024-12-04,Everton,Wolves,4,0,H,13,6,4,2,2024_25,EPL
2024-12-04,Man City,Nott'm Forest,3,0,H,17,12,7,3,2024_25,EPL
2024-12-04,Newcastle,Liverpool,3,3,D,17,16,6,5,2024_25,EPL
2024-12-04,Southampton,Chelsea,1,5,A,6,26,4,13,2024_25,EPL
2024-12-04,Arsenal,Man United,2,0,H,14,5,6,2,2024_25,EPL
2024-12-04,Aston Villa,Brentford,3,1,H,20,9,10,1,2024_25,EPL
2024-12-05,Fulham,Brighton,3,1,H,6,13,2,3,2024_25,EPL
2024-12-05,Bournemouth,Tottenham,1,0,H,21,12,8,4,2024_25,EPL
2024-12-07,Aston Villa,Southampton,1,0,H,18,4,5,0,2024_25,EPL
2024-12-07,Brentford,Newcastle,4,2,H,11,16,8,3,2024_25,EPL
2024-12-07,Crystal Palace,Man City,2,2,D,12,12,3,4,2024_25,EPL
2024-12-07,Man United,Nott'm Forest,2,3,A,17,11,7,3,2024_25,EPL
2024-12-08,Fulham,Arsenal,1,1,D,2,12,2,4,2024_25,EPL
2024-12-08,Ipswich,Bournemouth,1,2,A,18,22,5,6,2024_25,EPL
2024-12-08,Leicester,Brighton,2,2,D,10,16,3,7,2024_25,EPL
2024-12-08,Tottenham,Chelsea,3,4,A,13,17,5,8,2024_25,EPL
2024-12-09,West Ham,Wolves,2,1,H,19,19,4,5,2024_25,EPL
2024-12-14,Arsenal,Everton,0,0,D,13,2,5,0,2024_25,EPL
2024-12-14,Liverpool,Fulham,2,2,D,16,12,4,3,2024_25,EPL
2024-12-14,Newcastle,Leicester,4,0,H,27,4,11,1,2024_25,EPL
2024-12-14,Wolves,Ipswich,1,2,A,16,10,6,5,2024_25,EPL
2024-12-14,Nott'm Forest,Aston Villa,2,1,H,17,8,6,2,2024_25,EPL
2024-12-15,Brighton,Crystal Palace,1,3,A,17,13,5,5,2024_25,EPL
2024-12-15,Man City,Man United,1,2,A,10,10,3,3,2024_25,EPL
2024-12-15,Chelsea,Brentford,2,1,H,26,9,8,4,2024_25,EPL
2024-12-15,Southampton,Tottenham,0,5,A,9,18,3,9,2024_25,EPL
2024-12-16,Bournemouth,West Ham,1,1,D,29,16,9,3,2024_25,EPL
2024-12-21,Aston Villa,Man City,2,1,H,11,12,6,6,2024_25,EPL
2024-12-21,Brentford,Nott'm Forest,0,2,A,7,10,3,6,2024_25,EPL
2024-12-21,Ipswich,Newcastle,0,4,A,10,15,2,7,2024_25,EPL
2024-12-21,West Ham,Brighton,1,1,D,11,12,4,6,2024_25,EPL
2024-12-21,Crystal Palace,Arsenal,1,5,A,15,14,6,6,2024_25,EPL
2024-12-22,Everton,Chelsea,0,0,D,5,12,4,5,2024_25,EPL
2024-12-22,Fulham,Southampton,0,0,D,16,5,5,1,2024_25,EPL
2024-12-22,Leicester,Wolves,0,3,A,9,8,5,4,2024_25,EPL
2024-12-22,Man United,Bournemouth,0,3,A,23,10,7,5,2024_25,EPL
2024-12-22,Tottenham,Liverpool,3,6,A,9,24,5,12,2024_25,EPL
2024-12-26,Man City,Everton,1,1,D,24,8,5,3,2024_25,EPL
2024-12-26,Bournemouth,Crystal Palace,0,0,D,18,10,4,4,2024_25,EPL
2024-12-26,Chelsea,Fulham,1,2,A,12,14,8,7,2024_25,EPL
2024-12-26,Newcastle,Aston Villa,3,0,H,22,4,8,1,2024_25,EPL
2024-12-26,Nott'm Forest,Tottenham,1,0,H,10,13,3,4,2024_25,EPL
2024-12-26,Southampton,West Ham,0,1,A,18,16,5,2,2024_25,EPL
2024-12-26,Wolves,Man United,2,0,H,7,11,4,4,2024_25,EPL
2024-12-26,Liverpool,Leicester,3,1,H,19,4,7,1,2024_25,EPL
2024-12-27,Brighton,Brentford,0,0,D,24,8,7,3,2024_25,EPL
2024-12-27,Arsenal,Ipswich,1,0,H,13,3,5,0,2024_25,EPL
2024-12-29,Leicester,Man City,0,2,A,11,14,4,5,2024_25,EPL
2024-12-29,Crystal Palace,Southampton,2,1,H,19,7,10,3,2024_25,EPL
2024-12-29,Everton,Nott'm Forest,0,2,A,13,11,2,7,2024_25,EPL
2024-12-29,Fulham,Bournemouth,2,2,D,11,16,6,9,2024_25,EPL
2024-12-29,Tottenham,Wolves,2,2,D,13,11,3,3,2024_25,EPL
2024-12-29,West Ham,Liverpool,0,5,A,7,22,0,13,2024_25,EPL
2024-12-30,Aston Villa,Brighton,2,2,D,20,13,4,4,2024_25,EPL
2024-12-30,Ipswich,Chelsea,2,0,H,9,20,6,5,2024_25,EPL
2024-12-30,Man United,Newcastle,0,2,A,10,12,0,4,2024_25,EPL
2025-01-01,Brentford,Arsenal,1,3,A,5,14,2,5,2024_25,EPL
2025-01-04,Tottenham,Newcastle,1,2,A,13,14,4,4,2024_25,EPL
2025-01-04,Aston Villa,Leicester,2,1,H,13,4,5,2,2024_25,EPL
2025-01-04,Bournemouth,Everton,1,0,H,19,9,8,0,2024_25,EPL
2025-01-04,Crystal Palace,Chelsea,1,1,D,13,15,6,1,2024_25,EPL
2025-01-04,Man City,West Ham,4,1,H,10,17,7,4,2024_25,EPL
2025-01-04,Southampton,Brentford,0,5,A,8,20,1,11,2024_25,EPL
2025-01-04,Brighton,Arsenal,1,1,D,11,9,4,3,2024_25,EPL
2025-01-05,Fulham,Ipswich,2,2,D,15,7,4,3,2024_25,EPL
2025-01-05,Liverpool,Man United,2,2,D,19,13,6,4,2024_25,EPL
2025-01-06,Wolves,Nott'm Forest,0,3,A,13,11,6,3,2024_25,EPL
2025-01-14,Brentford,Man City,2,2,D,18,21,6,8,2024_25,EPL
2025-01-14,Chelsea,Bournemouth,2,2,D,26,7,10,3,2024_25,EPL
2025-01-14,West Ham,Fulham,3,2,H,4,21,3,5,2024_25,EPL
2025-01-14,Nott'm Forest,Liverpool,1,1,D,6,23,3,7,2024_25,EPL
2025-01-15,Everton,Aston Villa,0,1,A,10,11,3,3,2024_25,EPL
2025-01-15,Leicester,Crystal Palace,0,2,A,21,9,4,4,2024_25,EPL
2025-01-15,Newcastle,Wolves,3,0,H,17,13,5,7,2024_25,EPL
2025-01-15,Arsenal,Tottenham,2,1,H,14,10,4,2,2024_25,EPL
2025-01-16,Ipswich,Brighton,0,2,A,5,11,3,5,2024_25,EPL
2025-01-16,Man United,Southampton,3,1,H,23,13,9,5,2024_25,EPL
2025-01-18,Newcastle,Bournemouth,1,4,A,13,19,5,10,2024_25,EPL
2025-01-18,Brentford,Liverpool,0,2,A,11,37,6,8,2024_25,EPL
2025-01-18,Leicester,Fulham,0,2,A,8,17,4,2,2024_25,EPL
2025-01-18,West Ham,Crystal Palace,0,2,A,7,12,0,7,2024_25,EPL
2025-01-18,Arsenal,Aston Villa,2,2,D,18,8,6,4,2024_25,EPL
2025-01-19,Everton,Tottenham,3,2,H,12,11,6,6,2024_25,EPL
2025-01-19,Man United,Brighton,1,3,A,10,6,1,3,2024_25,EPL
2025-01-19,Nott'm Forest,Southampton,3,2,H,14,10,5,4,2024_25,EPL
2025-01-19,Ipswich,Man City,0,6,A,8,17,4,9,2024_25,EPL
2025-01-20,Chelsea,Wolves,3,1,H,19,9,7,4,2024_25,EPL
2025-01-25,Bournemouth,Nott'm Forest,5,0,H,16,18,10,4,2024_25,EPL
2025-01-25,Brighton,Everton,0,1,A,16,3,1,1,2024_25,EPL
2025-01-25,Liverpool,Ipswich,4,1,H,16,3,6,3,2024_25,EPL
2025-01-25,Southampton,Newcastle,1,3,A,12,17,5,9,2024_25,EPL
2025-01-25,Wolves,Arsenal,0,1,A,9,9,4,3,2024_25,EPL
2025-01-25,Man City,Chelsea,3,1,H,15,10,6,4,2024_25,EPL
2025-01-26,Crystal Palace,Brentford,1,2,A,16,13,5,6,2024_25,EPL
2025-01-26,Tottenham,Leicester,1,2,A,15,12,6,3,2024_25,EPL
2025-01-26,Aston Villa,West Ham,1,1,D,14,14,4,4,2024_25,EPL
2025-01-26,Fulham,Man United,0,1,A,9,4,3,1,2024_25,EPL
2025-02-01,Nott'm Forest,Brighton,7,0,H,14,10,9,5,2024_25,EPL
2025-02-01,Bournemouth,Liverpool,0,2,A,14,19,3,7,2024_25,EPL
2025-02-01,Everton,Leicester,4,0,H,13,9,7,1,2024_25,EPL
2025-02-01,Ipswich,Southampton,1,2,A,15,9,6,4,2024_25,EPL
2025-02-01,Newcastle,Fulham,1,2,A,11,15,4,4,2024_25,EPL
2025-02-01,Wolves,Aston Villa,2,0,H,8,10,5,3,2024_25,EPL
2025-02-02,Brentford,Tottenham,0,2,A,20,13,4,2,2024_25,EPL
2025-02-02,Man United,Crystal Palace,0,2,A,17,11,2,3,2024_25,EPL
2025-02-02,Arsenal,Man City,5,1,H,12,7,7,4,2024_25,EPL
2025-02-03,Chelsea,West Ham,2,1,H,22,14,3,5,2024_25,EPL
2025-02-12,Everton,Liverpool,2,2,D,10,6,3,4,2024_25,EPL
2025-02-14,Brighton,Chelsea,3,0,H,13,8,5,0,2024_25,EPL
2025-02-15,Leicester,Arsenal,0,2,A,6,11,2,5,2024_25,EPL
2025-02-15,Aston Villa,Ipswich,1,1,D,25,4,6,3,2024_25,EPL
2025-02-15,Fulham,Nott'm Forest,2,1,H,24,8,10,2,2024_25,EPL
2025-02-15,Man City,Newcastle,4,0,H,11,3,7,1,2024_25,EPL
2025-02-15,Southampton,Bournemouth,1,3,A,11,14,4,7,2024_25,EPL
2025-02-15,West Ham,Brentford,0,1,A,13,14,3,5,2024_25,EPL
2025-02-15,Crystal Palace,Everton,1,2,A,17,11,6,6,2024_25,EPL
2025-02-16,Liverpool,Wolves,2,1,H,10,16,3,4,2024_25,EPL
2025-02-16,Tottenham,Man United,1,0,H,22,16,7,6,2024_25,EPL
2025-02-19,Aston Villa,Liverpool,2,2,D,9,17,4,3,2024_25,EPL
2025-02-21,Leicester,Brentford,0,4,A,8,14,3,6,2024_25,EPL
2025-02-22,Everton,Man United,2,2,D,9,9,8,3,2024_25,EPL
2025-02-22,Arsenal,West Ham,0,1,A,20,5,2,2,2024_25,EPL
2025-02-22,Bournemouth,Wolves,0,1,A,8,13,3,5,2024_25,EPL
2025-02-22,Fulham,Crystal Palace,0,2,A,10,10,0,5,2024_25,EPL
2025-02-22,Ipswich,Tottenham,1,4,A,17,10,5,6,2024_25,EPL
2025-02-22,Southampton,Brighton,0,4,A,6,18,1,12,2024_25,EPL
2025-02-22,Aston Villa,Chelsea,2,1,H,12,15,6,7,2024_25,EPL
2025-02-23,Newcastle,Nott'm Forest,4,3,H,13,17,5,5,2024_25,EPL
2025-02-23,Man City,Liverpool,0,2,A,16,8,5,4,2024_25,EPL
2025-02-25,Brighton,Bournemouth,2,1,H,11,19,4,5,2024_25,EPL
2025-02-25,Crystal Palace,Aston Villa,4,1,H,19,6,6,2,2024_25,EPL
2025-02-25,Wolves,Fulham,1,2,A,18,11,5,5,2024_25,EPL
2025-02-25,Chelsea,Southampton,4,0,H,19,7,10,2,2024_25,EPL
2025-02-26,Brentford,Everton,1,1,D,12,14,3,4,2024_25,EPL
2025-02-26,Man United,Ipswich,3,2,H,10,12,6,3,2024_25,EPL
2025-02-26,Nott'm Forest,Arsenal,0,0,D,6,13,2,1,2024_25,EPL
2025-02-26,Tottenham,Man City,0,1,A,11,12,6,5,2024_25,EPL
2025-02-26,Liverpool,Newcastle,2,0,H,12,3,3,0,2024_25,EPL
2025-02-27,West Ham,Leicester,2,0,H,8,10,2,2,2024_25,EPL
2025-03-08,Nott'm Forest,Man City,1,0,H,9,14,4,3,2024_25,EPL
2025-03-08,Brighton,Fulham,2,1,H,9,6,4,1,2024_25,EPL
2025-03-08,Crystal Palace,Ipswich,1,0,H,19,15,4,8,2024_25,EPL
2025-03-08,Liverpool,Southampton,3,1,H,28,6,7,4,2024_25,EPL
2025-03-08,Brentford,Aston Villa,0,1,A,13,12,3,4,2024_25,EPL
2025-03-08,Wolves,Everton,1,1,D,11,12,3,4,2024_25,EPL
2025-03-09,Chelsea,Leicester,1,0,H,20,3,7,3,2024_25,EPL
2025-03-09,Tottenham,Bournemouth,2,2,D,12,17,4,8,2024_25,EPL
2025-03-09,Man United,Arsenal,1,1,D,10,17,6,6,2024_25,EPL
2025-03-10,West Ham,Newcastle,0,1,A,9,9,2,3,2024_25,EPL
2025-03-15,Everton,West Ham,1,1,D,13,10,5,5,2024_25,EPL
2025-03-15,Ipswich,Nott'm Forest,2,4,A,11,11,4,6,2024_25,EPL
2025-03-15,Man City,Brighton,2,2,D,11,15,3,3,2024_25,EPL
2025-03-15,Southampton,Wolves,1,2,A,10,5,3,3,2024_25,EPL
2025-03-15,Bournemouth,Brentford,1,2,A,17,10,5,4,2024_25,EPL
2025-03-16,Arsenal,Chelsea,1,0,H,12,8,4,2,2024_25,EPL
2025-03-16,Fulham,Tottenham,2,0,H,13,12,4,4,2024_25,EPL
2025-03-16,Leicester,Man United,0,3,A,11,18,3,5,2024_25,EPL
2025-04-01,Arsenal,Fulham,2,1,H,17,9,4,3,2024_25,EPL
2025-04-01,Wolves,West Ham,1,0,H,9,10,2,1,2024_25,EPL
2025-04-01,Nott'm Forest,Man United,1,0,H,8,23,2,6,2024_25,EPL
2025-04-02,Bournemouth,Ipswich,1,2,A,24,10,7,2,2024_25,EPL
2025-04-02,Brighton,Aston Villa,0,3,A,11,8,4,5,2024_25,EPL
2025-04-02,Man City,Leicester,2,0,H,18,2,5,0,2024_25,EPL
2025-04-02,Newcastle,Brentford,2,1,H,21,12,4,3,2024_25,EPL
2025-04-02,Southampton,Crystal Palace,1,1,D,8,9,2,3,2024_25,EPL
2025-04-02,Liverpool,Everton,1,0,H,17,5,3,0,2024_25,EPL
2025-04-03,Chelsea,Tottenham,1,0,H,11,8,5,2,2024_25,EPL
2025-04-05,Everton,Arsenal,1,1,D,5,14,2,5,2024_25,EPL
2025-04-05,Crystal Palace,Brighton,2,1,H,8,11,3,5,2024_25,EPL
2025-04-05,Ipswich,Wolves,1,2,A,6,22,2,7,2024_25,EPL
2025-04-05,West Ham,Bournemouth,2,2,D,9,11,3,4,2024_25,EPL
2025-04-05,Aston Villa,Nott'm Forest,2,1,H,17,19,8,3,2024_25,EPL
2025-04-06,Brentford,Chelsea,0,0,D,9,21,2,5,2024_25,EPL
2025-04-06,Fulham,Liverpool,3,2,H,12,14,6,6,2024_25,EPL
2025-04-06,Tottenham,Southampton,3,1,H,13,12,8,4,2024_25,EPL
2025-04-06,Man United,Man City,0,0,D,13,9,2,5,2024_25,EPL
2025-04-07,Leicester,Newcastle,0,3,A,7,16,2,5,2024_25,EPL
2025-04-12,Man City,Crystal Palace,5,2,H,21,8,9,3,2024_25,EPL
2025-04-12,Brighton,Leicester,2,2,D,21,15,7,6,2024_25,EPL
2025-04-12,Nott'm Forest,Everton,0,1,A,10,13,5,5,2024_25,EPL
2025-04-12,Southampton,Aston Villa,0,3,A,7,25,2,10,2024_25,EPL
2025-04-12,Arsenal,Brentford,1,1,D,14,3,3,2,2024_25,EPL
2025-04-13,Chelsea,Ipswich,2,2,D,34,13,9,4,2024_25,EPL
2025-04-13,Liverpool,West Ham,2,1,H,15,11,6,4,2024_25,EPL
2025-04-13,Wolves,Tottenham,4,2,H,13,11,5,4,2024_25,EPL
2025-04-13,Newcastle,Man United,4,1,H,13,9,6,5,2024_25,EPL
2025-04-14,Bournemouth,Fulham,1,0,H,12,12,3,7,2024_25,EPL
2025-04-16,Newcastle,Crystal Palace,5,0,H,14,11,7,4,2024_25,EPL
2025-04-19,Brentford,Brighton,4,2,H,16,12,8,3,2024_25,EPL
2025-04-19,Crystal Palace,Bournemouth,0,0,D,5,15,0,4,2024_25,EPL
2025-04-19,Everton,Man City,0,2,A,8,12,3,7,2024_25,EPL
2025-04-19,West Ham,Southampton,1,1,D,12,15,4,4,2024_25,EPL
2025-04-19,Aston Villa,Newcastle,4,1,H,23,10,9,3,2024_25,EPL
2025-04-20,Fulham,Chelsea,1,2,A,6,13,1,8,2024_25,EPL
2025-04-20,Ipswich,Arsenal,0,4,A,4,24,0,7,2024_25,EPL
2025-04-20,Man United,Wolves,0,1,A,12,4,2,2,2024_25,EPL
2025-04-20,Leicester,Liverpool,0,1,A,5,28,0,10,2024_25,EPL
2025-04-21,Tottenham,Nott'm Forest,1,2,A,22,4,6,3,2024_25,EPL
2025-04-22,Man City,Aston Villa,2,1,H,14,7,6,3,2024_25,EPL
2025-04-23,Arsenal,Crystal Palace,2,2,D,12,15,6,4,2024_25,EPL
2025-04-26,Chelsea,Everton,1,0,H,10,6,7,3,2024_25,EPL
2025-04-26,Brighton,West Ham,3,2,H,16,12,9,4,2024_25,EPL
2025-04-26,Newcastle,Ipswich,3,0,H,25,4,5,0,2024_25,EPL
2025-04-26,Southampton,Fulham,1,2,A,7,26,3,5,2024_25,EPL
2025-04-26,Wolves,Leicester,3,0,H,20,8,6,2,2024_25,EPL
2025-04-27,Bournemouth,Man United,1,1,D,8,25,1,6,2024_25,EPL
2025-04-27,Liverpool,Tottenham,5,1,H,25,8,8,3,2024_25,EPL
2025-05-01,Nott'm Forest,Brentford,0,2,A,14,11,5,3,2024_25,EPL
2025-05-02,Man City,Wolves,1,0,H,9,6,2,1,2024_25,EPL
2025-05-03,Aston Villa,Fulham,1,0,H,10,11,3,3,2024_25,EPL
2025-05-03,Everton,Ipswich,2,2,D,8,12,3,5,2024_25,EPL
2025-05-03,Leicester,Southampton,2,0,H,14,8,4,2,2024_25,EPL
2025-05-03,Arsenal,Bournemouth,1,2,A,13,9,4,2,2024_25,EPL
2025-05-04,Brentford,Man United,4,3,H,12,14,6,5,2024_25,EPL
2025-05-04,Brighton,Newcastle,1,1,D,5,13,2,5,2024_25,EPL
2025-05-04,West Ham,Tottenham,1,1,D,11,7,2,2,2024_25,EPL
2025-05-04,Chelsea,Liverpool,3,1,H,17,11,7,2,2024_25,EPL
2025-05-05,Crystal Palace,Nott'm Forest,1,1,D,20,12,3,4,2024_25,EPL
2025-05-10,Fulham,Everton,1,3,A,18,11,6,7,2024_25,EPL
2025-05-10,Ipswich,Brentford,0,1,A,11,15,4,5,2024_25,EPL
2025-05-10,Southampton,Man City,0,0,D,2,26,0,5,2024_25,EPL
2025-05-10,Wolves,Brighton,0,2,A,10,7,3,2,2024_25,EPL
2025-05-10,Bournemouth,Aston Villa,0,1,A,10,6,4,3,2024_25,EPL
2025-05-11,Newcastle,Chelsea,2,0,H,15,10,6,3,2024_25,EPL
2025-05-11,Man United,West Ham,0,2,A,20,9,5,4,2024_25,EPL
2025-05-11,Nott'm Forest,Leicester,2,2,D,15,10,4,6,2024_25,EPL
2025-05-11,Tottenham,Crystal Palace,0,2,A,8,23,1,10,2024_25,EPL
2025-05-11,Liverpool,Arsenal,2,2,D,14,15,5,7,2024_25,EPL
2025-05-16,Aston Villa,Tottenham,2,0,H,18,3,7,1,2024_25,EPL
2025-05-16,Chelsea,Man United,1,0,H,11,4,3,1,2024_25,EPL
2025-05-18,Everton,Southampton,2,0,H,13,6,5,2,2024_25,EPL
2025-05-18,West Ham,Nott'm Forest,1,2,A,16,10,5,5,2024_25,EPL
2025-05-18,Brentford,Fulham,2,3,A,11,16,6,7,2024_25,EPL
2025-05-18,Leicester,Ipswich,2,0,H,9,20,3,2,2024_25,EPL
2025-05-18,Arsenal,Newcastle,1,0,H,12,14,4,5,2024_25,EPL
2025-05-19,Brighton,Liverpool,3,2,H,25,18,12,5,2024_25,EPL
2025-05-20,Crystal Palace,Wolves,4,2,H,14,12,10,3,2024_25,EPL
2025-05-20,Man City,Bournemouth,3,1,H,12,8,5,2,2024_25,EPL
2025-05-25,Bournemouth,Leicester,2,0,H,20,3,7,0,2024_25,EPL
2025-05-25,Fulham,Man City,0,2,A,13,20,3,5,2024_25,EPL
2025-05-25,Ipswich,West Ham,1,3,A,14,10,4,6,2024_25,EPL
2025-05-25,Liverpool,Crystal Palace,1,1,D,14,8,3,5,2024_25,EPL
2025-05-25,Man United,Aston Villa,2,0,H,25,6,10,1,2024_25,EPL
2025-05-25,Newcastle,Everton,0,1,A,17,14,6,6,2024_25,EPL
2025-05-25,Nott'm Forest,Chelsea,0,1,A,10,6,2,2,2024_25,EPL
2025-05-25,Southampton,Arsenal,1,2,A,7,23,2,8,2024_25,EPL
2025-05-25,Tottenham,Brighton,1,4,A,4,23,2,8,2024_25,EPL
2025-05-25,Wolves,Brentford,1,1,D,18,13,6,7,2024_25,EPL
2010-08-28,Hercules,Ath Bilbao,0,1,A,9,14,3,5,2010_11,LaLiga
2010-08-28,Levante,Sevilla,1,4,A,7,14,4,8,2010_11,LaLiga
2010-08-28,Malaga,Valencia,1,3,A,19,21,5,8,2010_11,LaLiga
2010-08-29,Espanol,Getafe,3,1,H,17,13,8,1,2010_11,LaLiga
2010-08-29,La Coruna,Zaragoza,0,0,D,8,8,2,3,2010_11,LaLiga
2010-08-29,Mallorca,Real Madrid,0,0,D,7,16,2,5,2010_11,LaLiga
2010-08-29,Osasuna,Almeria,0,0,D,13,3,2,0,2010_11,LaLiga
2010-08-29,Santander,Barcelona,0,3,A,11,9,7,5,2010_11,LaLiga
2010-08-29,Sociedad,Villarreal,1,0,H,10,23,3,5,2010_11,LaLiga
2010-08-30,Ath Madrid,Sp Gijon,4,0,H,16,18,7,8,2010_11,LaLiga
2010-09-11,Ath Bilbao,Ath Madrid,1,2,A,18,11,3,5,2010_11,LaLiga
2010-09-11,Barcelona,Hercules,0,2,A,17,9,9,7,2010_11,LaLiga
2010-09-11,Real Madrid,Osasuna,1,0,H,25,4,7,1,2010_11,LaLiga
2010-09-11,Valencia,Santander,1,0,H,14,15,5,7,2010_11,LaLiga
2010-09-12,Getafe,Levante,4,1,H,21,7,10,2,2010_11,LaLiga
2010-09-12,Sevilla,La Coruna,0,0,D,26,12,10,2,2010_11,LaLiga
2010-09-12,Sp Gijon,Mallorca,2,0,H,12,9,6,1,2010_11,LaLiga
2010-09-12,Villarreal,Espanol,4,0,H,11,15,5,5,2010_11,LaLiga
2010-09-12,Zaragoza,Malaga,3,5,A,32,12,10,8,2010_11,LaLiga
2010-09-13,Almeria,Sociedad,2,2,D,18,15,7,6,2010_11,LaLiga
2010-09-18,Espanol,Almeria,1,0,H,13,4,4,1,2010_11,LaLiga
2010-09-18,Mallorca,Osasuna,2,0,H,13,12,5,4,2010_11,LaLiga
2010-09-18,Sociedad,Real Madrid,1,2,A,10,22,1,10,2010_11,LaLiga
2010-09-18,Sp Gijon,Ath Bilbao,2,2,D,10,17,5,7,2010_11,LaLiga
2010-09-19,Ath Madrid,Barcelona,1,2,A,7,16,4,8,2010_11,LaLiga
2010-09-19,Hercules,Valencia,1,2,A,13,8,7,4,2010_11,LaLiga
2010-09-19,Levante,Villarreal,1,2,A,15,8,2,5,2010_11,LaLiga
2010-09-19,Malaga,Sevilla,1,2,A,8,19,5,6,2010_11,LaLiga
2010-09-19,Santander,Zaragoza,2,0,H,8,7,4,1,2010_11,LaLiga
2010-09-20,La Coruna,Getafe,2,2,D,26,12,11,2,2010_11,LaLiga
2010-09-21,Ath Bilbao,Mallorca,3,0,H,12,15,6,3,2010_11,LaLiga
2010-09-21,Osasuna,Sociedad,3,1,H,17,8,5,2,2010_11,LaLiga
2010-09-21,Real Madrid,Espanol,3,0,H,20,9,7,3,2010_11,LaLiga
2010-09-22,Almeria,Levante,0,1,A,19,6,5,2,2010_11,LaLiga
2010-09-22,Barcelona,Sp Gijon,1,0,H,16,3,5,0,2010_11,LaLiga
2010-09-22,Valencia,Ath Madrid,1,1,D,16,6,4,2,2010_11,LaLiga
2010-09-22,Zaragoza,Hercules,0,0,D,20,5,5,4,2010_11,LaLiga
2010-09-23,Getafe,Malaga,0,2,A,24,15,7,5,2010_11,LaLiga
2010-09-23,Sevilla,Santander,1,1,D,14,13,4,4,2010_11,LaLiga
2010-09-23,Villarreal,La Coruna,1,0,H,19,14,8,4,2010_11,LaLiga
2010-09-25,Ath Bilbao,Barcelona,1,3,A,11,25,4,10,2010_11,LaLiga
2010-09-25,Levante,Real Madrid,0,0,D,4,25,0,6,2010_11,LaLiga
2010-09-25,Sp Gijon,Valencia,0,2,A,10,8,1,5,2010_11,LaLiga
2010-09-26,Ath Madrid,Zaragoza,1,0,H,12,19,4,6,2010_11,LaLiga
2010-09-26,Espanol,Osasuna,1,0,H,26,7,7,2,2010_11,LaLiga
2010-09-26,Hercules,Sevilla,2,0,H,7,15,3,5,2010_11,LaLiga
2010-09-26,La Coruna,Almeria,0,2,A,15,15,7,6,2010_11,LaLiga
2010-09-26,Mallorca,Sociedad,2,0,H,15,13,6,3,2010_11,LaLiga
2010-09-26,Santander,Getafe,0,1,A,15,9,5,2,2010_11,LaLiga
2010-09-27,Malaga,Villarreal,2,3,A,9,19,3,8,2010_11,LaLiga
2010-10-02,Sociedad,Espanol,1,0,H,18,18,4,9,2010_11,LaLiga
2010-10-02,Valencia,Ath Bilbao,2,1,H,18,13,6,2,2010_11,LaLiga
2010-10-02,Zaragoza,Sp Gijon,2,2,D,9,18,4,5,2010_11,LaLiga
2010-10-03,Almeria,Malaga,1,1,D,26,11,7,4,2010_11,LaLiga
2010-10-03,Barcelona,Mallorca,1,1,D,26,11,10,2,2010_11,LaLiga
2010-10-03,Getafe,Hercules,3,0,H,20,9,7,1,2010_11,LaLiga
2010-10-03,Osasuna,Levante,1,1,D,18,7,8,2,2010_11,LaLiga
2010-10-03,Real Madrid,La Coruna,6,1,H,17,8,8,3,2010_11,LaLiga
2010-10-03,Sevilla,Ath Madrid,3,1,H,18,9,10,4,2010_11,LaLiga
2010-10-03,Villarreal,Santander,2,0,H,16,19,10,4,2010_11,LaLiga
2010-10-16,Ath Madrid,Getafe,2,0,H,11,15,3,8,2010_11,LaLiga
2010-10-16,Barcelona,Valencia,2,1,H,12,8,8,2,2010_11,LaLiga
2010-10-16,Malaga,Real Madrid,1,4,A,9,21,1,7,2010_11,LaLiga
2010-10-17,Ath Bilbao,Zaragoza,2,1,H,16,16,7,3,2010_11,LaLiga
2010-10-17,La Coruna,Osasuna,0,0,D,23,8,10,2,2010_11,LaLiga
2010-10-17,Levante,Sociedad,2,1,H,13,10,3,5,2010_11,LaLiga
2010-10-17,Mallorca,Espanol,0,1,A,12,14,1,7,2010_11,LaLiga
2010-10-17,Santander,Almeria,1,0,H,25,9,14,4,2010_11,LaLiga
2010-10-17,Sp Gijon,Sevilla,2,0,H,14,18,7,4,2010_11,LaLiga
2010-10-18,Hercules,Villarreal,2,2,D,9,23,5,9,2010_11,LaLiga
2010-10-23,Real Madrid,Santander,6,1,H,16,13,10,3,2010_11,LaLiga
2010-10-23,Valencia,Mallorca,1,2,A,13,14,5,6,2010_11,LaLiga
2010-10-23,Zaragoza,Barcelona,0,2,A,5,20,4,10,2010_11,LaLiga
2010-10-24,Almeria,Hercules,1,1,D,13,9,8,4,2010_11,LaLiga
2010-10-24,Espanol,Levante,2,1,H,14,12,3,2,2010_11,LaLiga
2010-10-24,Getafe,Sp Gijon,3,0,H,15,10,6,3,2010_11,LaLiga
2010-10-24,Osasuna,Malaga,3,0,H,14,8,8,0,2010_11,LaLiga
2010-10-24,Sevilla,Ath Bilbao,4,3,H,14,17,9,9,2010_11,LaLiga
2010-10-24,Villarreal,Ath Madrid,2,0,H,10,11,5,2,2010_11,LaLiga
2010-10-25,Sociedad,La Coruna,3,0,H,9,8,7,2,2010_11,LaLiga
2010-10-30,Barcelona,Sevilla,5,0,H,18,3,9,1,2010_11,LaLiga
2010-10-30,Hercules,Real Madrid,1,3,A,7,25,2,10,2010_11,LaLiga
2010-10-30,Valencia,Zaragoza,1,1,D,15,10,2,3,2010_11,LaLiga
2010-10-31,Ath Bilbao,Getafe,3,0,H,20,10,7,2,2010_11,LaLiga
2010-10-31,Ath Madrid,Almeria,1,1,D,28,10,11,3,2010_11,LaLiga
2010-10-31,La Coruna,Espanol,3,0,H,11,11,4,4,2010_11,LaLiga
2010-10-31,Malaga,Sociedad,1,2,A,16,12,6,2,2010_11,LaLiga
2010-10-31,Santander,Osasuna,4,1,H,17,12,7,4,2010_11,LaLiga
2010-10-31,Sp Gijon,Villarreal,1,1,D,12,10,5,4,2010_11,LaLiga
2010-11-01,Mallorca,Levante,2,1,H,22,13,6,3,2010_11,LaLiga
2010-11-06,Espanol,Malaga,1,0,H,15,11,6,3,2010_11,LaLiga
2010-11-06,Sociedad,Santander,1,0,H,11,13,4,3,2010_11,LaLiga
2010-11-07,Almeria,Sp Gijon,1,1,D,9,14,3,3,2010_11,LaLiga
2010-11-07,Getafe,Barcelona,1,3,A,12,14,5,8,2010_11,LaLiga
2010-11-07,Levante,La Coruna,1,2,A,11,11,2,6,2010_11,LaLiga
2010-11-07,Osasuna,Hercules,3,0,H,16,8,5,1,2010_11,LaLiga
2010-11-07,Real Madrid,Ath Madrid,2,0,H,22,18,13,3,2010_11,LaLiga
2010-11-07,Villarreal,Ath Bilbao,4,1,H,23,7,9,4,2010_11,LaLiga
2010-11-07,Zaragoza,Mallorca,3,2,H,22,8,3,4,2010_11,LaLiga
2010-11-08,Sevilla,Valencia,2,0,H,22,12,10,6,2010_11,LaLiga
2010-11-13,Ath Bilbao,Almeria,1,0,H,13,8,4,3,2010_11,LaLiga
2010-11-13,Ath Madrid,Osasuna,3,0,H,24,14,7,5,2010_11,LaLiga
2010-11-13,Barcelona,Villarreal,3,1,H,15,9,5,2,2010_11,LaLiga
2010-11-14,Hercules,Sociedad,2,1,H,14,18,5,1,2010_11,LaLiga
2010-11-14,Malaga,Levante,1,0,H,11,12,7,2,2010_11,LaLiga
2010-11-14,Mallorca,La Coruna,0,0,D,13,8,4,4,2010_11,LaLiga
2010-11-14,Santander,Espanol,0,0,D,10,8,4,3,2010_11,LaLiga
2010-11-14,Sp Gijon,Real Madrid,0,1,A,10,12,3,5,2010_11,LaLiga
2010-11-14,Valencia,Getafe,2,0,H,14,8,4,3,2010_11,LaLiga
2010-11-14,Zaragoza,Sevilla,1,2,A,15,2,2,2,2010_11,LaLiga
2010-11-20,Almeria,Barcelona,0,8,A,9,18,2,13,2010_11,LaLiga
2010-11-20,Real Madrid,Ath Bilbao,5,1,H,16,14,6,6,2010_11,LaLiga
2010-11-20,Villarreal,Valencia,1,1,D,18,8,6,2,2010_11,LaLiga
2010-11-21,Espanol,Hercules,3,0,H,7,12,5,5,2010_11,LaLiga
2010-11-21,La Coruna,Malaga,3,0,H,8,13,3,4,2010_11,LaLiga
2010-11-21,Levante,Santander,3,1,H,18,15,10,4,2010_11,LaLiga
2010-11-21,Osasuna,Sp Gijon,1,0,H,13,9,2,0,2010_11,LaLiga
2010-11-21,Sevilla,Mallorca,1,2,A,11,17,2,8,2010_11,LaLiga
2010-11-21,Sociedad,Ath Madrid,2,4,A,10,23,4,8,2010_11,LaLiga
2010-11-22,Getafe,Zaragoza,1,1,D,21,10,3,4,2010_11,LaLiga
2010-11-27,Ath Madrid,Espanol,2,3,A,23,15,10,6,2010_11,LaLiga
2010-11-27,Sevilla,Getafe,1,3,A,17,13,6,6,2010_11,LaLiga
2010-11-27,Zaragoza,Villarreal,0,3,A,13,14,4,6,2010_11,LaLiga
2010-11-28,Ath Bilbao,Osasuna,1,0,H,15,11,5,3,2010_11,LaLiga
2010-11-28,Hercules,Levante,3,1,H,18,9,10,5,2010_11,LaLiga
2010-11-28,Mallorca,Malaga,2,0,H,12,14,6,5,2010_11,LaLiga
2010-11-28,Santander,La Coruna,1,0,H,11,4,6,0,2010_11,LaLiga
2010-11-28,Sp Gijon,Sociedad,1,3,A,9,12,3,6,2010_11,LaLiga
2010-11-28,Valencia,Almeria,2,1,H,11,10,6,3,2010_11,LaLiga
2010-11-29,Barcelona,Real Madrid,5,0,H,15,5,6,2,2010_11,LaLiga
2010-12-04,Levante,Ath Madrid,2,0,H,18,15,8,5,2010_11,LaLiga
2010-12-04,Osasuna,Barcelona,0,3,A,4,16,2,8,2010_11,LaLiga
2010-12-04,Real Madrid,Valencia,2,0,H,19,15,11,4,2010_11,LaLiga
2010-12-05,Almeria,Zaragoza,1,1,D,15,17,5,6,2010_11,LaLiga
2010-12-05,Espanol,Sp Gijon,1,0,H,7,13,2,2,2010_11,LaLiga
2010-12-05,Getafe,Mallorca,3,0,H,12,17,7,3,2010_11,LaLiga
2010-12-05,Malaga,Santander,4,1,H,18,11,6,4,2010_11,LaLiga
2010-12-05,Sociedad,Ath Bilbao,2,0,H,7,22,2,3,2010_11,LaLiga
2010-12-05,Villarreal,Sevilla,1,0,H,11,8,4,3,2010_11,LaLiga
2010-12-06,La Coruna,Hercules,1,0,H,12,7,4,1,2010_11,LaLiga
2010-12-11,Ath Madrid,La Coruna,2,0,H,20,5,7,0,2010_11,LaLiga
2010-12-11,Getafe,Villarreal,1,0,H,9,14,3,7,2010_11,LaLiga
2010-12-11,Sevilla,Almeria,1,3,A,19,16,8,9,2010_11,LaLiga
2010-12-12,Ath Bilbao,Espanol,2,1,H,16,11,7,6,2010_11,LaLiga
2010-12-12,Barcelona,Sociedad,5,0,H,21,2,9,0,2010_11,LaLiga
2010-12-12,Hercules,Malaga,4,1,H,19,8,7,5,2010_11,LaLiga
2010-12-12,Mallorca,Santander,0,1,A,14,10,4,3,2010_11,LaLiga
2010-12-12,Sp Gijon,Levante,1,1,D,15,4,5,1,2010_11,LaLiga
2010-12-12,Zaragoza,Real Madrid,1,3,A,6,20,3,7,2010_11,LaLiga
2010-12-13,Valencia,Osasuna,3,3,D,12,16,9,4,2010_11,LaLiga
2010-12-18,Espanol,Barcelona,1,5,A,7,19,5,10,2010_11,LaLiga
2010-12-18,La Coruna,Sp Gijon,1,1,D,12,10,6,3,2010_11,LaLiga
2010-12-18,Levante,Ath Bilbao,1,2,A,15,9,2,6,2010_11,LaLiga
2010-12-18,Sociedad,Valencia,1,2,A,12,15,2,5,2010_11,LaLiga
2010-12-18,Villarreal,Mallorca,3,1,H,14,7,7,2,2010_11,LaLiga
2010-12-19,Almeria,Getafe,2,3,A,16,22,5,9,2010_11,LaLiga
2010-12-19,Malaga,Ath Madrid,0,3,A,12,11,3,6,2010_11,LaLiga
2010-12-19,Osasuna,Zaragoza,0,0,D,15,10,5,1,2010_11,LaLiga
2010-12-19,Real Madrid,Sevilla,1,0,H,10,5,5,2,2010_11,LaLiga
2010-12-20,Santander,Hercules,0,0,D,8,8,2,3,2010_11,LaLiga
2011-01-02,Ath Bilbao,La Coruna,1,2,A,21,7,7,3,2010_11,LaLiga
2011-01-02,Barcelona,Levante,2,1,H,22,4,10,2,2010_11,LaLiga
2011-01-02,Sevilla,Osasuna,1,0,H,13,7,5,3,2010_11,LaLiga
2011-01-02,Sp Gijon,Malaga,1,2,A,14,6,6,5,2010_11,LaLiga
2011-01-02,Valencia,Espanol,2,1,H,13,15,8,2,2010_11,LaLiga
2011-01-03,Ath Madrid,Santander,0,0,D,13,9,5,3,2010_11,LaLiga
2011-01-03,Getafe,Real Madrid,2,3,A,12,15,5,5,2010_11,LaLiga
2011-01-03,Mallorca,Hercules,3,0,H,20,11,10,3,2010_11,LaLiga
2011-01-03,Villarreal,Almeria,2,0,H,16,11,10,2,2010_11,LaLiga
2011-01-03,Zaragoza,Sociedad,2,1,H,24,8,9,2,2010_11,LaLiga
2011-01-08,La Coruna,Barcelona,0,4,A,7,8,1,5,2010_11,LaLiga
2011-01-08,Malaga,Ath Bilbao,1,1,D,12,13,3,6,2010_11,LaLiga
2011-01-08,Sociedad,Sevilla,2,3,A,14,17,8,5,2010_11,LaLiga
2011-01-09,Espanol,Zaragoza,4,0,H,11,13,6,4,2010_11,LaLiga
2011-01-09,Levante,Valencia,0,1,A,13,16,2,6,2010_11,LaLiga
2011-01-09,Mallorca,Almeria,4,1,H,18,10,9,2,2010_11,LaLiga
2011-01-09,Osasuna,Getafe,0,0,D,15,18,3,7,2010_11,LaLiga
2011-01-09,Real Madrid,Villarreal,4,2,H,15,12,7,3,2010_11,LaLiga
2011-01-09,Santander,Sp Gijon,1,1,D,13,17,3,9,2010_11,LaLiga
2011-01-10,Hercules,Ath Madrid,4,1,H,10,22,6,4,2010_11,LaLiga
2011-01-15,Ath Bilbao,Santander,2,1,H,9,12,4,4,2010_11,LaLiga
2011-01-15,Getafe,Sociedad,0,4,A,22,11,3,4,2010_11,LaLiga
2011-01-15,Sevilla,Espanol,1,2,A,17,11,6,4,2010_11,LaLiga
2011-01-15,Sp Gijon,Hercules,2,0,H,8,5,6,2,2010_11,LaLiga
2011-01-15,Villarreal,Osasuna,4,2,H,20,12,12,4,2010_11,LaLiga
2011-01-15,Zaragoza,Levante,1,0,H,10,8,2,3,2010_11,LaLiga
2011-01-16,Almeria,Real Madrid,1,1,D,9,24,3,10,2010_11,LaLiga
2011-01-16,Barcelona,Malaga,4,1,H,13,4,9,2,2010_11,LaLiga
2011-01-16,Valencia,La Coruna,2,0,H,17,9,7,1,2010_11,LaLiga
2011-01-17,Ath Madrid,Mallorca,3,0,H,10,18,5,7,2010_11,LaLiga
2011-01-22,Barcelona,Santander,3,0,H,14,7,11,3,2010_11,LaLiga
2011-01-22,Sevilla,Levante,4,1,H,9,5,5,2,2010_11,LaLiga
2011-01-22,Valencia,Malaga,4,3,H,15,9,7,6,2010_11,LaLiga
2011-01-23,Almeria,Osasuna,3,2,H,14,16,4,5,2010_11,LaLiga
2011-01-23,Getafe,Espanol,1,3,A,17,12,5,6,2010_11,LaLiga
2011-01-23,Real Madrid,Mallorca,1,0,H,18,10,5,2,2010_11,LaLiga
2011-01-23,Sp Gijon,Ath Madrid,1,0,H,6,5,3,1,2010_11,LaLiga
2011-01-23,Villarreal,Sociedad,2,1,H,28,4,8,1,2010_11,LaLiga
2011-01-23,Zaragoza,La Coruna,1,0,H,7,5,4,0,2010_11,LaLiga
2011-01-24,Ath Bilbao,Hercules,3,0,H,12,7,4,3,2010_11,LaLiga
2011-01-29,Hercules,Barcelona,0,3,A,4,22,2,8,2010_11,LaLiga
2011-01-29,La Coruna,Sevilla,3,3,D,16,12,5,6,2010_11,LaLiga
2011-01-29,Levante,Getafe,2,0,H,15,7,6,0,2010_11,LaLiga
2011-01-29,Malaga,Zaragoza,1,2,A,15,12,6,7,2010_11,LaLiga
2011-01-29,Mallorca,Sp Gijon,0,4,A,16,10,3,3,2010_11,LaLiga
2011-01-29,Sociedad,Almeria,2,0,H,13,22,5,5,2010_11,LaLiga
2011-01-30,Ath Madrid,Ath Bilbao,0,2,A,16,15,7,7,2010_11,LaLiga
2011-01-30,Espanol,Villarreal,0,1,A,13,16,5,6,2010_11,LaLiga
2011-01-30,Osasuna,Real Madrid,1,0,H,9,21,3,4,2010_11,LaLiga
2011-01-31,Santander,Valencia,1,1,D,8,8,4,3,2010_11,LaLiga
2011-02-05,Almeria,Espanol,3,2,H,11,17,5,5,2010_11,LaLiga
2011-02-05,Ath Bilbao,Sp Gijon,3,0,H,13,6,6,1,2010_11,LaLiga
2011-02-05,Barcelona,Ath Madrid,3,0,H,15,10,8,4,2010_11,LaLiga
2011-02-05,Getafe,La Coruna,4,1,H,19,19,10,8,2010_11,LaLiga
2011-02-05,Osasuna,Mallorca,1,1,D,16,8,5,4,2010_11,LaLiga
2011-02-05,Villarreal,Levante,0,1,A,14,11,4,4,2010_11,LaLiga
2011-02-05,Zaragoza,Santander,1,1,D,18,13,5,4,2010_11,LaLiga
2011-02-06,Real Madrid,Sociedad,4,1,H,30,14,8,4,2010_11,LaLiga
2011-02-06,Sevilla,Malaga,0,0,D,9,6,2,1,2010_11,LaLiga
2011-02-06,Valencia,Hercules,2,0,H,15,7,7,3,2010_11,LaLiga
2011-02-12,Ath Madrid,Valencia,1,2,A,15,11,5,2,2010_11,LaLiga
2011-02-12,Santander,Sevilla,3,2,H,8,19,4,6,2010_11,LaLiga
2011-02-12,Sp Gijon,Barcelona,1,1,D,7,15,1,6,2010_11,LaLiga
2011-02-13,Espanol,Real Madrid,0,1,A,19,19,5,10,2010_11,LaLiga
2011-02-13,Hercules,Zaragoza,2,1,H,7,11,5,6,2010_11,LaLiga
2011-02-13,La Coruna,Villarreal,1,0,H,12,3,3,2,2010_11,LaLiga
2011-02-13,Levante,Almeria,1,0,H,11,12,4,3,2010_11,LaLiga
2011-02-13,Malaga,Getafe,2,2,D,20,8,6,5,2010_11,LaLiga
2011-02-13,Sociedad,Osasuna,1,0,H,19,12,9,1,2010_11,LaLiga
2011-02-14,Mallorca,Ath Bilbao,1,0,H,11,12,5,3,2010_11,LaLiga
2011-02-19,Real Madrid,Levante,2,0,H,25,3,11,1,2010_11,LaLiga
2011-02-19,Valencia,Sp Gijon,0,0,D,12,7,2,0,2010_11,LaLiga
2011-02-19,Zaragoza,Ath Madrid,0,1,A,14,16,2,7,2010_11,LaLiga
2011-02-20,Almeria,La Coruna,1,1,D,12,8,4,4,2010_11,LaLiga
2011-02-20,Barcelona,Ath Bilbao,2,1,H,20,5,5,4,2010_11,LaLiga
2011-02-20,Getafe,Santander,0,1,A,6,8,1,4,2010_11,LaLiga
2011-02-20,Osasuna,Espanol,4,0,H,15,11,8,0,2010_11,LaLiga
2011-02-20,Sevilla,Hercules,1,0,H,17,7,6,3,2010_11,LaLiga
2011-02-20,Villarreal,Malaga,1,1,D,15,6,7,2,2010_11,LaLiga
2011-02-21,Sociedad,Mallorca,1,0,H,12,9,4,2,2010_11,LaLiga
2011-02-26,Ath Madrid,Sevilla,2,2,D,19,15,11,5,2010_11,LaLiga
2011-02-26,Espanol,Sociedad,4,1,H,11,14,4,5,2010_11,LaLiga
2011-02-26,La Coruna,Real Madrid,0,0,D,4,21,1,9,2010_11,LaLiga
2011-02-26,Mallorca,Barcelona,0,3,A,8,7,3,4,2010_11,LaLiga
2011-02-26,Sp Gijon,Zaragoza,0,0,D,13,12,5,0,2010_11,LaLiga
2011-02-27,Ath Bilbao,Valencia,1,2,A,17,11,6,5,2010_11,LaLiga
2011-02-27,Hercules,Getafe,0,0,D,11,17,5,7,2010_11,LaLiga
2011-02-27,Levante,Osasuna,2,1,H,14,8,7,4,2010_11,LaLiga
2011-02-27,Santander,Villarreal,2,2,D,17,17,9,2,2010_11,LaLiga
2011-02-28,Malaga,Almeria,3,1,H,18,15,8,5,2010_11,LaLiga
2011-03-01,Espanol,Mallorca,1,2,A,10,16,3,6,2010_11,LaLiga
2011-03-01,Sevilla,Sp Gijon,3,0,H,16,3,8,0,2010_11,LaLiga
2011-03-02,Getafe,Ath Madrid,1,1,D,11,13,3,3,2010_11,LaLiga
2011-03-02,Osasuna,La Coruna,0,0,D,19,5,6,3,2010_11,LaLiga
2011-03-02,Sociedad,Levante,1,1,D,14,11,1,1,2010_11,LaLiga
2011-03-02,Valencia,Barcelona,0,1,A,7,20,1,8,2010_11,LaLiga
2011-03-02,Villarreal,Hercules,1,0,H,18,6,7,3,2010_11,LaLiga
2011-03-02,Zaragoza,Ath Bilbao,2,1,H,18,9,5,3,2010_11,LaLiga
2011-03-03,Almeria,Santander,1,1,D,20,6,6,3,2010_11,LaLiga
2011-03-03,Real Madrid,Malaga,7,0,H,20,5,13,1,2010_11,LaLiga
2011-03-05,Ath Madrid,Villarreal,3,1,H,16,8,6,2,2010_11,LaLiga
2011-03-05,Barcelona,Zaragoza,1,0,H,23,3,12,1,2010_11,LaLiga
2011-03-05,Mallorca,Valencia,1,2,A,10,11,4,6,2010_11,LaLiga
2011-03-06,Ath Bilbao,Sevilla,2,0,H,15,12,6,3,2010_11,LaLiga
2011-03-06,Hercules,Almeria,1,2,A,13,8,3,6,2010_11,LaLiga
2011-03-06,Levante,Espanol,1,0,H,13,11,5,2,2010_11,LaLiga
2011-03-06,Malaga,Osasuna,0,1,A,20,15,4,4,2010_11,LaLiga
2011-03-06,Santander,Real Madrid,1,3,A,7,21,3,8,2010_11,LaLiga
2011-03-06,Sp Gijon,Getafe,2,0,H,16,12,4,0,2010_11,LaLiga
2011-03-07,La Coruna,Sociedad,2,1,H,14,5,3,2,2010_11,LaLiga
2011-03-12,Almeria,Ath Madrid,2,2,D,12,17,6,7,2010_11,LaLiga
2011-03-12,Real Madrid,Hercules,2,0,H,22,9,11,4,2010_11,LaLiga
2011-03-12,Zaragoza,Valencia,4,0,H,9,3,6,1,2010_11,LaLiga
2011-03-13,Espanol,La Coruna,2,0,H,13,6,6,2,2010_11,LaLiga
2011-03-13,Levante,Mallorca,1,1,D,8,15,2,7,2010_11,LaLiga
2011-03-13,Osasuna,Santander,3,1,H,12,10,3,3,2010_11,LaLiga
2011-03-13,Sevilla,Barcelona,1,1,D,11,12,3,6,2010_11,LaLiga
2011-03-13,Sociedad,Malaga,0,2,A,14,10,5,5,2010_11,LaLiga
2011-03-13,Villarreal,Sp Gijon,1,1,D,12,14,3,5,2010_11,LaLiga
2011-03-14,Getafe,Ath Bilbao,2,2,D,14,12,3,5,2010_11,LaLiga
2011-03-19,Ath Madrid,Real Madrid,1,2,A,16,17,9,8,2010_11,LaLiga
2011-03-19,Barcelona,Getafe,2,1,H,14,8,6,3,2010_11,LaLiga
2011-03-19,Mallorca,Zaragoza,1,0,H,11,6,5,1,2010_11,LaLiga
2011-03-20,Ath Bilbao,Villarreal,0,1,A,15,9,6,4,2010_11,LaLiga
2011-03-20,Hercules,Osasuna,0,4,A,18,13,6,7,2010_11,LaLiga
2011-03-20,La Coruna,Levante,0,1,A,11,20,3,6,2010_11,LaLiga
2011-03-20,Malaga,Espanol,2,0,H,11,10,7,2,2010_11,LaLiga
2011-03-20,Santander,Sociedad,2,1,H,16,11,3,5,2010_11,LaLiga
2011-03-20,Sp Gijon,Almeria,1,0,H,9,15,4,5,2010_11,LaLiga
2011-03-20,Valencia,Sevilla,0,1,A,26,23,9,10,2010_11,LaLiga
2011-04-02,Getafe,Valencia,2,4,A,13,12,6,5,2010_11,LaLiga
2011-04-02,Real Madrid,Sp Gijon,0,1,A,33,4,13,1,2010_11,LaLiga
2011-04-02,Villarreal,Barcelona,0,1,A,7,10,3,6,2010_11,LaLiga
2011-04-03,Espanol,Santander,1,2,A,8,7,4,5,2010_11,LaLiga
2011-04-03,La Coruna,Mallorca,2,1,H,16,4,5,2,2010_11,LaLiga
2011-04-03,Levante,Malaga,3,1,H,9,18,5,4,2010_11,LaLiga
2011-04-03,Osasuna,Ath Madrid,2,3,A,15,12,7,6,2010_11,LaLiga
2011-04-03,Sevilla,Zaragoza,3,1,H,20,15,10,5,2010_11,LaLiga
2011-04-03,Sociedad,Hercules,1,3,A,19,13,5,8,2010_11,LaLiga
2011-04-04,Almeria,Ath Bilbao,1,3,A,18,14,6,7,2010_11,LaLiga
2011-04-09,Ath Bilbao,Real Madrid,0,3,A,12,7,2,2,2010_11,LaLiga
2011-04-09,Barcelona,Almeria,3,1,H,14,2,4,1,2010_11,LaLiga
2011-04-09,Mallorca,Sevilla,2,2,D,10,7,3,3,2010_11,LaLiga
2011-04-10,Ath Madrid,Sociedad,3,0,H,21,7,13,4,2010_11,LaLiga
2011-04-10,Hercules,Espanol,0,0,D,8,3,3,1,2010_11,LaLiga
2011-04-10,Malaga,La Coruna,0,0,D,8,5,1,2,2010_11,LaLiga
2011-04-10,Santander,Levante,1,1,D,14,6,6,2,2010_11,LaLiga
2011-04-10,Sp Gijon,Osasuna,1,0,H,9,7,5,4,2010_11,LaLiga
2011-04-10,Valencia,Villarreal,5,0,H,17,7,12,4,2010_11,LaLiga
2011-04-11,Zaragoza,Getafe,2,1,H,11,14,7,5,2010_11,LaLiga
2011-04-16,Almeria,Valencia,0,3,A,8,18,1,7,2010_11,LaLiga
2011-04-16,Getafe,Sevilla,1,0,H,13,2,6,2,2010_11,LaLiga
2011-04-16,Malaga,Mallorca,3,0,H,19,14,8,8,2010_11,LaLiga
2011-04-16,Real Madrid,Barcelona,1,1,D,13,11,6,6,2010_11,LaLiga
2011-04-17,Espanol,Ath Madrid,2,2,D,10,19,3,4,2010_11,LaLiga
2011-04-17,La Coruna,Santander,2,0,H,12,16,4,5,2010_11,LaLiga
2011-04-17,Levante,Hercules,2,1,H,16,9,5,3,2010_11,LaLiga
2011-04-17,Osasuna,Ath Bilbao,1,2,A,6,6,2,2,2010_11,LaLiga
2011-04-17,Sociedad,Sp Gijon,2,1,H,13,12,4,6,2010_11,LaLiga
2011-04-18,Villarreal,Zaragoza,1,0,H,10,17,6,8,2010_11,LaLiga
2011-04-23,Ath Bilbao,Sociedad,2,1,H,9,10,6,3,2010_11,LaLiga
2011-04-23,Barcelona,Osasuna,2,0,H,11,14,2,5,2010_11,LaLiga
2011-04-23,Valencia,Real Madrid,3,6,A,21,14,8,8,2010_11,LaLiga
2011-04-24,Ath Madrid,Levante,4,1,H,16,12,6,3,2010_11,LaLiga
2011-04-24,Hercules,La Coruna,1,0,H,14,9,3,2,2010_11,LaLiga
2011-04-24,Mallorca,Getafe,2,0,H,13,11,7,3,2010_11,LaLiga
2011-04-24,Santander,Malaga,1,2,A,21,11,5,4,2010_11,LaLiga
2011-04-24,Sevilla,Villarreal,3,2,H,9,19,3,7,2010_11,LaLiga
2011-04-24,Sp Gijon,Espanol,1,0,H,14,10,4,4,2010_11,LaLiga
2011-04-25,Zaragoza,Almeria,1,0,H,22,7,11,3,2010_11,LaLiga
2011-04-30,La Coruna,Ath Madrid,0,1,A,10,17,3,5,2010_11,LaLiga
2011-04-30,Real Madrid,Zaragoza,2,3,A,18,10,7,4,2010_11,LaLiga
2011-04-30,Sociedad,Barcelona,2,1,H,8,13,3,7,2010_11,LaLiga
2011-05-01,Almeria,Sevilla,0,1,A,6,19,1,10,2010_11,LaLiga
2011-05-01,Levante,Sp Gijon,0,0,D,8,4,2,1,2010_11,LaLiga
2011-05-01,Malaga,Hercules,3,1,H,12,11,3,4,2010_11,LaLiga
2011-05-01,Osasuna,Valencia,1,0,H,19,5,6,1,2010_11,LaLiga
2011-05-01,Santander,Mallorca,2,0,H,8,13,3,8,2010_11,LaLiga
2011-05-01,Villarreal,Getafe,2,1,H,19,15,6,6,2010_11,LaLiga
2011-05-02,Espanol,Ath Bilbao,2,1,H,9,7,6,4,2010_11,LaLiga
2011-05-07,Ath Bilbao,Levante,3,2,H,13,13,4,4,2010_11,LaLiga
2011-05-07,Ath Madrid,Malaga,0,3,A,14,11,6,5,2010_11,LaLiga
2011-05-07,Getafe,Almeria,2,0,H,15,10,8,1,2010_11,LaLiga
2011-05-07,Hercules,Santander,2,3,A,21,12,9,7,2010_11,LaLiga
2011-05-07,Sevilla,Real Madrid,2,6,A,16,19,5,10,2010_11,LaLiga
2011-05-07,Sp Gijon,La Coruna,2,2,D,17,8,7,5,2010_11,LaLiga
2011-05-07,Valencia,Sociedad,3,0,H,9,11,4,1,2010_11,LaLiga
2011-05-08,Barcelona,Espanol,2,0,H,14,6,6,2,2010_11,LaLiga
2011-05-08,Mallorca,Villarreal,0,0,D,11,6,5,2,2010_11,LaLiga
2011-05-08,Zaragoza,Osasuna,1,3,A,21,11,7,3,2010_11,LaLiga
2011-05-10,La Coruna,Ath Bilbao,2,1,H,10,12,3,2,2010_11,LaLiga
2011-05-10,Malaga,Sp Gijon,2,0,H,6,13,3,4,2010_11,LaLiga
2011-05-10,Real Madrid,Getafe,4,0,H,21,8,7,1,2010_11,LaLiga
2011-05-10,Santander,Ath Madrid,2,1,H,14,6,6,1,2010_11,LaLiga
2011-05-11,Almeria,Villarreal,0,0,D,15,12,3,4,2010_11,LaLiga
2011-05-11,Espanol,Valencia,2,2,D,20,10,7,5,2010_11,LaLiga
2011-05-11,Hercules,Mallorca,2,2,D,15,9,2,3,2010_11,LaLiga
2011-05-11,Levante,Barcelona,1,1,D,9,10,2,2,2010_11,LaLiga
2011-05-11,Osasuna,Sevilla,3,2,H,19,9,7,3,2010_11,LaLiga
2011-05-11,Sociedad,Zaragoza,2,1,H,14,11,4,4,2010_11,LaLiga
2011-05-15,Almeria,Mallorca,3,1,H,13,13,4,5,2010_11,LaLiga
2011-05-15,Ath Bilbao,Malaga,1,1,D,18,8,7,3,2010_11,LaLiga
2011-05-15,Ath Madrid,Hercules,2,1,H,19,8,6,2,2010_11,LaLiga
2011-05-15,Barcelona,La Coruna,0,0,D,8,8,2,4,2010_11,LaLiga
2011-05-15,Getafe,Osasuna,2,0,H,19,12,4,5,2010_11,LaLiga
2011-05-15,Sevilla,Sociedad,3,1,H,16,4,8,1,2010_11,LaLiga
2011-05-15,Sp Gijon,Santander,2,1,H,33,3,16,2,2010_11,LaLiga
2011-05-15,Valencia,Levante,0,0,D,17,5,5,1,2010_11,LaLiga
2011-05-15,Villarreal,Real Madrid,1,3,A,10,7,2,5,2010_11,LaLiga
2011-05-15,Zaragoza,Espanol,1,0,H,21,7,7,5,2010_11,LaLiga
2011-05-21,Espanol,Sevilla,2,3,A,15,5,7,3,2010_11,LaLiga
2011-05-21,Hercules,Sp Gijon,0,0,D,17,9,4,2,2010_11,LaLiga
2011-05-21,La Coruna,Valencia,0,2,A,28,12,6,6,2010_11,LaLiga
2011-05-21,Levante,Zaragoza,1,2,A,3,20,2,10,2010_11,LaLiga
2011-05-21,Malaga,Barcelona,1,3,A,13,18,4,8,2010_11,LaLiga
2011-05-21,Mallorca,Ath Madrid,3,4,A,25,12,14,6,2010_11,LaLiga
2011-05-21,Osasuna,Villarreal,1,0,H,14,4,6,3,2010_11,LaLiga
2011-05-21,Real Madrid,Almeria,8,1,H,27,6,13,1,2010_11,LaLiga
2011-05-21,Santander,Ath Bilbao,1,2,A,18,9,6,7,2010_11,LaLiga
2011-05-21,Sociedad,Getafe,1,1,D,12,8,7,1,2010_11,LaLiga
2011-08-27,Granada,Betis,0,1,A,11,18,2,3,2011_12,LaLiga
2011-08-27,Sp Gijon,Sociedad,1,2,A,17,6,4,2,2011_12,LaLiga
2011-08-27,Valencia,Santander,4,3,H,26,4,11,3,2011_12,LaLiga
2011-08-28,Ath Bilbao,Vallecano,1,1,D,10,13,4,6,2011_12,LaLiga
2011-08-28,Ath Madrid,Osasuna,0,0,D,28,16,8,2,2011_12,LaLiga
2011-08-28,Getafe,Levante,1,1,D,8,9,2,1,2011_12,LaLiga
2011-08-28,Mallorca,Espanol,1,0,H,11,9,4,3,2011_12,LaLiga
2011-08-28,Sevilla,Malaga,2,1,H,15,6,9,1,2011_12,LaLiga
2011-08-28,Zaragoza,Real Madrid,0,6,A,8,39,1,16,2011_12,LaLiga
2011-08-29,Barcelona,Villarreal,5,0,H,18,5,9,1,2011_12,LaLiga
2011-09-10,Real Madrid,Getafe,4,2,H,26,10,10,6,2011_12,LaLiga
2011-09-10,Sociedad,Barcelona,2,2,D,10,13,4,6,2011_12,LaLiga
2011-09-10,Valencia,Ath Madrid,1,0,H,12,12,6,2,2011_12,LaLiga
2011-09-10,Villarreal,Sevilla,2,2,D,11,10,5,5,2011_12,LaLiga
2011-09-11,Betis,Mallorca,1,0,H,24,9,7,2,2011_12,LaLiga
2011-09-11,Espanol,Ath Bilbao,2,1,H,10,17,6,7,2011_12,LaLiga
2011-09-11,Osasuna,Sp Gijon,2,1,H,21,10,7,2,2011_12,LaLiga
2011-09-11,Santander,Levante,0,0,D,8,11,1,2,2011_12,LaLiga
2011-09-11,Vallecano,Zaragoza,0,0,D,20,7,5,1,2011_12,LaLiga
2011-09-12,Malaga,Granada,4,0,H,20,12,9,4,2011_12,LaLiga
2011-09-17,Barcelona,Osasuna,8,0,H,18,7,14,1,2011_12,LaLiga
2011-09-17,Granada,Villarreal,1,0,H,8,14,2,4,2011_12,LaLiga
2011-09-17,Mallorca,Malaga,0,1,A,6,8,1,4,2011_12,LaLiga
2011-09-17,Sevilla,Sociedad,1,0,H,15,11,5,1,2011_12,LaLiga
2011-09-17,Sp Gijon,Valencia,0,1,A,15,11,4,5,2011_12,LaLiga
2011-09-18,Ath Bilbao,Betis,2,3,A,18,18,9,6,2011_12,LaLiga
2011-09-18,Ath Madrid,Santander,4,0,H,17,4,7,0,2011_12,LaLiga
2011-09-18,Getafe,Vallecano,0,1,A,7,9,2,4,2011_12,LaLiga
2011-09-18,Levante,Real Madrid,1,0,H,11,14,4,3,2011_12,LaLiga
2011-09-18,Zaragoza,Espanol,2,1,H,12,14,5,4,2011_12,LaLiga
2011-09-20,Osasuna,Sevilla,0,0,D,15,11,8,5,2011_12,LaLiga
2011-09-20,Sociedad,Granada,1,0,H,14,15,4,4,2011_12,LaLiga
2011-09-20,Villarreal,Mallorca,2,0,H,13,9,9,3,2011_12,LaLiga
2011-09-21,Ath Madrid,Sp Gijon,4,0,H,19,3,11,1,2011_12,LaLiga
2011-09-21,Malaga,Ath Bilbao,1,0,H,13,8,4,3,2011_12,LaLiga
2011-09-21,Santander,Real Madrid,0,0,D,5,16,2,2,2011_12,LaLiga
2011-09-21,Valencia,Barcelona,2,2,D,9,10,1,7,2011_12,LaLiga
2011-09-21,Vallecano,Levante,1,2,A,14,9,7,5,2011_12,LaLiga
2011-09-22,Betis,Zaragoza,4,3,H,9,21,6,8,2011_12,LaLiga
2011-09-22,Espanol,Getafe,1,0,H,16,9,6,0,2011_12,LaLiga
2011-09-24,Ath Bilbao,Villarreal,1,1,D,10,15,6,3,2011_12,LaLiga
2011-09-24,Barcelona,Ath Madrid,5,0,H,18,6,8,2,2011_12,LaLiga
2011-09-24,Real Madrid,Vallecano,6,2,H,18,16,11,6,2011_12,LaLiga
2011-09-24,Sevilla,Valencia,1,0,H,12,14,6,6,2011_12,LaLiga
2011-09-25,Granada,Osasuna,1,1,D,10,20,2,6,2011_12,LaLiga
2011-09-25,Levante,Espanol,3,1,H,12,18,5,6,2011_12,LaLiga
2011-09-25,Mallorca,Sociedad,2,1,H,16,16,4,5,2011_12,LaLiga
2011-09-25,Sp Gijon,Santander,0,0,D,16,8,1,3,2011_12,LaLiga
2011-09-25,Zaragoza,Malaga,0,0,D,8,9,4,4,2011_12,LaLiga
2011-09-26,Getafe,Betis,1,0,H,12,9,5,3,2011_12,LaLiga
2011-10-01,Malaga,Getafe,3,2,H,19,6,8,2,2011_12,LaLiga
2011-10-01,Osasuna,Mallorca,2,2,D,10,14,6,6,2011_12,LaLiga
2011-10-01,Santander,Vallecano,1,1,D,7,9,4,5,2011_12,LaLiga
2011-10-01,Valencia,Granada,1,0,H,23,14,11,5,2011_12,LaLiga
2011-10-01,Villarreal,Zaragoza,2,2,D,25,16,12,9,2011_12,LaLiga
2011-10-02,Ath Madrid,Sevilla,0,0,D,15,8,4,5,2011_12,LaLiga
2011-10-02,Betis,Levante,0,1,A,20,8,4,3,2011_12,LaLiga
2011-10-02,Espanol,Real Madrid,0,4,A,15,16,3,7,2011_12,LaLiga
2011-10-02,Sociedad,Ath Bilbao,1,2,A,15,16,4,7,2011_12,LaLiga
2011-10-02,Sp Gijon,Barcelona,0,1,A,4,14,1,4,2011_12,LaLiga
2011-10-15,Barcelona,Santander,3,0,H,19,3,6,2,2011_12,LaLiga
2011-10-15,Getafe,Villarreal,0,0,D,8,14,3,4,2011_12,LaLiga
2011-10-15,Granada,Ath Madrid,0,0,D,18,20,3,8,2011_12,LaLiga
2011-10-15,Mallorca,Valencia,1,1,D,11,10,1,3,2011_12,LaLiga
2011-10-15,Real Madrid,Betis,4,1,H,22,10,10,3,2011_12,LaLiga
2011-10-16,Levante,Malaga,3,0,H,14,7,4,3,2011_12,LaLiga
2011-10-16,Sevilla,Sp Gijon,2,1,H,20,15,4,6,2011_12,LaLiga
2011-10-16,Vallecano,Espanol,0,1,A,6,10,1,4,2011_12,LaLiga
2011-10-16,Zaragoza,Sociedad,2,0,H,8,13,4,2,2011_12,LaLiga
2011-10-17,Ath Bilbao,Osasuna,3,1,H,13,11,6,6,2011_12,LaLiga
2011-10-22,Barcelona,Sevilla,0,0,D,21,6,6,3,2011_12,LaLiga
2011-10-22,Malaga,Real Madrid,0,4,A,21,12,6,7,2011_12,LaLiga
2011-10-22,Santander,Espanol,0,1,A,20,14,5,4,2011_12,LaLiga
2011-10-22,Sp Gijon,Granada,2,0,H,16,19,5,5,2011_12,LaLiga
2011-10-23,Ath Madrid,Mallorca,1,1,D,20,6,4,3,2011_12,LaLiga
2011-10-23,Betis,Vallecano,0,2,A,18,12,4,5,2011_12,LaLiga
2011-10-23,Osasuna,Zaragoza,3,0,H,16,6,7,2,2011_12,LaLiga
2011-10-23,Sociedad,Getafe,0,0,D,12,12,2,2,2011_12,LaLiga
2011-10-23,Valencia,Ath Bilbao,1,1,D,22,6,3,3,2011_12,LaLiga
2011-10-23,Villarreal,Levante,0,3,A,15,9,5,3,2011_12,LaLiga
2011-10-25,Granada,Barcelona,0,1,A,2,17,0,7,2011_12,LaLiga
2011-10-25,Sevilla,Santander,2,2,D,22,9,11,5,2011_12,LaLiga
2011-10-26,Getafe,Osasuna,2,2,D,13,6,4,3,2011_12,LaLiga
2011-10-26,Levante,Sociedad,3,2,H,10,19,4,5,2011_12,LaLiga
2011-10-26,Mallorca,Sp Gijon,1,2,A,17,12,5,2,2011_12,LaLiga
2011-10-26,Real Madrid,Villarreal,3,0,H,13,4,6,3,2011_12,LaLiga
2011-10-26,Vallecano,Malaga,2,0,H,15,5,6,0,2011_12,LaLiga
2011-10-26,Zaragoza,Valencia,0,1,A,8,15,0,4,2011_12,LaLiga
2011-10-27,Ath Bilbao,Ath Madrid,3,0,H,14,11,4,4,2011_12,LaLiga
2011-10-27,Espanol,Betis,1,0,H,17,9,5,5,2011_12,LaLiga
2011-10-29,Barcelona,Mallorca,5,0,H,18,2,10,0,2011_12,LaLiga
2011-10-29,Sociedad,Real Madrid,0,1,A,5,12,3,6,2011_12,LaLiga
2011-10-29,Valencia,Getafe,3,1,H,13,9,5,3,2011_12,LaLiga
2011-10-29,Villarreal,Vallecano,2,0,H,11,9,5,1,2011_12,LaLiga
2011-10-30,Ath Madrid,Zaragoza,3,1,H,18,12,7,4,2011_12,LaLiga
2011-10-30,Malaga,Espanol,2,1,H,19,7,8,3,2011_12,LaLiga
2011-10-30,Osasuna,Levante,2,0,H,13,14,5,1,2011_12,LaLiga
2011-10-30,Santander,Betis,1,0,H,6,22,2,5,2011_12,LaLiga
2011-10-30,Sp Gijon,Ath Bilbao,1,1,D,11,7,4,3,2011_12,LaLiga
2011-10-31,Sevilla,Granada,1,2,A,31,15,13,4,2011_12,LaLiga
2011-11-05,Betis,Malaga,0,0,D,10,9,0,4,2011_12,LaLiga
2011-11-05,Levante,Valencia,0,2,A,13,8,3,3,2011_12,LaLiga
2011-11-05,Mallorca,Sevilla,0,0,D,15,11,5,1,2011_12,LaLiga
2011-11-06,Ath Bilbao,Barcelona,2,2,D,4,16,4,9,2011_12,LaLiga
2011-11-06,Espanol,Villarreal,0,0,D,19,10,2,1,2011_12,LaLiga
2011-11-06,Getafe,Ath Madrid,3,2,H,14,11,5,6,2011_12,LaLiga
2011-11-06,Granada,Santander,0,0,D,16,14,3,2,2011_12,LaLiga
2011-11-06,Real Madrid,Osasuna,7,1,H,18,4,11,2,2011_12,LaLiga
2011-11-06,Vallecano,Sociedad,4,0,H,13,10,9,3,2011_12,LaLiga
2011-11-06,Zaragoza,Sp Gijon,2,2,D,13,7,7,2,2011_12,LaLiga
2011-11-19,Barcelona,Zaragoza,4,0,H,27,4,11,0,2011_12,LaLiga
2011-11-19,Valencia,Real Madrid,2,3,A,14,11,5,4,2011_12,LaLiga
2011-11-19,Villarreal,Betis,1,0,H,11,14,5,4,2011_12,LaLiga
2011-11-20,Ath Madrid,Levante,3,2,H,26,9,13,5,2011_12,LaLiga
2011-11-20,Osasuna,Vallecano,0,0,D,10,9,5,2,2011_12,LaLiga
2011-11-20,Sevilla,Ath Bilbao,1,2,A,8,14,5,5,2011_12,LaLiga
2011-11-20,Sociedad,Espanol,0,0,D,12,19,1,5,2011_12,LaLiga
2011-11-20,Sp Gijon,Getafe,2,1,H,19,9,8,1,2011_12,LaLiga
2011-11-21,Santander,Malaga,1,3,A,11,19,4,7,2011_12,LaLiga
2011-11-26,Getafe,Barcelona,1,0,H,7,21,1,7,2011_12,LaLiga
2011-11-26,Real Madrid,Ath Madrid,4,1,H,16,4,7,1,2011_12,LaLiga
2011-11-26,Vallecano,Valencia,1,2,A,12,10,3,3,2011_12,LaLiga
2011-11-27,Ath Bilbao,Granada,0,1,A,18,13,4,5,2011_12,LaLiga
2011-11-27,Betis,Sociedad,2,3,A,20,11,5,7,2011_12,LaLiga
2011-11-27,Espanol,Osasuna,1,2,A,8,6,3,3,2011_12,LaLiga
2011-11-27,Levante,Sp Gijon,4,0,H,10,17,6,3,2011_12,LaLiga
2011-11-27,Mallorca,Santander,2,1,H,12,13,6,4,2011_12,LaLiga
2011-11-27,Zaragoza,Sevilla,0,1,A,13,14,2,7,2011_12,LaLiga
2011-11-28,Malaga,Villarreal,2,1,H,10,12,5,8,2011_12,LaLiga
2011-11-29,Barcelona,Vallecano,4,0,H,12,10,6,4,2011_12,LaLiga
2011-12-03,Barcelona,Levante,5,0,H,18,6,9,3,2011_12,LaLiga
2011-12-03,Santander,Villarreal,1,0,H,8,6,1,2,2011_12,LaLiga
2011-12-03,Sp Gijon,Real Madrid,0,3,A,10,20,5,7,2011_12,LaLiga
2011-12-03,Valencia,Espanol,2,1,H,8,9,5,4,2011_12,LaLiga
2011-12-04,Ath Madrid,Vallecano,3,1,H,21,14,8,4,2011_12,LaLiga
2011-12-04,Granada,Zaragoza,1,0,H,11,18,5,5,2011_12,LaLiga
2011-12-04,Mallorca,Ath Bilbao,1,1,D,12,7,4,4,2011_12,LaLiga
2011-12-04,Osasuna,Betis,2,1,H,8,15,3,8,2011_12,LaLiga
2011-12-04,Sociedad,Malaga,3,2,H,13,11,4,6,2011_12,LaLiga
2011-12-05,Sevilla,Getafe,3,0,H,15,6,7,1,2011_12,LaLiga
2011-12-07,Granada,Mallorca,2,2,D,13,11,6,4,2011_12,LaLiga
2011-12-10,Betis,Valencia,2,1,H,18,7,4,2,2011_12,LaLiga
2011-12-10,Levante,Sevilla,1,0,H,7,15,3,6,2011_12,LaLiga
2011-12-10,Real Madrid,Barcelona,1,3,A,17,12,5,7,2011_12,LaLiga
2011-12-11,Ath Bilbao,Santander,1,1,D,16,6,2,2,2011_12,LaLiga
2011-12-11,Espanol,Ath Madrid,4,2,H,18,9,11,4,2011_12,LaLiga
2011-12-11,Getafe,Granada,1,0,H,19,7,7,2,2011_12,LaLiga
2011-12-11,Malaga,Osasuna,1,1,D,19,7,5,1,2011_12,LaLiga
2011-12-11,Vallecano,Sp Gijon,1,3,A,19,13,7,7,2011_12,LaLiga
2011-12-11,Villarreal,Sociedad,1,1,D,19,8,7,2,2011_12,LaLiga
2011-12-11,Zaragoza,Mallorca,0,1,A,7,14,3,6,2011_12,LaLiga
2011-12-17,Ath Bilbao,Zaragoza,2,1,H,11,6,5,2,2011_12,LaLiga
2011-12-17,Mallorca,Getafe,1,2,A,12,6,4,2,2011_12,LaLiga
2011-12-17,Sevilla,Real Madrid,2,6,A,19,17,6,10,2011_12,LaLiga
2011-12-17,Sp Gijon,Espanol,1,2,A,12,22,6,9,2011_12,LaLiga
2011-12-18,Ath Madrid,Betis,0,2,A,31,6,9,4,2011_12,LaLiga
2011-12-18,Granada,Levante,2,1,H,17,13,6,4,2011_12,LaLiga
2011-12-18,Osasuna,Villarreal,2,1,H,19,9,6,4,2011_12,LaLiga
2011-12-18,Santander,Sociedad,0,0,D,11,9,4,4,2011_12,LaLiga
2011-12-18,Valencia,Malaga,2,0,H,13,18,6,6,2011_12,LaLiga
2012-01-07,Levante,Mallorca,0,0,D,8,11,2,4,2011_12,LaLiga
2012-01-07,Malaga,Ath Madrid,0,0,D,11,10,2,3,2011_12,LaLiga
2012-01-07,Real Madrid,Granada,5,1,H,35,12,12,4,2011_12,LaLiga
2012-01-07,Santander,Zaragoza,1,0,H,14,8,4,1,2011_12,LaLiga
2012-01-07,Sociedad,Osasuna,0,0,D,20,9,6,1,2011_12,LaLiga
2012-01-08,Betis,Sp Gijon,2,0,H,19,11,8,5,2011_12,LaLiga
2012-01-08,Espanol,Barcelona,1,1,D,14,10,4,3,2011_12,LaLiga
2012-01-08,Getafe,Ath Bilbao,0,0,D,16,11,2,2,2011_12,LaLiga
2012-01-08,Vallecano,Sevilla,2,1,H,11,17,4,3,2011_12,LaLiga
2012-01-08,Villarreal,Valencia,2,2,D,13,13,7,3,2011_12,LaLiga
2012-01-14,Granada,Vallecano,1,2,A,15,12,6,4,2011_12,LaLiga
2012-01-14,Mallorca,Real Madrid,1,2,A,8,14,1,9,2011_12,LaLiga
2012-01-14,Sevilla,Espanol,0,0,D,19,8,3,1,2011_12,LaLiga
2012-01-14,Valencia,Sociedad,0,1,A,12,7,3,2,2011_12,LaLiga
2012-01-14,Zaragoza,Getafe,1,1,D,15,9,4,5,2011_12,LaLiga
2012-01-15,Ath Bilbao,Levante,3,0,H,17,16,9,4,2011_12,LaLiga
2012-01-15,Ath Madrid,Villarreal,3,0,H,20,3,9,0,2011_12,LaLiga
2012-01-15,Barcelona,Betis,4,2,H,16,10,9,5,2011_12,LaLiga
2012-01-15,Osasuna,Santander,0,2,A,8,13,2,5,2011_12,LaLiga
2012-01-15,Sp Gijon,Malaga,2,1,H,11,10,7,4,2011_12,LaLiga
2012-01-21,Betis,Sevilla,1,1,D,16,15,2,5,2011_12,LaLiga
2012-01-21,Espanol,Granada,3,0,H,16,14,8,6,2011_12,LaLiga
2012-01-21,Santander,Getafe,1,2,A,18,15,8,5,2011_12,LaLiga
2012-01-21,Sociedad,Ath Madrid,0,4,A,16,15,1,9,2011_12,LaLiga
2012-01-22,Levante,Zaragoza,0,0,D,6,7,0,3,2011_12,LaLiga
2012-01-22,Malaga,Barcelona,1,4,A,9,16,6,11,2011_12,LaLiga
2012-01-22,Osasuna,Valencia,1,1,D,12,9,5,1,2011_12,LaLiga
2012-01-22,Real Madrid,Ath Bilbao,4,1,H,23,13,10,2,2011_12,LaLiga
2012-01-22,Vallecano,Mallorca,0,1,A,12,16,4,2,2011_12,LaLiga
2012-01-23,Villarreal,Sp Gijon,3,0,H,14,8,8,1,2011_12,LaLiga
2012-01-28,Espanol,Mallorca,1,0,H,12,14,6,5,2011_12,LaLiga
2012-01-28,Real Madrid,Zaragoza,3,1,H,18,10,6,3,2011_12,LaLiga
2012-01-28,Vallecano,Ath Bilbao,2,3,A,19,12,10,4,2011_12,LaLiga
2012-01-28,Villarreal,Barcelona,0,0,D,5,8,2,2,2011_12,LaLiga
2012-01-29,Betis,Granada,1,2,A,16,12,6,5,2011_12,LaLiga
2012-01-29,Levante,Getafe,1,2,A,18,10,5,6,2011_12,LaLiga
2012-01-29,Malaga,Sevilla,2,1,H,9,9,5,3,2011_12,LaLiga
2012-01-29,Santander,Valencia,2,2,D,11,11,5,4,2011_12,LaLiga
2012-01-29,Sociedad,Sp Gijon,5,1,H,14,11,9,2,2011_12,LaLiga
2012-01-30,Osasuna,Ath Madrid,0,1,A,17,9,7,4,2011_12,LaLiga
2012-02-04,Ath Bilbao,Espanol,3,3,D,20,16,7,6,2011_12,LaLiga
2012-02-04,Barcelona,Sociedad,2,1,H,18,8,9,5,2011_12,LaLiga
2012-02-04,Getafe,Real Madrid,0,1,A,5,14,0,5,2011_12,LaLiga
2012-02-04,Levante,Santander,1,1,D,14,15,6,5,2011_12,LaLiga
2012-02-04,Mallorca,Betis,1,0,H,11,6,4,0,2011_12,LaLiga
2012-02-05,Ath Madrid,Valencia,0,0,D,9,7,3,1,2011_12,LaLiga
2012-02-05,Sevilla,Villarreal,1,2,A,20,16,8,8,2011_12,LaLiga
2012-02-05,Sp Gijon,Osasuna,1,1,D,11,13,5,5,2011_12,LaLiga
2012-02-05,Zaragoza,Vallecano,1,2,A,10,9,3,4,2011_12,LaLiga
2012-02-06,Granada,Malaga,2,1,H,16,9,8,4,2011_12,LaLiga
2012-02-11,Betis,Ath Bilbao,2,1,H,25,9,5,4,2011_12,LaLiga
2012-02-11,Osasuna,Barcelona,3,2,H,7,20,3,8,2011_12,LaLiga
2012-02-11,Santander,Ath Madrid,0,0,D,6,23,1,9,2011_12,LaLiga
2012-02-12,Espanol,Zaragoza,0,2,A,14,10,4,7,2011_12,LaLiga
2012-02-12,Malaga,Mallorca,3,1,H,17,8,8,3,2011_12,LaLiga
2012-02-12,Real Madrid,Levante,4,2,H,26,5,9,3,2011_12,LaLiga
2012-02-12,Valencia,Sp Gijon,4,0,H,22,5,8,1,2011_12,LaLiga
2012-02-12,Vallecano,Getafe,2,0,H,13,5,7,0,2011_12,LaLiga
2012-02-12,Villarreal,Granada,3,1,H,12,14,7,4,2011_12,LaLiga
2012-02-13,Sociedad,Sevilla,2,0,H,12,13,6,1,2011_12,LaLiga
2012-02-18,Getafe,Espanol,1,1,D,19,11,8,3,2011_12,LaLiga
2012-02-18,Real Madrid,Santander,4,0,H,23,8,9,0,2011_12,LaLiga
2012-02-18,Sevilla,Osasuna,2,0,H,17,11,7,3,2011_12,LaLiga
2012-02-19,Ath Bilbao,Malaga,3,0,H,13,19,4,7,2011_12,LaLiga
2012-02-19,Barcelona,Valencia,5,1,H,32,3,15,3,2011_12,LaLiga
2012-02-19,Granada,Sociedad,4,1,H,20,8,8,1,2011_12,LaLiga
2012-02-19,Levante,Vallecano,3,5,A,19,12,8,6,2011_12,LaLiga
2012-02-19,Mallorca,Villarreal,4,0,H,14,9,8,3,2011_12,LaLiga
2012-02-19,Sp Gijon,Ath Madrid,1,1,D,10,16,3,9,2011_12,LaLiga
2012-02-20,Zaragoza,Betis,0,2,A,13,10,4,6,2011_12,LaLiga
2012-02-25,Betis,Getafe,1,1,D,13,7,4,3,2011_12,LaLiga
2012-02-25,Espanol,Levante,1,2,A,10,5,1,4,2011_12,LaLiga
2012-02-25,Malaga,Zaragoza,5,1,H,18,14,9,3,2011_12,LaLiga
2012-02-25,Santander,Sp Gijon,1,1,D,19,15,7,5,2011_12,LaLiga
2012-02-26,Ath Madrid,Barcelona,1,2,A,10,7,5,3,2011_12,LaLiga
2012-02-26,Osasuna,Granada,2,1,H,15,16,4,7,2011_12,LaLiga
2012-02-26,Sociedad,Mallorca,1,0,H,13,12,1,3,2011_12,LaLiga
2012-02-26,Valencia,Sevilla,1,2,A,10,11,5,4,2011_12,LaLiga
2012-02-26,Vallecano,Real Madrid,0,1,A,7,9,1,3,2011_12,LaLiga
2012-02-26,Villarreal,Ath Bilbao,2,2,D,21,13,8,6,2011_12,LaLiga
2012-03-03,Barcelona,Sp Gijon,3,1,H,15,4,5,1,2011_12,LaLiga
2012-03-03,Getafe,Malaga,1,3,A,17,9,6,7,2011_12,LaLiga
2012-03-03,Mallorca,Osasuna,1,1,D,14,9,2,2,2011_12,LaLiga
2012-03-03,Sevilla,Ath Madrid,1,1,D,20,9,5,6,2011_12,LaLiga
2012-03-03,Vallecano,Santander,4,2,H,22,9,13,3,2011_12,LaLiga
2012-03-04,Ath Bilbao,Sociedad,2,0,H,14,16,7,4,2011_12,LaLiga
2012-03-04,Granada,Valencia,0,1,A,8,5,3,2,2011_12,LaLiga
2012-03-04,Real Madrid,Espanol,5,0,H,22,6,12,1,2011_12,LaLiga
2012-03-04,Zaragoza,Villarreal,2,1,H,12,11,4,5,2011_12,LaLiga
2012-03-05,Levante,Betis,3,1,H,7,16,4,5,2011_12,LaLiga
2012-03-10,Betis,Real Madrid,2,3,A,14,20,6,10,2011_12,LaLiga
2012-03-10,Malaga,Levante,1,0,H,24,10,4,3,2011_12,LaLiga
2012-03-10,Sociedad,Zaragoza,3,0,H,13,7,7,2,2011_12,LaLiga
2012-03-10,Sp Gijon,Sevilla,1,0,H,15,18,7,3,2011_12,LaLiga
2012-03-11,Ath Madrid,Granada,2,0,H,14,10,3,3,2011_12,LaLiga
2012-03-11,Espanol,Vallecano,5,1,H,17,13,10,6,2011_12,LaLiga
2012-03-11,Osasuna,Ath Bilbao,2,1,H,17,17,6,4,2011_12,LaLiga
2012-03-11,Santander,Barcelona,0,2,A,1,23,0,8,2011_12,LaLiga
2012-03-11,Valencia,Mallorca,2,2,D,23,9,8,4,2011_12,LaLiga
2012-03-12,Villarreal,Getafe,1,2,A,16,7,4,4,2011_12,LaLiga
2012-03-17,Getafe,Sociedad,1,0,H,11,16,1,5,2011_12,LaLiga
2012-03-17,Granada,Sp Gijon,2,1,H,13,8,4,2,2011_12,LaLiga
2012-03-17,Sevilla,Barcelona,0,2,A,12,17,2,9,2011_12,LaLiga
2012-03-17,Vallecano,Betis,3,0,H,13,7,7,2,2011_12,LaLiga
2012-03-17,Zaragoza,Osasuna,1,1,D,17,9,3,3,2011_12,LaLiga
2012-03-18,Ath Bilbao,Valencia,0,3,A,11,22,3,7,2011_12,LaLiga
2012-03-18,Levante,Villarreal,1,0,H,11,6,4,1,2011_12,LaLiga
2012-03-18,Mallorca,Ath Madrid,2,1,H,9,25,3,8,2011_12,LaLiga
2012-03-18,Real Madrid,Malaga,1,1,D,18,5,6,2,2011_12,LaLiga
2012-03-19,Espanol,Santander,3,1,H,15,8,7,3,2011_12,LaLiga
2012-03-20,Barcelona,Granada,5,3,H,18,6,8,3,2011_12,LaLiga
2012-03-20,Osasuna,Getafe,0,0,D,19,12,7,2,2011_12,LaLiga
2012-03-21,Ath Madrid,Ath Bilbao,2,1,H,21,3,8,2,2011_12,LaLiga
2012-03-21,Sociedad,Levante,1,3,A,9,10,3,6,2011_12,LaLiga
2012-03-21,Sp Gijon,Mallorca,2,3,A,22,11,6,4,2011_12,LaLiga
2012-03-21,Valencia,Zaragoza,1,2,A,28,6,10,2,2011_12,LaLiga
2012-03-21,Villarreal,Real Madrid,1,1,D,10,22,2,8,2011_12,LaLiga
2012-03-22,Betis,Espanol,1,1,D,9,12,2,4,2011_12,LaLiga
2012-03-22,Malaga,Vallecano,4,2,H,15,11,6,7,2011_12,LaLiga
2012-03-22,Santander,Sevilla,0,3,A,9,19,3,7,2011_12,LaLiga
2012-03-24,Getafe,Valencia,3,1,H,9,10,4,4,2011_12,LaLiga
2012-03-24,Mallorca,Barcelona,0,2,A,10,18,2,6,2011_12,LaLiga
2012-03-24,Real Madrid,Sociedad,5,1,H,19,11,10,4,2011_12,LaLiga
2012-03-25,Ath Bilbao,Sp Gijon,1,1,D,12,11,4,4,2011_12,LaLiga
2012-03-25,Betis,Santander,1,1,D,18,11,7,5,2011_12,LaLiga
2012-03-25,Espanol,Malaga,1,2,A,8,12,3,6,2011_12,LaLiga
2012-03-25,Levante,Osasuna,0,2,A,20,12,7,6,2011_12,LaLiga
2012-03-25,Vallecano,Villarreal,0,2,A,19,13,4,5,2011_12,LaLiga
2012-03-25,Zaragoza,Ath Madrid,1,0,H,12,12,3,2,2011_12,LaLiga
2012-03-26,Granada,Sevilla,0,3,A,20,21,4,10,2011_12,LaLiga
2012-03-31,Barcelona,Ath Bilbao,2,0,H,20,4,14,1,2011_12,LaLiga
2012-03-31,Malaga,Betis,0,2,A,20,7,6,2,2011_12,LaLiga
2012-03-31,Osasuna,Real Madrid,1,5,A,13,13,1,7,2011_12,LaLiga
2012-03-31,Santander,Granada,0,1,A,7,16,2,6,2011_12,LaLiga
2012-03-31,Sp Gijon,Zaragoza,1,2,A,14,11,6,5,2011_12,LaLiga
2012-04-01,Ath Madrid,Getafe,3,0,H,8,10,4,3,2011_12,LaLiga
2012-04-01,Sociedad,Vallecano,4,0,H,15,9,8,1,2011_12,LaLiga
2012-04-01,Valencia,Levante,1,1,D,12,9,4,2,2011_12,LaLiga
2012-04-01,Villarreal,Espanol,0,0,D,9,8,3,2,2011_12,LaLiga
2012-04-02,Sevilla,Mallorca,3,1,H,15,8,6,3,2011_12,LaLiga
2012-04-07,Betis,Villarreal,3,1,H,16,11,8,3,2011_12,LaLiga
2012-04-07,Espanol,Sociedad,2,2,D,27,11,12,4,2011_12,LaLiga
2012-04-07,Getafe,Sp Gijon,2,0,H,10,14,4,3,2011_12,LaLiga
2012-04-07,Vallecano,Osasuna,6,0,H,19,10,12,3,2011_12,LaLiga
2012-04-07,Zaragoza,Barcelona,1,4,A,14,14,5,7,2011_12,LaLiga
2012-04-08,Ath Bilbao,Sevilla,1,0,H,18,17,6,3,2011_12,LaLiga
2012-04-08,Levante,Ath Madrid,2,0,H,8,18,4,6,2011_12,LaLiga
2012-04-08,Mallorca,Granada,0,0,D,13,19,3,7,2011_12,LaLiga
2012-04-08,Real Madrid,Valencia,0,0,D,33,17,10,4,2011_12,LaLiga
2012-04-09,Malaga,Santander,3,0,H,30,1,13,0,2011_12,LaLiga
2012-04-10,Barcelona,Getafe,4,0,H,14,2,7,0,2011_12,LaLiga
2012-04-10,Osasuna,Espanol,2,0,H,14,4,4,0,2011_12,LaLiga
2012-04-10,Sociedad,Betis,1,1,D,17,12,4,6,2011_12,LaLiga
2012-04-11,Ath Madrid,Real Madrid,1,4,A,11,25,3,9,2011_12,LaLiga
2012-04-11,Granada,Ath Bilbao,2,2,D,9,19,4,5,2011_12,LaLiga
2012-04-11,Sp Gijon,Levante,3,2,H,24,11,5,7,2011_12,LaLiga
2012-04-11,Valencia,Vallecano,4,1,H,10,12,7,3,2011_12,LaLiga
2012-04-12,Santander,Mallorca,0,3,A,17,12,4,6,2011_12,LaLiga
2012-04-12,Sevilla,Zaragoza,3,0,H,22,10,8,2,2011_12,LaLiga
2012-04-12,Villarreal,Malaga,2,1,H,9,9,3,4,2011_12,LaLiga
2012-04-14,Levante,Barcelona,1,2,A,5,16,2,8,2011_12,LaLiga
2012-04-14,Real Madrid,Sp Gijon,3,1,H,24,3,6,2,2011_12,LaLiga
2012-04-15,Ath Bilbao,Mallorca,1,0,H,13,11,2,1,2011_12,LaLiga
2012-04-15,Betis,Osasuna,1,0,H,10,5,4,1,2011_12,LaLiga
2012-04-15,Espanol,Valencia,4,0,H,16,4,5,1,2011_12,LaLiga
2012-04-15,Malaga,Sociedad,1,1,D,19,10,6,2,2011_12,LaLiga
2012-04-15,Vallecano,Ath Madrid,0,1,A,12,9,3,4,2011_12,LaLiga
2012-04-15,Villarreal,Santander,1,1,D,19,7,5,3,2011_12,LaLiga
2012-04-15,Zaragoza,Granada,1,0,H,8,10,4,0,2011_12,LaLiga
2012-04-16,Getafe,Sevilla,5,1,H,12,15,7,3,2011_12,LaLiga
2012-04-21,Barcelona,Real Madrid,1,2,A,14,14,3,6,2011_12,LaLiga
2012-04-21,Mallorca,Zaragoza,1,0,H,12,11,4,3,2011_12,LaLiga
2012-04-21,Sevilla,Levante,1,1,D,22,7,5,2,2011_12,LaLiga
2012-04-21,Sp Gijon,Vallecano,2,1,H,16,10,6,4,2011_12,LaLiga
2012-04-22,Ath Madrid,Espanol,3,1,H,17,13,7,1,2011_12,LaLiga
2012-04-22,Granada,Getafe,1,0,H,11,7,6,2,2011_12,LaLiga
2012-04-22,Santander,Ath Bilbao,0,1,A,11,9,3,2,2011_12,LaLiga
2012-04-22,Sociedad,Villarreal,1,1,D,18,13,4,4,2011_12,LaLiga
2012-04-22,Valencia,Betis,4,0,H,14,8,7,2,2011_12,LaLiga
2012-04-23,Osasuna,Malaga,1,1,D,12,14,4,4,2011_12,LaLiga
2012-04-28,Espanol,Sp Gijon,0,3,A,18,11,5,6,2011_12,LaLiga
2012-04-28,Getafe,Mallorca,1,3,A,12,16,3,9,2011_12,LaLiga
2012-04-28,Levante,Granada,3,1,H,9,9,5,3,2011_12,LaLiga
2012-04-28,Sociedad,Santander,3,0,H,17,14,5,5,2011_12,LaLiga
2012-04-28,Villarreal,Osasuna,1,1,D,20,9,6,2,2011_12,LaLiga
2012-04-29,Betis,Ath Madrid,2,2,D,9,22,3,6,2011_12,LaLiga
2012-04-29,Malaga,Valencia,1,0,H,16,5,7,1,2011_12,LaLiga
2012-04-29,Real Madrid,Sevilla,3,0,H,15,10,5,3,2011_12,LaLiga
2012-04-29,Vallecano,Barcelona,0,7,A,10,19,4,8,2011_12,LaLiga
2012-04-29,Zaragoza,Ath Bilbao,2,0,H,21,8,8,3,2011_12,LaLiga
2012-05-01,Getafe,Santander,1,1,D,9,11,4,3,2011_12,LaLiga
2012-05-01,Granada,Espanol,2,1,H,17,9,9,3,2011_12,LaLiga
2012-05-01,Sp Gijon,Villarreal,2,3,A,22,10,5,8,2011_12,LaLiga
2012-05-02,Ath Bilbao,Real Madrid,0,3,A,11,18,2,10,2011_12,LaLiga
2012-05-02,Ath Madrid,Sociedad,1,1,D,13,16,1,5,2011_12,LaLiga
2012-05-02,Barcelona,Malaga,4,1,H,11,11,6,3,2011_12,LaLiga
2012-05-02,Mallorca,Vallecano,1,0,H,20,15,8,6,2011_12,LaLiga
2012-05-02,Sevilla,Betis,1,2,A,12,15,3,3,2011_12,LaLiga
2012-05-02,Valencia,Osasuna,4,0,H,23,11,9,3,2011_12,LaLiga
2012-05-02,Zaragoza,Levante,1,0,H,12,11,5,4,2011_12,LaLiga
2012-05-05,Ath Bilbao,Getafe,0,0,D,16,11,1,1,2011_12,LaLiga
2012-05-05,Ath Madrid,Malaga,2,1,H,9,13,2,4,2011_12,LaLiga
2012-05-05,Barcelona,Espanol,4,0,H,14,10,6,3,2011_12,LaLiga
2012-05-05,Granada,Real Madrid,1,2,A,12,14,5,3,2011_12,LaLiga
2012-05-05,Mallorca,Levante,1,0,H,10,7,3,2,2011_12,LaLiga
2012-05-05,Osasuna,Sociedad,1,0,H,18,13,10,3,2011_12,LaLiga
2012-05-05,Sevilla,Vallecano,5,2,H,15,13,8,3,2011_12,LaLiga
2012-05-05,Sp Gijon,Betis,2,1,H,12,15,3,8,2011_12,LaLiga
2012-05-05,Valencia,Villarreal,1,0,H,17,9,7,3,2011_12,LaLiga
2012-05-05,Zaragoza,Santander,2,1,H,29,2,8,2,2011_12,LaLiga
2012-05-12,Betis,Barcelona,2,2,D,5,11,3,6,2011_12,LaLiga
2012-05-12,Sociedad,Valencia,1,0,H,13,19,6,2,2011_12,LaLiga
2012-05-13,Espanol,Sevilla,1,1,D,9,17,4,6,2011_12,LaLiga
2012-05-13,Getafe,Zaragoza,0,2,A,3,12,0,4,2011_12,LaLiga
2012-05-13,Levante,Ath Bilbao,3,0,H,12,9,4,5,2011_12,LaLiga
2012-05-13,Malaga,Sp Gijon,1,0,H,22,6,12,1,2011_12,LaLiga
2012-05-13,Real Madrid,Mallorca,4,1,H,23,11,12,5,2011_12,LaLiga
2012-05-13,Santander,Osasuna,2,4,A,7,27,2,13,2011_12,LaLiga
2012-05-13,Vallecano,Granada,1,0,H,18,12,2,5,2011_12,LaLiga
2012-05-13,Villarreal,Ath Madrid,0,1,A,10,11,1,4,2011_12,LaLiga
2012-08-18,Celta,Malaga,0,1,A,17,16,3,6,2012_13,LaLiga
2012-08-18,Mallorca,Espanol,2,1,H,17,13,9,5,2012_13,LaLiga
2012-08-18,Sevilla,Getafe,2,1,H,16,10,5,3,2012_13,LaLiga
2012-08-19,Ath Bilbao,Betis,3,5,A,17,13,8,9,2012_13,LaLiga
2012-08-19,Barcelona,Sociedad,5,1,H,18,5,10,2,2012_13,LaLiga
2012-08-19,Levante,Ath Madrid,1,1,D,6,11,1,3,2012_13,LaLiga
2012-08-19,Real Madrid,Valencia,1,1,D,24,5,9,1,2012_13,LaLiga
2012-08-20,La Coruna,Osasuna,2,0,H,10,11,3,1,2012_13,LaLiga
2012-08-20,Vallecano,Granada,1,0,H,16,14,3,3,2012_13,LaLiga
2012-08-20,Zaragoza,Valladolid,0,1,A,11,7,3,2,2012_13,LaLiga
2012-08-25,Betis,Vallecano,1,2,A,14,19,4,5,2012_13,LaLiga
2012-08-25,Espanol,Zaragoza,1,2,A,9,10,1,5,2012_13,LaLiga
2012-08-25,Malaga,Mallorca,1,1,D,18,9,6,4,2012_13,LaLiga
2012-08-25,Sociedad,Celta,2,1,H,15,14,6,4,2012_13,LaLiga
2012-08-26,Getafe,Real Madrid,2,1,H,11,14,3,5,2012_13,LaLiga
2012-08-26,Granada,Sevilla,1,1,D,18,9,7,3,2012_13,LaLiga
2012-08-26,Osasuna,Barcelona,1,2,A,17,15,5,10,2012_13,LaLiga
2012-08-26,Valencia,La Coruna,3,3,D,13,13,5,8,2012_13,LaLiga
2012-08-27,Ath Madrid,Ath Bilbao,4,0,H,23,7,14,0,2012_13,LaLiga
2012-08-27,Valladolid,Levante,2,0,H,15,8,7,1,2012_13,LaLiga
2012-09-01,Celta,Osasuna,2,0,H,12,7,4,2,2012_13,LaLiga
2012-09-01,La Coruna,Getafe,1,1,D,10,13,5,4,2012_13,LaLiga
2012-09-01,Mallorca,Sociedad,1,0,H,15,10,5,3,2012_13,LaLiga
2012-09-01,Zaragoza,Malaga,0,1,A,11,11,4,3,2012_13,LaLiga
2012-09-02,Ath Bilbao,Valladolid,2,0,H,17,8,3,1,2012_13,LaLiga
2012-09-02,Barcelona,Valencia,1,0,H,11,4,5,1,2012_13,LaLiga
2012-09-02,Levante,Espanol,3,2,H,11,9,4,2,2012_13,LaLiga
2012-09-02,Real Madrid,Granada,3,0,H,22,7,8,0,2012_13,LaLiga
2012-09-02,Vallecano,Sevilla,0,0,D,13,18,4,3,2012_13,LaLiga
2012-09-15,Getafe,Barcelona,1,4,A,6,15,3,9,2012_13,LaLiga
2012-09-15,Malaga,Levante,3,1,H,12,5,5,1,2012_13,LaLiga
2012-09-15,Sevilla,Real Madrid,1,0,H,10,18,7,6,2012_13,LaLiga
2012-09-15,Valencia,Celta,2,1,H,15,15,4,4,2012_13,LaLiga
2012-09-16,Ath Madrid,Vallecano,4,3,H,12,17,6,5,2012_13,LaLiga
2012-09-16,Espanol,Ath Bilbao,3,3,D,15,16,5,7,2012_13,LaLiga
2012-09-16,Granada,La Coruna,1,1,D,13,14,2,5,2012_13,LaLiga
2012-09-16,Osasuna,Mallorca,1,1,D,20,7,7,3,2012_13,LaLiga
2012-09-16,Sociedad,Zaragoza,2,0,H,7,12,3,2,2012_13,LaLiga
2012-09-17,Valladolid,Betis,0,1,A,10,8,3,2,2012_13,LaLiga
2012-09-22,Barcelona,Granada,2,0,H,20,6,11,3,2012_13,LaLiga
2012-09-22,Betis,Espanol,1,0,H,15,11,3,2,2012_13,LaLiga
2012-09-22,Celta,Getafe,2,1,H,14,6,6,4,2012_13,LaLiga
2012-09-22,Zaragoza,Osasuna,3,1,H,10,11,4,3,2012_13,LaLiga
2012-09-23,Ath Bilbao,Malaga,0,0,D,9,12,1,4,2012_13,LaLiga
2012-09-23,Ath Madrid,Valladolid,2,1,H,14,4,7,3,2012_13,LaLiga
2012-09-23,Levante,Sociedad,2,1,H,16,17,6,6,2012_13,LaLiga
2012-09-23,Mallorca,Valencia,2,0,H,6,27,3,7,2012_13,LaLiga
2012-09-24,La Coruna,Sevilla,0,2,A,14,13,4,7,2012_13,LaLiga
2012-09-24,Vallecano,Real Madrid,0,2,A,13,16,3,6,2012_13,LaLiga
2012-09-26,Betis,Ath Madrid,2,4,A,6,21,3,10,2012_13,LaLiga
2012-09-29,Malaga,Betis,4,0,H,21,4,11,2,2012_13,LaLiga
2012-09-29,Sevilla,Barcelona,2,3,A,8,15,3,7,2012_13,LaLiga
2012-09-29,Sociedad,Ath Bilbao,2,0,H,19,7,10,1,2012_13,LaLiga
2012-09-29,Valencia,Zaragoza,2,0,H,13,17,4,7,2012_13,LaLiga
2012-09-30,Espanol,Ath Madrid,0,1,A,9,15,3,5,2012_13,LaLiga
2012-09-30,Granada,Celta,2,1,H,7,19,4,9,2012_13,LaLiga
2012-09-30,Osasuna,Levante,4,0,H,16,8,8,1,2012_13,LaLiga
2012-09-30,Real Madrid,La Coruna,5,1,H,23,5,13,2,2012_13,LaLiga
2012-09-30,Valladolid,Vallecano,6,1,H,14,14,10,4,2012_13,LaLiga
2012-10-01,Getafe,Mallorca,1,0,H,26,12,6,4,2012_13,LaLiga
2012-10-05,Celta,Sevilla,2,0,H,11,11,5,2,2012_13,LaLiga
2012-10-06,Betis,Sociedad,2,0,H,12,17,4,5,2012_13,LaLiga
2012-10-06,Valladolid,Espanol,1,1,D,12,14,6,6,2012_13,LaLiga
2012-10-06,Vallecano,La Coruna,2,1,H,14,10,5,2,2012_13,LaLiga
2012-10-06,Zaragoza,Getafe,0,1,A,12,17,6,9,2012_13,LaLiga
2012-10-07,Ath Bilbao,Osasuna,1,0,H,18,16,8,5,2012_13,LaLiga
2012-10-07,Ath Madrid,Malaga,2,1,H,9,8,3,2,2012_13,LaLiga
2012-10-07,Barcelona,Real Madrid,2,2,D,10,10,2,3,2012_13,LaLiga
2012-10-07,Levante,Valencia,1,0,H,15,12,4,4,2012_13,LaLiga
2012-10-07,Mallorca,Granada,1,2,A,15,10,5,5,2012_13,LaLiga
2012-10-20,La Coruna,Barcelona,4,5,A,13,10,8,6,2012_13,LaLiga
2012-10-20,Malaga,Valladolid,2,1,H,15,11,6,6,2012_13,LaLiga
2012-10-20,Real Madrid,Celta,2,0,H,24,7,3,3,2012_13,LaLiga
2012-10-20,Valencia,Ath Bilbao,3,2,H,27,7,12,3,2012_13,LaLiga
2012-10-21,Espanol,Vallecano,3,2,H,13,14,7,6,2012_13,LaLiga
2012-10-21,Getafe,Levante,0,1,A,18,7,6,4,2012_13,LaLiga
2012-10-21,Granada,Zaragoza,1,2,A,6,14,3,5,2012_13,LaLiga
2012-10-21,Osasuna,Betis,0,0,D,11,7,2,2,2012_13,LaLiga
2012-10-21,Sociedad,Ath Madrid,0,1,A,15,12,3,4,2012_13,LaLiga
2012-10-22,Sevilla,Mallorca,3,2,H,22,3,9,2,2012_13,LaLiga
2012-10-27,Betis,Valencia,1,0,H,10,10,3,3,2012_13,LaLiga
2012-10-27,Celta,La Coruna,1,1,D,12,12,2,4,2012_13,LaLiga
2012-10-27,Espanol,Malaga,0,0,D,12,13,3,4,2012_13,LaLiga
2012-10-27,Vallecano,Barcelona,0,5,A,18,15,3,10,2012_13,LaLiga
2012-10-28,Ath Bilbao,Getafe,1,2,A,21,15,10,8,2012_13,LaLiga
2012-10-28,Ath Madrid,Osasuna,3,1,H,19,8,9,4,2012_13,LaLiga
2012-10-28,Levante,Granada,3,1,H,11,10,6,2,2012_13,LaLiga
2012-10-28,Mallorca,Real Madrid,0,5,A,5,16,0,8,2012_13,LaLiga
2012-10-28,Zaragoza,Sevilla,2,1,H,11,9,6,6,2012_13,LaLiga
2012-10-29,Valladolid,Sociedad,2,2,D,12,14,6,4,2012_13,LaLiga
2012-11-03,Barcelona,Celta,3,1,H,13,11,6,4,2012_13,LaLiga
2012-11-03,Malaga,Vallecano,1,2,A,11,10,4,5,2012_13,LaLiga
2012-11-03,Real Madrid,Zaragoza,4,0,H,20,13,11,3,2012_13,LaLiga
2012-11-03,Valencia,Ath Madrid,2,0,H,6,13,2,2,2012_13,LaLiga
2012-11-04,Granada,Ath Bilbao,1,2,A,24,15,9,8,2012_13,LaLiga
2012-11-04,La Coruna,Mallorca,1,0,H,13,19,3,5,2012_13,LaLiga
2012-11-04,Osasuna,Valladolid,0,1,A,17,5,4,3,2012_13,LaLiga
2012-11-04,Sevilla,Levante,0,0,D,20,3,5,1,2012_13,LaLiga
2012-11-04,Sociedad,Espanol,0,1,A,16,8,8,2,2012_13,LaLiga
2012-11-05,Getafe,Betis,2,4,A,18,7,3,5,2012_13,LaLiga
2012-11-09,Betis,Granada,1,2,A,14,12,3,3,2012_13,LaLiga
2012-11-10,Espanol,Osasuna,0,3,A,18,12,5,6,2012_13,LaLiga
2012-11-10,Malaga,Sociedad,1,2,A,12,8,4,4,2012_13,LaLiga
2012-11-10,Vallecano,Celta,3,2,H,29,7,8,2,2012_13,LaLiga
2012-11-10,Zaragoza,La Coruna,5,3,H,23,12,9,5,2012_13,LaLiga
2012-11-11,Ath Bilbao,Sevilla,2,1,H,9,16,2,7,2012_13,LaLiga
2012-11-11,Ath Madrid,Getafe,2,0,H,14,9,4,3,2012_13,LaLiga
2012-11-11,Levante,Real Madrid,1,2,A,11,19,4,6,2012_13,LaLiga
2012-11-11,Mallorca,Barcelona,2,4,A,5,12,3,5,2012_13,LaLiga
2012-11-11,Valladolid,Valencia,1,1,D,9,15,2,3,2012_13,LaLiga
2012-11-17,Barcelona,Zaragoza,3,1,H,8,13,3,2,2012_13,LaLiga
2012-11-17,Osasuna,Malaga,0,0,D,19,14,8,3,2012_13,LaLiga
2012-11-17,Real Madrid,Ath Bilbao,5,1,H,29,11,18,1,2012_13,LaLiga
2012-11-17,Valencia,Espanol,2,1,H,10,11,6,5,2012_13,LaLiga
2012-11-18,Celta,Mallorca,1,1,D,15,15,2,7,2012_13,LaLiga
2012-11-18,Getafe,Valladolid,2,1,H,19,13,8,3,2012_13,LaLiga
2012-11-18,Granada,Ath Madrid,0,1,A,13,12,2,6,2012_13,LaLiga
2012-11-18,La Coruna,Levante,0,2,A,24,12,4,3,2012_13,LaLiga
2012-11-18,Sevilla,Betis,5,1,H,22,5,13,3,2012_13,LaLiga
2012-11-19,Sociedad,Vallecano,4,0,H,26,9,10,2,2012_13,LaLiga
2012-11-23,Sociedad,Osasuna,0,0,D,13,19,3,5,2012_13,LaLiga
2012-11-24,Betis,Real Madrid,1,0,H,9,18,3,8,2012_13,LaLiga
2012-11-24,Malaga,Valencia,4,0,H,22,5,6,1,2012_13,LaLiga
2012-11-24,Valladolid,Granada,1,0,H,10,14,5,1,2012_13,LaLiga
2012-11-24,Vallecano,Mallorca,2,0,H,19,9,4,5,2012_13,LaLiga
2012-11-25,Ath Bilbao,La Coruna,1,1,D,26,9,6,5,2012_13,LaLiga
2012-11-25,Ath Madrid,Sevilla,4,0,H,18,2,7,2,2012_13,LaLiga
2012-11-25,Espanol,Getafe,0,2,A,11,10,4,7,2012_13,LaLiga
2012-11-25,Levante,Barcelona,0,4,A,11,13,3,7,2012_13,LaLiga
2012-11-26,Zaragoza,Celta,0,1,A,14,8,3,4,2012_13,LaLiga
2012-11-30,Osasuna,Vallecano,1,0,H,12,9,3,1,2012_13,LaLiga
2012-12-01,Barcelona,Ath Bilbao,5,1,H,19,6,10,2,2012_13,LaLiga
2012-12-01,Getafe,Malaga,1,0,H,13,8,3,5,2012_13,LaLiga
2012-12-01,Real Madrid,Ath Madrid,2,0,H,13,4,6,2,2012_13,LaLiga
2012-12-01,Valencia,Sociedad,2,5,A,10,17,5,11,2012_13,LaLiga
2012-12-02,Celta,Levante,1,1,D,18,8,8,2,2012_13,LaLiga
2012-12-02,Granada,Espanol,0,0,D,24,12,7,2,2012_13,LaLiga
2012-12-02,La Coruna,Betis,2,3,A,17,12,7,7,2012_13,LaLiga
2012-12-02,Mallorca,Zaragoza,1,1,D,19,2,7,2,2012_13,LaLiga
2012-12-03,Sevilla,Valladolid,1,2,A,21,17,4,7,2012_13,LaLiga
2012-12-07,Espanol,Sevilla,2,2,D,11,6,3,4,2012_13,LaLiga
2012-12-08,Malaga,Granada,4,0,H,20,22,9,8,2012_13,LaLiga
2012-12-08,Osasuna,Valencia,0,1,A,11,10,4,3,2012_13,LaLiga
2012-12-08,Sociedad,Getafe,1,1,D,10,15,3,2,2012_13,LaLiga
2012-12-08,Valladolid,Real Madrid,2,3,A,10,20,4,13,2012_13,LaLiga
2012-12-09,Ath Bilbao,Celta,1,0,H,10,11,2,1,2012_13,LaLiga
2012-12-09,Ath Madrid,La Coruna,6,0,H,14,9,9,1,2012_13,LaLiga
2012-12-09,Betis,Barcelona,1,2,A,9,13,3,8,2012_13,LaLiga
2012-12-09,Levante,Mallorca,4,0,H,14,15,9,2,2012_13,LaLiga
2012-12-10,Vallecano,Zaragoza,0,2,A,14,13,1,7,2012_13,LaLiga
2012-12-15,Getafe,Osasuna,1,1,D,8,7,2,3,2012_13,LaLiga
2012-12-15,Granada,Sociedad,0,0,D,10,15,4,3,2012_13,LaLiga
2012-12-15,Mallorca,Ath Bilbao,0,1,A,18,12,4,2,2012_13,LaLiga
2012-12-15,Sevilla,Malaga,0,2,A,15,9,2,2,2012_13,LaLiga
2012-12-16,Barcelona,Ath Madrid,4,1,H,11,8,6,1,2012_13,LaLiga
2012-12-16,Real Madrid,Espanol,2,2,D,29,12,10,3,2012_13,LaLiga
2012-12-16,Valencia,Vallecano,0,1,A,8,8,2,2,2012_13,LaLiga
2012-12-16,Zaragoza,Levante,0,1,A,12,10,2,3,2012_13,LaLiga
2012-12-17,Celta,Betis,0,1,A,12,11,2,5,2012_13,LaLiga
2012-12-17,La Coruna,Valladolid,0,0,D,18,9,3,4,2012_13,LaLiga
2012-12-20,Espanol,La Coruna,2,0,H,9,16,5,4,2012_13,LaLiga
2012-12-20,Sociedad,Sevilla,2,1,H,12,14,4,4,2012_13,LaLiga
2012-12-20,Vallecano,Levante,3,0,H,18,9,7,3,2012_13,LaLiga
2012-12-21,Ath Madrid,Celta,1,0,H,12,5,3,0,2012_13,LaLiga
2012-12-21,Valencia,Getafe,4,2,H,20,16,8,6,2012_13,LaLiga
2012-12-22,Ath Bilbao,Zaragoza,0,2,A,12,13,3,4,2012_13,LaLiga
2012-12-22,Betis,Mallorca,1,2,A,17,3,7,2,2012_13,LaLiga
2012-12-22,Malaga,Real Madrid,3,2,H,11,18,6,5,2012_13,LaLiga
2012-12-22,Osasuna,Granada,1,2,A,11,12,4,4,2012_13,LaLiga
2012-12-22,Valladolid,Barcelona,1,3,A,5,11,2,5,2012_13,LaLiga
2013-01-04,Zaragoza,Betis,1,2,A,10,9,1,6,2012_13,LaLiga
2013-01-05,Granada,Valencia,1,2,A,3,28,2,7,2012_13,LaLiga
2013-01-05,La Coruna,Malaga,1,0,H,12,9,4,3,2012_13,LaLiga
2013-01-05,Levante,Ath Bilbao,3,1,H,11,11,6,5,2012_13,LaLiga
2013-01-05,Sevilla,Osasuna,1,0,H,17,9,6,3,2012_13,LaLiga
2013-01-06,Barcelona,Espanol,4,0,H,19,5,8,1,2012_13,LaLiga
2013-01-06,Celta,Valladolid,3,1,H,14,12,6,4,2012_13,LaLiga
2013-01-06,Mallorca,Ath Madrid,1,1,D,6,15,2,6,2012_13,LaLiga
2013-01-06,Real Madrid,Sociedad,4,3,H,25,16,9,5,2012_13,LaLiga
2013-01-07,Vallecano,Getafe,3,1,H,24,11,12,4,2012_13,LaLiga
2013-01-11,Ath Bilbao,Vallecano,1,2,A,18,12,7,6,2012_13,LaLiga
2013-01-12,Espanol,Celta,1,0,H,14,12,4,1,2012_13,LaLiga
2013-01-12,Osasuna,Real Madrid,0,0,D,13,9,2,1,2012_13,LaLiga
2013-01-12,Valencia,Sevilla,2,0,H,17,6,4,1,2012_13,LaLiga
2013-01-12,Valladolid,Mallorca,3,1,H,14,12,8,4,2012_13,LaLiga
2013-01-13,Ath Madrid,Zaragoza,2,0,H,14,4,5,1,2012_13,LaLiga
2013-01-13,Betis,Levante,2,0,H,13,9,4,3,2012_13,LaLiga
2013-01-13,Malaga,Barcelona,1,3,A,7,12,2,4,2012_13,LaLiga
2013-01-13,Sociedad,La Coruna,1,1,D,11,20,2,7,2012_13,LaLiga
2013-01-14,Getafe,Granada,2,2,D,9,11,5,3,2012_13,LaLiga
2013-01-18,Espanol,Mallorca,3,2,H,18,11,7,3,2012_13,LaLiga
2013-01-19,Getafe,Sevilla,1,1,D,8,13,3,3,2012_13,LaLiga
2013-01-19,Granada,Vallecano,2,0,H,12,15,5,4,2012_13,LaLiga
2013-01-19,Malaga,Celta,1,1,D,11,11,7,5,2012_13,LaLiga
2013-01-19,Sociedad,Barcelona,3,2,H,14,8,6,3,2012_13,LaLiga
2013-01-20,Ath Madrid,Levante,2,0,H,13,10,4,2,2012_13,LaLiga
2013-01-20,Osasuna,La Coruna,2,1,H,8,17,4,5,2012_13,LaLiga
2013-01-20,Valencia,Real Madrid,0,5,A,20,13,4,7,2012_13,LaLiga
2013-01-20,Valladolid,Zaragoza,2,0,H,13,12,6,2,2012_13,LaLiga
2013-01-21,Betis,Ath Bilbao,1,1,D,10,16,2,5,2012_13,LaLiga
2013-01-26,Celta,Sociedad,1,1,D,11,17,4,4,2012_13,LaLiga
2013-01-26,La Coruna,Valencia,2,3,A,11,22,7,12,2012_13,LaLiga
2013-01-26,Levante,Valladolid,2,1,H,16,11,7,5,2012_13,LaLiga
2013-01-26,Zaragoza,Espanol,0,0,D,14,5,4,2,2012_13,LaLiga
2013-01-27,Ath Bilbao,Ath Madrid,3,0,H,22,17,10,6,2012_13,LaLiga
2013-01-27,Barcelona,Osasuna,5,1,H,19,3,9,1,2012_13,LaLiga
2013-01-27,Mallorca,Malaga,2,3,A,23,5,3,3,2012_13,LaLiga
2013-01-27,Real Madrid,Getafe,4,0,H,22,6,13,3,2012_13,LaLiga
2013-01-27,Vallecano,Betis,3,0,H,10,13,6,5,2012_13,LaLiga
2013-01-28,Sevilla,Granada,3,0,H,23,7,9,3,2012_13,LaLiga
2013-02-01,Valladolid,Ath Bilbao,2,2,D,10,18,3,9,2012_13,LaLiga
2013-02-02,Espanol,Levante,3,2,H,13,12,5,4,2012_13,LaLiga
2013-02-02,Getafe,La Coruna,3,1,H,12,13,4,3,2012_13,LaLiga
2013-02-02,Granada,Real Madrid,1,0,H,4,17,0,4,2012_13,LaLiga
2013-02-02,Osasuna,Celta,1,0,H,17,12,4,2,2012_13,LaLiga
2013-02-03,Ath Madrid,Betis,1,0,H,14,5,6,2,2012_13,LaLiga
2013-02-03,Malaga,Zaragoza,1,1,D,7,15,3,4,2012_13,LaLiga
2013-02-03,Sevilla,Vallecano,2,1,H,16,10,5,4,2012_13,LaLiga
2013-02-03,Sociedad,Mallorca,3,0,H,27,6,11,3,2012_13,LaLiga
2013-02-03,Valencia,Barcelona,1,1,D,17,10,5,2,2012_13,LaLiga
2013-02-09,Celta,Valencia,0,1,A,6,15,2,4,2012_13,LaLiga
2013-02-09,La Coruna,Granada,0,3,A,16,14,1,4,2012_13,LaLiga
2013-02-09,Levante,Malaga,1,2,A,12,8,4,4,2012_13,LaLiga
2013-02-09,Mallorca,Osasuna,1,1,D,12,10,2,3,2012_13,LaLiga
2013-02-09,Real Madrid,Sevilla,4,1,H,18,12,10,6,2012_13,LaLiga
2013-02-10,Ath Bilbao,Espanol,0,4,A,16,9,5,5,2012_13,LaLiga
2013-02-10,Barcelona,Getafe,6,1,H,17,6,9,1,2012_13,LaLiga
2013-02-10,Vallecano,Ath Madrid,2,1,H,10,20,3,7,2012_13,LaLiga
2013-02-10,Zaragoza,Sociedad,1,2,A,10,14,3,7,2012_13,LaLiga
2013-02-11,Betis,Valladolid,0,0,D,22,3,3,0,2012_13,LaLiga
2013-02-15,Sevilla,La Coruna,3,1,H,20,13,9,6,2012_13,LaLiga
2013-02-16,Getafe,Celta,3,1,H,15,5,10,2,2012_13,LaLiga
2013-02-16,Granada,Barcelona,1,2,A,6,17,5,8,2012_13,LaLiga
2013-02-16,Malaga,Ath Bilbao,1,0,H,12,8,7,6,2012_13,LaLiga
2013-02-16,Osasuna,Zaragoza,1,0,H,8,10,3,3,2012_13,LaLiga
2013-02-17,Espanol,Betis,1,0,H,6,5,2,2,2012_13,LaLiga
2013-02-17,Real Madrid,Vallecano,2,0,H,10,10,6,1,2012_13,LaLiga
2013-02-17,Sociedad,Levante,1,1,D,12,7,5,7,2012_13,LaLiga
2013-02-17,Valencia,Mallorca,2,0,H,4,16,2,8,2012_13,LaLiga
2013-02-17,Valladolid,Ath Madrid,0,3,A,3,13,0,8,2012_13,LaLiga
2013-02-22,Ath Bilbao,Sociedad,1,3,A,18,13,5,5,2012_13,LaLiga
2013-02-23,Barcelona,Sevilla,2,1,H,17,7,3,4,2012_13,LaLiga
2013-02-23,La Coruna,Real Madrid,1,2,A,15,17,5,8,2012_13,LaLiga
2013-02-23,Mallorca,Getafe,1,3,A,15,15,4,4,2012_13,LaLiga
2013-02-23,Zaragoza,Valencia,2,2,D,14,11,6,8,2012_13,LaLiga
2013-02-24,Ath Madrid,Espanol,1,0,H,10,12,3,1,2012_13,LaLiga
2013-02-24,Betis,Malaga,3,0,H,21,3,8,1,2012_13,LaLiga
2013-02-24,Celta,Granada,2,1,H,13,9,4,2,2012_13,LaLiga
2013-02-24,Vallecano,Valladolid,1,2,A,18,17,8,3,2012_13,LaLiga
2013-02-25,Levante,Osasuna,0,2,A,8,17,3,6,2012_13,LaLiga
2013-03-01,Getafe,Zaragoza,2,0,H,8,12,4,3,2012_13,LaLiga
2013-03-02,La Coruna,Vallecano,0,0,D,13,18,4,3,2012_13,LaLiga
2013-03-02,Osasuna,Ath Bilbao,0,1,A,18,7,6,2,2012_13,LaLiga
2013-03-02,Real Madrid,Barcelona,2,1,H,14,5,6,2,2012_13,LaLiga
2013-03-02,Valencia,Levante,2,2,D,19,8,6,4,2012_13,LaLiga
2013-03-03,Espanol,Valladolid,0,0,D,11,7,0,1,2012_13,LaLiga
2013-03-03,Granada,Mallorca,1,2,A,10,8,5,5,2012_13,LaLiga
2013-03-03,Malaga,Ath Madrid,0,0,D,6,15,2,2,2012_13,LaLiga
2013-03-03,Sociedad,Betis,3,3,D,14,17,7,4,2012_13,LaLiga
2013-03-04,Sevilla,Celta,4,1,H,12,14,7,4,2012_13,LaLiga
2013-03-08,Betis,Osasuna,2,1,H,9,18,5,3,2012_13,LaLiga
2013-03-09,Barcelona,La Coruna,2,0,H,12,4,7,0,2012_13,LaLiga
2013-03-09,Mallorca,Sevilla,2,1,H,10,17,5,5,2012_13,LaLiga
2013-03-09,Valladolid,Malaga,1,1,D,9,6,4,1,2012_13,LaLiga
2013-03-09,Vallecano,Espanol,2,0,H,16,15,9,3,2012_13,LaLiga
2013-03-10,Ath Bilbao,Valencia,1,0,H,9,16,3,5,2012_13,LaLiga
2013-03-10,Ath Madrid,Sociedad,0,1,A,21,10,3,3,2012_13,LaLiga
2013-03-10,Celta,Real Madrid,1,2,A,19,23,10,11,2012_13,LaLiga
2013-03-10,Levante,Getafe,0,0,D,16,13,5,3,2012_13,LaLiga
2013-03-11,Zaragoza,Granada,0,0,D,8,12,3,1,2012_13,LaLiga
2013-03-15,La Coruna,Celta,3,1,H,17,10,8,1,2012_13,LaLiga
2013-03-16,Getafe,Ath Bilbao,1,0,H,19,10,8,1,2012_13,LaLiga
2013-03-16,Real Madrid,Mallorca,5,2,H,24,15,13,6,2012_13,LaLiga
2013-03-16,Sociedad,Valladolid,4,1,H,20,13,10,5,2012_13,LaLiga
2013-03-16,Valencia,Betis,3,0,H,15,9,4,4,2012_13,LaLiga
2013-03-17,Barcelona,Vallecano,3,1,H,19,17,7,8,2012_13,LaLiga
2013-03-17,Granada,Levante,1,1,D,14,7,5,1,2012_13,LaLiga
2013-03-17,Malaga,Espanol,0,2,A,15,9,2,5,2012_13,LaLiga
2013-03-17,Osasuna,Ath Madrid,0,2,A,19,12,5,7,2012_13,LaLiga
2013-03-17,Sevilla,Zaragoza,4,0,H,17,9,6,2,2012_13,LaLiga
2013-03-30,Celta,Barcelona,2,2,D,8,8,3,3,2012_13,LaLiga
2013-03-30,Levante,Sevilla,1,0,H,17,25,4,6,2012_13,LaLiga
2013-03-30,Vallecano,Malaga,1,3,A,15,12,6,4,2012_13,LaLiga
2013-03-30,Zaragoza,Real Madrid,1,1,D,12,16,5,6,2012_13,LaLiga
2013-03-31,Ath Madrid,Valencia,1,1,D,9,15,4,3,2012_13,LaLiga
2013-03-31,Espanol,Sociedad,2,2,D,7,15,4,4,2012_13,LaLiga
2013-03-31,Mallorca,La Coruna,2,3,A,20,14,5,9,2012_13,LaLiga
2013-03-31,Valladolid,Osasuna,1,3,A,9,12,2,7,2012_13,LaLiga
2013-04-01,Ath Bilbao,Granada,1,0,H,14,7,4,3,2012_13,LaLiga
2013-04-01,Betis,Getafe,0,0,D,8,16,4,7,2012_13,LaLiga
2013-04-05,Granada,Betis,1,5,A,23,13,5,6,2012_13,LaLiga
2013-04-06,Barcelona,Mallorca,5,0,H,22,13,9,3,2012_13,LaLiga
2013-04-06,La Coruna,Zaragoza,3,2,H,12,7,6,3,2012_13,LaLiga
2013-04-06,Real Madrid,Levante,5,1,H,36,11,12,3,2012_13,LaLiga
2013-04-06,Sociedad,Malaga,4,2,H,7,9,5,3,2012_13,LaLiga
2013-04-07,Celta,Vallecano,0,2,A,14,11,2,6,2012_13,LaLiga
2013-04-07,Getafe,Ath Madrid,0,0,D,17,11,4,5,2012_13,LaLiga
2013-04-07,Osasuna,Espanol,0,2,A,13,10,3,4,2012_13,LaLiga
2013-04-07,Valencia,Valladolid,2,1,H,27,9,11,4,2012_13,LaLiga
2013-04-08,Sevilla,Ath Bilbao,2,1,H,15,12,4,2,2012_13,LaLiga
2013-04-12,Betis,Sevilla,3,3,D,26,12,4,5,2012_13,LaLiga
2013-04-13,Espanol,Valencia,3,3,D,17,17,7,5,2012_13,LaLiga
2013-04-13,Levante,La Coruna,0,4,A,23,18,5,9,2012_13,LaLiga
2013-04-13,Malaga,Osasuna,1,0,H,16,10,8,1,2012_13,LaLiga
2013-04-13,Valladolid,Getafe,2,1,H,22,10,10,2,2012_13,LaLiga
2013-04-14,Ath Bilbao,Real Madrid,0,3,A,11,14,2,6,2012_13,LaLiga
2013-04-14,Ath Madrid,Granada,5,0,H,16,13,8,5,2012_13,LaLiga
2013-04-14,Vallecano,Sociedad,0,2,A,11,11,5,5,2012_13,LaLiga
2013-04-14,Zaragoza,Barcelona,0,3,A,12,11,2,6,2012_13,LaLiga
2013-04-15,Mallorca,Celta,1,0,H,14,8,6,2,2012_13,LaLiga
2013-04-19,Mallorca,Vallecano,1,1,D,11,19,5,3,2012_13,LaLiga
2013-04-20,Barcelona,Levante,1,0,H,18,4,9,0,2012_13,LaLiga
2013-04-20,Granada,Valladolid,1,1,D,28,2,10,2,2012_13,LaLiga
2013-04-20,Real Madrid,Betis,3,1,H,20,20,8,7,2012_13,LaLiga
2013-04-20,Valencia,Malaga,5,1,H,14,11,10,3,2012_13,LaLiga
2013-04-21,Getafe,Espanol,0,2,A,7,9,3,7,2012_13,LaLiga
2013-04-21,La Coruna,Ath Bilbao,1,1,D,10,17,4,3,2012_13,LaLiga
2013-04-21,Osasuna,Sociedad,0,0,D,14,12,4,4,2012_13,LaLiga
2013-04-21,Sevilla,Ath Madrid,0,1,A,13,8,3,1,2012_13,LaLiga
2013-04-22,Celta,Zaragoza,2,1,H,16,10,3,3,2012_13,LaLiga
2013-04-26,Vallecano,Osasuna,2,2,D,11,6,5,5,2012_13,LaLiga
2013-04-27,Ath Bilbao,Barcelona,2,2,D,7,15,3,6,2012_13,LaLiga
2013-04-27,Ath Madrid,Real Madrid,1,2,A,11,6,4,4,2012_13,LaLiga
2013-04-27,Levante,Celta,0,1,A,11,9,2,4,2012_13,LaLiga
2013-04-27,Zaragoza,Mallorca,3,2,H,13,11,6,4,2012_13,LaLiga
2013-04-28,Espanol,Granada,0,1,A,9,11,2,4,2012_13,LaLiga
2013-04-28,Malaga,Getafe,2,1,H,12,14,7,4,2012_13,LaLiga
2013-04-28,Sociedad,Valencia,4,2,H,19,15,6,7,2012_13,LaLiga
2013-04-28,Valladolid,Sevilla,1,1,D,12,15,4,7,2012_13,LaLiga
2013-04-29,Betis,La Coruna,1,1,D,20,12,4,6,2012_13,LaLiga
2013-05-03,Celta,Ath Bilbao,1,1,D,21,8,6,2,2012_13,LaLiga
2013-05-04,Granada,Malaga,1,0,H,14,10,4,4,2012_13,LaLiga
2013-05-04,La Coruna,Ath Madrid,0,0,D,10,9,3,0,2012_13,LaLiga
2013-05-04,Real Madrid,Valladolid,4,3,H,27,14,11,6,2012_13,LaLiga
2013-05-04,Valencia,Osasuna,4,0,H,18,8,7,3,2012_13,LaLiga
2013-05-05,Barcelona,Betis,4,2,H,19,5,10,3,2012_13,LaLiga
2013-05-05,Mallorca,Levante,1,1,D,21,3,8,1,2012_13,LaLiga
2013-05-05,Sevilla,Espanol,3,0,H,16,11,5,4,2012_13,LaLiga
2013-05-05,Zaragoza,Vallecano,3,0,H,16,7,6,3,2012_13,LaLiga
2013-05-06,Getafe,Sociedad,2,1,H,15,10,6,4,2012_13,LaLiga
2013-05-08,Celta,Ath Madrid,1,3,A,13,10,4,5,2012_13,LaLiga
2013-05-08,Real Madrid,Malaga,6,2,H,20,9,9,3,2012_13,LaLiga
2013-05-10,Levante,Zaragoza,0,0,D,11,16,3,3,2012_13,LaLiga
2013-05-11,Ath Bilbao,Mallorca,2,1,H,9,18,4,5,2012_13,LaLiga
2013-05-11,Espanol,Real Madrid,1,1,D,7,11,5,4,2012_13,LaLiga
2013-05-11,Osasuna,Getafe,1,0,H,21,6,4,2,2012_13,LaLiga
2013-05-11,Valladolid,La Coruna,1,0,H,7,14,3,3,2012_13,LaLiga
2013-05-12,Ath Madrid,Barcelona,1,2,A,12,11,2,3,2012_13,LaLiga
2013-05-12,Betis,Celta,1,0,H,16,4,5,2,2012_13,LaLiga
2013-05-12,Malaga,Sevilla,0,0,D,9,10,0,2,2012_13,LaLiga
2013-05-12,Vallecano,Valencia,0,4,A,14,20,3,7,2012_13,LaLiga
2013-05-13,Sociedad,Granada,2,2,D,18,15,4,5,2012_13,LaLiga
2013-05-18,Getafe,Valencia,0,1,A,4,16,1,4,2012_13,LaLiga
2013-05-18,Granada,Osasuna,3,0,H,11,16,4,5,2012_13,LaLiga
2013-05-18,Sevilla,Sociedad,1,2,A,20,13,4,6,2012_13,LaLiga
2013-05-19,Barcelona,Valladolid,2,1,H,16,5,4,2,2012_13,LaLiga
2013-05-19,La Coruna,Espanol,2,0,H,17,7,5,2,2012_13,LaLiga
2013-05-19,Levante,Vallecano,2,3,A,12,18,4,7,2012_13,LaLiga
2013-05-19,Zaragoza,Ath Bilbao,1,2,A,14,10,3,4,2012_13,LaLiga
2013-05-20,Mallorca,Betis,1,0,H,15,10,5,2,2012_13,LaLiga
2013-05-26,Ath Bilbao,Levante,0,1,A,12,12,4,4,2012_13,LaLiga
2013-05-26,Ath Madrid,Mallorca,0,0,D,10,12,2,4,2012_13,LaLiga
2013-05-26,Betis,Zaragoza,4,0,H,13,16,5,3,2012_13,LaLiga
2013-05-26,Espanol,Barcelona,0,2,A,6,10,2,4,2012_13,LaLiga
2013-05-26,Getafe,Vallecano,1,2,A,14,13,6,7,2012_13,LaLiga
2013-05-26,Malaga,La Coruna,3,1,H,15,28,9,4,2012_13,LaLiga
2013-05-26,Osasuna,Sevilla,2,1,H,18,10,5,3,2012_13,LaLiga
2013-05-26,Sociedad,Real Madrid,3,3,D,27,11,12,4,2012_13,LaLiga
2013-05-26,Valencia,Granada,1,0,H,13,2,3,0,2012_13,LaLiga
2013-05-26,Valladolid,Celta,0,2,A,13,17,3,10,2012_13,LaLiga
2013-06-01,Barcelona,Malaga,4,1,H,10,11,6,5,2012_13,LaLiga
2013-06-01,Celta,Espanol,1,0,H,12,8,5,1,2012_13,LaLiga
2013-06-01,Granada,Getafe,2,0,H,16,11,5,0,2012_13,LaLiga
2013-06-01,La Coruna,Sociedad,0,1,A,20,13,5,6,2012_13,LaLiga
2013-06-01,Levante,Betis,1,1,D,13,9,4,2,2012_13,LaLiga
2013-06-01,Mallorca,Valladolid,4,2,H,20,11,10,5,2012_13,LaLiga
2013-06-01,Real Madrid,Osasuna,4,2,H,18,26,9,13,2012_13,LaLiga
2013-06-01,Sevilla,Valencia,4,3,H,21,17,9,7,2012_13,LaLiga
2013-06-01,Vallecano,Ath Bilbao,2,2,D,28,5,6,3,2012_13,LaLiga
2013-06-01,Zaragoza,Ath Madrid,1,3,A,15,16,6,4,2012_13,LaLiga
2013-08-17,Sociedad,Getafe,2,0,H,16,15,6,2,2013_14,LaLiga
2013-08-17,Valencia,Malaga,1,0,H,9,11,1,2,2013_14,LaLiga
2013-08-17,Valladolid,Ath Bilbao,1,2,A,8,13,2,3,2013_14,LaLiga
2013-08-18,Barcelona,Levante,7,0,H,22,4,13,1,2013_14,LaLiga
2013-08-18,Osasuna,Granada,1,2,A,14,13,5,4,2013_14,LaLiga
2013-08-18,Real Madrid,Betis,2,1,H,20,11,9,4,2013_14,LaLiga
2013-08-18,Sevilla,Ath Madrid,1,3,A,14,16,5,6,2013_14,LaLiga
2013-08-19,Almeria,Villarreal,2,3,A,15,14,2,4,2013_14,LaLiga
2013-08-19,Celta,Espanol,2,2,D,15,6,10,5,2013_14,LaLiga
2013-08-19,Vallecano,Elche,3,0,H,11,8,5,1,2013_14,LaLiga
2013-08-23,Ath Bilbao,Osasuna,2,0,H,8,18,2,5,2013_14,LaLiga
2013-08-23,Getafe,Almeria,2,2,D,14,16,5,7,2013_14,LaLiga
2013-08-24,Elche,Sociedad,1,1,D,12,11,2,4,2013_14,LaLiga
2013-08-24,Espanol,Valencia,3,1,H,13,8,3,2,2013_14,LaLiga
2013-08-24,Villarreal,Valladolid,2,1,H,17,6,6,2,2013_14,LaLiga
2013-08-25,Ath Madrid,Vallecano,5,0,H,14,7,5,1,2013_14,LaLiga
2013-08-25,Betis,Celta,1,2,A,20,13,6,4,2013_14,LaLiga
2013-08-25,Levante,Sevilla,0,0,D,8,18,3,3,2013_14,LaLiga
2013-08-25,Malaga,Barcelona,0,1,A,9,15,3,11,2013_14,LaLiga
2013-08-26,Granada,Real Madrid,0,1,A,8,21,3,8,2013_14,LaLiga
2013-08-30,Almeria,Elche,2,2,D,9,15,5,9,2013_14,LaLiga
2013-08-30,Vallecano,Levante,1,2,A,23,6,8,2,2013_14,LaLiga
2013-08-31,Celta,Granada,1,1,D,17,3,4,1,2013_14,LaLiga
2013-08-31,Osasuna,Villarreal,0,3,A,9,9,3,4,2013_14,LaLiga
2013-08-31,Valladolid,Getafe,1,0,H,21,16,6,0,2013_14,LaLiga
2013-09-01,Espanol,Betis,0,0,D,10,8,3,3,2013_14,LaLiga
2013-09-01,Real Madrid,Ath Bilbao,3,1,H,20,12,7,2,2013_14,LaLiga
2013-09-01,Sevilla,Malaga,2,2,D,15,15,7,6,2013_14,LaLiga
2013-09-01,Sociedad,Ath Madrid,1,2,A,10,16,4,9,2013_14,LaLiga
2013-09-01,Valencia,Barcelona,2,3,A,16,20,10,9,2013_14,LaLiga
2013-09-14,Ath Madrid,Almeria,4,2,H,20,7,8,2,2013_14,LaLiga
2013-09-14,Barcelona,Sevilla,3,2,H,19,7,10,2,2013_14,LaLiga
2013-09-14,Levante,Sociedad,0,0,D,13,13,5,3,2013_14,LaLiga
2013-09-14,Villarreal,Real Madrid,2,2,D,19,20,9,6,2013_14,LaLiga
2013-09-15,Betis,Valencia,3,1,H,21,5,9,2,2013_14,LaLiga
2013-09-15,Getafe,Osasuna,2,1,H,14,11,5,6,2013_14,LaLiga
2013-09-15,Granada,Espanol,0,1,A,9,7,1,3,2013_14,LaLiga
2013-09-15,Malaga,Vallecano,5,0,H,17,12,9,2,2013_14,LaLiga
2013-09-16,Ath Bilbao,Celta,3,2,H,16,8,6,3,2013_14,LaLiga
2013-09-16,Elche,Valladolid,0,0,D,10,8,5,4,2013_14,LaLiga
2013-09-20,Osasuna,Elche,2,1,H,8,13,3,4,2013_14,LaLiga
2013-09-21,Almeria,Levante,2,2,D,13,16,8,7,2013_14,LaLiga
2013-09-21,Sociedad,Malaga,0,0,D,10,11,2,4,2013_14,LaLiga
2013-09-21,Valladolid,Ath Madrid,0,2,A,12,15,2,6,2013_14,LaLiga
2013-09-21,Vallecano,Barcelona,0,4,A,14,14,9,8,2013_14,LaLiga
2013-09-22,Betis,Granada,0,0,D,19,4,6,1,2013_14,LaLiga
2013-09-22,Celta,Villarreal,0,0,D,5,12,1,4,2013_14,LaLiga
2013-09-22,Real Madrid,Getafe,4,1,H,29,7,11,4,2013_14,LaLiga
2013-09-22,Valencia,Sevilla,3,1,H,26,9,6,3,2013_14,LaLiga
2013-09-23,Espanol,Ath Bilbao,3,2,H,11,9,6,3,2013_14,LaLiga
2013-09-24,Ath Madrid,Osasuna,2,1,H,13,7,4,1,2013_14,LaLiga
2013-09-24,Barcelona,Sociedad,4,1,H,23,9,9,5,2013_14,LaLiga
2013-09-24,Levante,Valladolid,1,1,D,24,4,4,2,2013_14,LaLiga
2013-09-24,Malaga,Almeria,2,0,H,16,7,7,2,2013_14,LaLiga
2013-09-25,Elche,Real Madrid,1,2,A,11,12,3,5,2013_14,LaLiga
2013-09-25,Granada,Valencia,0,1,A,13,14,4,3,2013_14,LaLiga
2013-09-25,Sevilla,Vallecano,4,1,H,16,10,7,4,2013_14,LaLiga
2013-09-26,Ath Bilbao,Betis,2,1,H,20,10,8,5,2013_14,LaLiga
2013-09-26,Getafe,Celta,2,0,H,14,9,3,2,2013_14,LaLiga
2013-09-26,Villarreal,Espanol,2,1,H,8,12,5,3,2013_14,LaLiga
2013-09-27,Valladolid,Malaga,2,2,D,13,11,3,4,2013_14,LaLiga
2013-09-28,Almeria,Barcelona,0,2,A,5,15,1,4,2013_14,LaLiga
2013-09-28,Real Madrid,Ath Madrid,0,1,A,20,13,5,4,2013_14,LaLiga
2013-09-28,Sociedad,Sevilla,1,1,D,17,10,5,3,2013_14,LaLiga
2013-09-28,Valencia,Vallecano,1,0,H,5,13,4,3,2013_14,LaLiga
2013-09-29,Betis,Villarreal,1,0,H,11,7,5,2,2013_14,LaLiga
2013-09-29,Celta,Elche,0,1,A,7,14,1,4,2013_14,LaLiga
2013-09-29,Espanol,Getafe,0,2,A,14,7,3,3,2013_14,LaLiga
2013-09-29,Osasuna,Levante,0,1,A,20,15,5,5,2013_14,LaLiga
2013-09-30,Granada,Ath Bilbao,2,0,H,13,11,5,4,2013_14,LaLiga
2013-10-04,Malaga,Osasuna,0,1,A,15,13,3,6,2013_14,LaLiga
2013-10-04,Villarreal,Granada,3,0,H,16,8,4,1,2013_14,LaLiga
2013-10-05,Barcelona,Valladolid,4,1,H,21,7,8,1,2013_14,LaLiga
2013-10-05,Elche,Espanol,2,1,H,12,13,6,3,2013_14,LaLiga
2013-10-05,Levante,Real Madrid,2,3,A,13,27,5,10,2013_14,LaLiga
2013-10-05,Vallecano,Sociedad,1,0,H,11,18,1,6,2013_14,LaLiga
2013-10-06,Ath Bilbao,Valencia,1,1,D,17,12,8,5,2013_14,LaLiga
2013-10-06,Ath Madrid,Celta,2,1,H,23,3,12,2,2013_14,LaLiga
2013-10-06,Getafe,Betis,3,1,H,11,15,5,4,2013_14,LaLiga
2013-10-06,Sevilla,Almeria,2,1,H,22,11,6,4,2013_14,LaLiga
2013-10-19,Espanol,Ath Madrid,1,0,H,9,6,3,0,2013_14,LaLiga
2013-10-19,Osasuna,Barcelona,0,0,D,4,12,1,3,2013_14,LaLiga
2013-10-19,Real Madrid,Malaga,2,0,H,22,3,15,1,2013_14,LaLiga
2013-10-19,Valencia,Sociedad,1,2,A,16,8,4,3,2013_14,LaLiga
2013-10-20,Almeria,Vallecano,0,1,A,6,16,2,10,2013_14,LaLiga
2013-10-20,Betis,Elche,1,2,A,15,7,7,4,2013_14,LaLiga
2013-10-20,Granada,Getafe,0,2,A,12,15,5,7,2013_14,LaLiga
2013-10-20,Valladolid,Sevilla,2,2,D,11,16,5,6,2013_14,LaLiga
2013-10-21,Ath Bilbao,Villarreal,2,0,H,19,6,3,2,2013_14,LaLiga
2013-10-21,Celta,Levante,0,1,A,15,6,4,3,2013_14,LaLiga
2013-10-25,Vallecano,Valladolid,0,3,A,17,9,4,6,2013_14,LaLiga
2013-10-26,Barcelona,Real Madrid,2,1,H,12,10,5,6,2013_14,LaLiga
2013-10-26,Elche,Granada,0,1,A,8,14,1,3,2013_14,LaLiga
2013-10-26,Levante,Espanol,3,0,H,6,20,3,6,2013_14,LaLiga
2013-10-26,Malaga,Celta,0,5,A,7,16,1,9,2013_14,LaLiga
2013-10-27,Ath Madrid,Betis,5,0,H,16,9,12,1,2013_14,LaLiga
2013-10-27,Sevilla,Osasuna,2,1,H,23,7,4,3,2013_14,LaLiga
2013-10-27,Sociedad,Almeria,3,0,H,10,15,3,4,2013_14,LaLiga
2013-10-27,Villarreal,Valencia,4,1,H,15,16,8,8,2013_14,LaLiga
2013-10-28,Getafe,Ath Bilbao,0,1,A,14,6,3,5,2013_14,LaLiga
2013-10-29,Celta,Barcelona,0,3,A,12,20,4,8,2013_14,LaLiga
2013-10-29,Espanol,Malaga,0,0,D,12,14,3,5,2013_14,LaLiga
2013-10-30,Osasuna,Vallecano,3,1,H,10,21,6,5,2013_14,LaLiga
2013-10-30,Real Madrid,Sevilla,7,3,H,18,16,10,6,2013_14,LaLiga
2013-10-30,Valencia,Almeria,1,2,A,19,8,7,4,2013_14,LaLiga
2013-10-30,Valladolid,Sociedad,2,2,D,18,16,7,6,2013_14,LaLiga
2013-10-31,Ath Bilbao,Elche,2,2,D,17,11,5,6,2013_14,LaLiga
2013-10-31,Betis,Levante,0,0,D,16,17,5,4,2013_14,LaLiga
2013-10-31,Granada,Ath Madrid,1,2,A,10,7,1,6,2013_14,LaLiga
2013-10-31,Villarreal,Getafe,0,2,A,12,9,3,4,2013_14,LaLiga
2013-11-01,Barcelona,Espanol,1,0,H,19,8,5,2,2013_14,LaLiga
2013-11-02,Almeria,Valladolid,1,0,H,14,8,7,2,2013_14,LaLiga
2013-11-02,Sevilla,Celta,0,1,A,14,17,4,4,2013_14,LaLiga
2013-11-02,Sociedad,Osasuna,5,0,H,17,5,8,1,2013_14,LaLiga
2013-11-02,Vallecano,Real Madrid,2,3,A,23,11,6,5,2013_14,LaLiga
2013-11-03,Ath Madrid,Ath Bilbao,2,0,H,15,2,8,0,2013_14,LaLiga
2013-11-03,Getafe,Valencia,0,1,A,14,16,5,5,2013_14,LaLiga
2013-11-03,Levante,Granada,0,1,A,13,15,7,5,2013_14,LaLiga
2013-11-03,Malaga,Betis,3,2,H,10,8,4,3,2013_14,LaLiga
2013-11-04,Elche,Villarreal,0,1,A,5,16,0,6,2013_14,LaLiga
2013-11-08,Granada,Malaga,3,1,H,16,17,10,6,2013_14,LaLiga
2013-11-08,Osasuna,Almeria,0,1,A,20,4,5,2,2013_14,LaLiga
2013-11-09,Ath Bilbao,Levante,2,1,H,21,7,9,3,2013_14,LaLiga
2013-11-09,Celta,Vallecano,0,2,A,16,16,4,4,2013_14,LaLiga
2013-11-09,Getafe,Elche,1,1,D,10,10,2,5,2013_14,LaLiga
2013-11-09,Real Madrid,Sociedad,5,1,H,17,8,8,3,2013_14,LaLiga
2013-11-10,Betis,Barcelona,1,4,A,16,11,5,8,2013_14,LaLiga
2013-11-10,Espanol,Sevilla,1,3,A,15,12,2,4,2013_14,LaLiga
2013-11-10,Valencia,Valladolid,2,2,D,19,11,6,6,2013_14,LaLiga
2013-11-10,Villarreal,Ath Madrid,1,1,D,15,7,3,1,2013_14,LaLiga
2013-11-22,Valladolid,Osasuna,0,1,A,7,10,3,3,2013_14,LaLiga
2013-11-23,Almeria,Real Madrid,0,5,A,12,35,4,15,2013_14,LaLiga
2013-11-23,Ath Madrid,Getafe,7,0,H,24,2,13,1,2013_14,LaLiga
2013-11-23,Barcelona,Granada,4,0,H,13,10,8,3,2013_14,LaLiga
2013-11-23,Sociedad,Celta,4,3,H,23,10,12,5,2013_14,LaLiga
2013-11-24,Elche,Valencia,2,1,H,9,25,3,8,2013_14,LaLiga
2013-11-24,Levante,Villarreal,0,3,A,5,23,1,9,2013_14,LaLiga
2013-11-24,Sevilla,Betis,4,0,H,16,8,4,1,2013_14,LaLiga
2013-11-24,Vallecano,Espanol,1,4,A,16,8,4,5,2013_14,LaLiga
2013-11-25,Malaga,Ath Bilbao,1,2,A,8,10,1,6,2013_14,LaLiga
2013-11-29,Getafe,Levante,1,0,H,15,11,2,1,2013_14,LaLiga
2013-11-29,Villarreal,Malaga,1,1,D,7,8,3,3,2013_14,LaLiga
2013-11-30,Celta,Almeria,3,1,H,17,6,6,3,2013_14,LaLiga
2013-11-30,Elche,Ath Madrid,0,2,A,10,12,2,4,2013_14,LaLiga
2013-11-30,Espanol,Sociedad,1,2,A,13,15,4,6,2013_14,LaLiga
2013-11-30,Real Madrid,Valladolid,4,0,H,26,9,12,3,2013_14,LaLiga
2013-12-01,Ath Bilbao,Barcelona,1,0,H,15,11,6,2,2013_14,LaLiga
2013-12-01,Betis,Vallecano,2,2,D,12,9,4,5,2013_14,LaLiga
2013-12-01,Granada,Sevilla,1,2,A,17,13,8,7,2013_14,LaLiga
2013-12-01,Valencia,Osasuna,3,0,H,24,6,11,1,2013_14,LaLiga
2013-12-13,Levante,Elche,2,1,H,9,7,3,2,2013_14,LaLiga
2013-12-14,Barcelona,Villarreal,2,1,H,13,3,7,1,2013_14,LaLiga
2013-12-14,Malaga,Getafe,1,0,H,21,6,4,3,2013_14,LaLiga
2013-12-14,Osasuna,Real Madrid,2,2,D,11,17,7,4,2013_14,LaLiga
2013-12-14,Vallecano,Granada,0,2,A,17,13,8,3,2013_14,LaLiga
2013-12-15,Almeria,Espanol,0,0,D,10,16,4,6,2013_14,LaLiga
2013-12-15,Ath Madrid,Valencia,3,0,H,14,3,6,0,2013_14,LaLiga
2013-12-15,Sevilla,Ath Bilbao,1,1,D,14,13,2,4,2013_14,LaLiga
2013-12-15,Sociedad,Betis,5,1,H,20,15,9,4,2013_14,LaLiga
2013-12-16,Valladolid,Celta,3,0,H,11,14,6,3,2013_14,LaLiga
2013-12-20,Elche,Malaga,0,1,A,8,6,2,2,2013_14,LaLiga
2013-12-21,Ath Madrid,Levante,3,2,H,16,8,6,4,2013_14,LaLiga
2013-12-21,Betis,Almeria,0,1,A,25,14,8,7,2013_14,LaLiga
2013-12-21,Granada,Sociedad,1,3,A,23,11,8,7,2013_14,LaLiga
2013-12-21,Villarreal,Sevilla,1,2,A,13,12,5,4,2013_14,LaLiga
2013-12-22,Ath Bilbao,Vallecano,2,1,H,24,14,9,5,2013_14,LaLiga
2013-12-22,Celta,Osasuna,1,1,D,14,13,6,4,2013_14,LaLiga
2013-12-22,Espanol,Valladolid,4,2,H,13,9,7,4,2013_14,LaLiga
2013-12-22,Getafe,Barcelona,2,5,A,12,15,2,7,2013_14,LaLiga
2013-12-22,Valencia,Real Madrid,2,3,A,12,12,5,5,2013_14,LaLiga
2014-01-04,Almeria,Granada,3,0,H,18,5,8,3,2013_14,LaLiga
2014-01-04,Malaga,Ath Madrid,0,1,A,12,9,3,6,2013_14,LaLiga
2014-01-04,Valencia,Levante,2,0,H,17,7,5,2,2013_14,LaLiga
2014-01-04,Valladolid,Betis,0,0,D,10,6,3,3,2013_14,LaLiga
2014-01-05,Barcelona,Elche,4,0,H,13,3,6,0,2013_14,LaLiga
2014-01-05,Osasuna,Espanol,1,0,H,11,13,4,3,2013_14,LaLiga
2014-01-05,Sevilla,Getafe,3,0,H,20,9,7,1,2013_14,LaLiga
2014-01-05,Sociedad,Ath Bilbao,2,0,H,8,13,4,3,2013_14,LaLiga
2014-01-06,Real Madrid,Celta,3,0,H,18,15,8,1,2013_14,LaLiga
2014-01-06,Vallecano,Villarreal,2,5,A,19,12,8,6,2013_14,LaLiga
2014-01-10,Granada,Valladolid,4,0,H,15,10,8,1,2013_14,LaLiga
2014-01-11,Ath Bilbao,Almeria,6,1,H,15,9,7,2,2013_14,LaLiga
2014-01-11,Ath Madrid,Barcelona,0,0,D,6,9,2,2,2013_14,LaLiga
2014-01-11,Celta,Valencia,2,1,H,21,11,8,2,2013_14,LaLiga
2014-01-11,Elche,Sevilla,1,1,D,10,10,3,3,2013_14,LaLiga
2014-01-12,Betis,Osasuna,1,2,A,22,7,8,3,2013_14,LaLiga
2014-01-12,Espanol,Real Madrid,0,1,A,11,23,1,8,2013_14,LaLiga
2014-01-12,Getafe,Vallecano,0,1,A,14,14,5,5,2013_14,LaLiga
2014-01-12,Levante,Malaga,1,0,H,8,22,5,6,2013_14,LaLiga
2014-01-13,Villarreal,Sociedad,5,1,H,22,8,11,4,2013_14,LaLiga
2014-01-17,Malaga,Valencia,0,0,D,17,11,6,4,2013_14,LaLiga
2014-01-18,Betis,Real Madrid,0,5,A,7,21,1,11,2013_14,LaLiga
2014-01-18,Elche,Vallecano,2,0,H,15,7,10,1,2013_14,LaLiga
2014-01-18,Espanol,Celta,1,0,H,8,12,3,2,2013_14,LaLiga
2014-01-18,Granada,Osasuna,0,0,D,17,8,3,0,2013_14,LaLiga
2014-01-19,Ath Madrid,Sevilla,1,1,D,16,10,2,3,2013_14,LaLiga
2014-01-19,Getafe,Sociedad,2,2,D,16,9,5,6,2013_14,LaLiga
2014-01-19,Levante,Barcelona,1,1,D,7,17,4,6,2013_14,LaLiga
2014-01-19,Villarreal,Almeria,2,0,H,12,13,2,4,2013_14,LaLiga
2014-01-20,Ath Bilbao,Valladolid,4,2,H,23,7,14,4,2013_14,LaLiga
2014-01-24,Celta,Betis,4,2,H,10,13,5,5,2013_14,LaLiga
2014-01-25,Real Madrid,Granada,2,0,H,23,8,8,2,2013_14,LaLiga
2014-01-25,Sevilla,Levante,2,3,A,28,7,10,6,2013_14,LaLiga
2014-01-25,Valencia,Espanol,2,2,D,15,9,5,2,2013_14,LaLiga
2014-01-25,Valladolid,Villarreal,1,0,H,8,4,2,2,2013_14,LaLiga
2014-01-26,Almeria,Getafe,1,0,H,7,16,4,5,2013_14,LaLiga
2014-01-26,Barcelona,Malaga,3,0,H,23,4,10,2,2013_14,LaLiga
2014-01-26,Osasuna,Ath Bilbao,1,5,A,11,19,1,9,2013_14,LaLiga
2014-01-26,Vallecano,Ath Madrid,2,4,A,13,15,6,7,2013_14,LaLiga
2014-01-27,Sociedad,Elche,4,0,H,7,18,5,6,2013_14,LaLiga
2014-01-31,Granada,Celta,1,2,A,16,10,3,3,2013_14,LaLiga
2014-02-01,Barcelona,Valencia,2,3,A,20,8,5,4,2013_14,LaLiga
2014-02-01,Getafe,Valladolid,0,0,D,7,10,1,2,2013_14,LaLiga
2014-02-01,Levante,Vallecano,0,0,D,11,16,2,5,2013_14,LaLiga
2014-02-01,Malaga,Sevilla,3,2,H,14,11,7,4,2013_14,LaLiga
2014-02-02,Ath Bilbao,Real Madrid,1,1,D,9,10,3,3,2013_14,LaLiga
2014-02-02,Ath Madrid,Sociedad,4,0,H,12,10,6,2,2013_14,LaLiga
2014-02-02,Betis,Espanol,2,0,H,13,6,3,1,2013_14,LaLiga
2014-02-02,Elche,Almeria,1,0,H,13,10,5,3,2013_14,LaLiga
2014-02-03,Villarreal,Osasuna,3,1,H,13,10,8,2,2013_14,LaLiga
2014-02-07,Espanol,Granada,1,0,H,13,13,5,1,2013_14,LaLiga
2014-02-08,Almeria,Ath Madrid,2,0,H,7,12,3,1,2013_14,LaLiga
2014-02-08,Real Madrid,Villarreal,4,2,H,13,10,6,3,2013_14,LaLiga
2014-02-08,Valencia,Betis,5,0,H,18,9,9,2,2013_14,LaLiga
2014-02-08,Vallecano,Malaga,4,1,H,11,15,6,5,2013_14,LaLiga
2014-02-09,Osasuna,Getafe,2,0,H,14,18,7,4,2013_14,LaLiga
2014-02-09,Sevilla,Barcelona,1,4,A,15,9,4,5,2013_14,LaLiga
2014-02-09,Sociedad,Levante,0,0,D,18,6,6,0,2013_14,LaLiga
2014-02-09,Valladolid,Elche,2,2,D,13,9,3,4,2013_14,LaLiga
2014-02-10,Celta,Ath Bilbao,0,0,D,14,7,1,1,2013_14,LaLiga
2014-02-14,Elche,Osasuna,0,0,D,11,8,2,3,2013_14,LaLiga
2014-02-15,Ath Madrid,Valladolid,3,0,H,13,4,5,0,2013_14,LaLiga
2014-02-15,Barcelona,Vallecano,6,0,H,21,9,10,4,2013_14,LaLiga
2014-02-15,Levante,Almeria,1,0,H,13,13,3,3,2013_14,LaLiga
2014-02-15,Villarreal,Celta,0,2,A,19,8,5,2,2013_14,LaLiga
2014-02-16,Ath Bilbao,Espanol,1,2,A,10,14,3,7,2013_14,LaLiga
2014-02-16,Getafe,Real Madrid,0,3,A,9,16,1,7,2013_14,LaLiga
2014-02-16,Granada,Betis,1,0,H,13,11,4,6,2013_14,LaLiga
2014-02-16,Sevilla,Valencia,0,0,D,17,9,2,0,2013_14,LaLiga
2014-02-17,Malaga,Sociedad,0,1,A,14,7,5,3,2013_14,LaLiga
2014-02-21,Valladolid,Levante,1,1,D,11,3,2,1,2013_14,LaLiga
2014-02-22,Almeria,Malaga,0,0,D,7,14,2,2,2013_14,LaLiga
2014-02-22,Celta,Getafe,1,1,D,19,6,8,4,2013_14,LaLiga
2014-02-22,Real Madrid,Elche,3,0,H,16,5,7,2,2013_14,LaLiga
2014-02-22,Sociedad,Barcelona,3,1,H,15,12,3,3,2013_14,LaLiga
2014-02-23,Betis,Ath Bilbao,0,2,A,11,14,4,7,2013_14,LaLiga
2014-02-23,Osasuna,Ath Madrid,3,0,H,10,13,4,6,2013_14,LaLiga
2014-02-23,Valencia,Granada,2,1,H,17,8,7,3,2013_14,LaLiga
2014-02-23,Vallecano,Sevilla,0,1,A,9,9,1,2,2013_14,LaLiga
2014-02-24,Espanol,Villarreal,1,2,A,13,10,6,4,2013_14,LaLiga
2014-02-28,Ath Bilbao,Granada,4,0,H,27,6,10,1,2013_14,LaLiga
2014-03-01,Elche,Celta,1,0,H,9,12,1,3,2013_14,LaLiga
2014-03-01,Getafe,Espanol,0,0,D,15,17,7,3,2013_14,LaLiga
2014-03-01,Levante,Osasuna,2,0,H,7,15,3,4,2013_14,LaLiga
2014-03-01,Malaga,Valladolid,1,1,D,17,8,5,3,2013_14,LaLiga
2014-03-02,Ath Madrid,Real Madrid,2,2,D,11,15,4,6,2013_14,LaLiga
2014-03-02,Barcelona,Almeria,4,1,H,29,6,11,3,2013_14,LaLiga
2014-03-02,Sevilla,Sociedad,1,0,H,10,11,5,3,2013_14,LaLiga
2014-03-02,Vallecano,Valencia,1,0,H,17,11,3,1,2013_14,LaLiga
2014-03-02,Villarreal,Betis,1,1,D,4,11,3,3,2013_14,LaLiga
2014-03-08,Betis,Getafe,2,0,H,17,9,5,2,2013_14,LaLiga
2014-03-08,Celta,Ath Madrid,0,2,A,9,13,2,7,2013_14,LaLiga
2014-03-08,Granada,Villarreal,2,0,H,13,5,4,1,2013_14,LaLiga
2014-03-08,Valladolid,Barcelona,1,0,H,7,13,2,6,2013_14,LaLiga
2014-03-09,Almeria,Sevilla,1,3,A,8,7,5,4,2013_14,LaLiga
2014-03-09,Espanol,Elche,3,1,H,12,12,6,3,2013_14,LaLiga
2014-03-09,Real Madrid,Levante,3,0,H,25,6,10,1,2013_14,LaLiga
2014-03-09,Valencia,Ath Bilbao,1,1,D,13,13,4,4,2013_14,LaLiga
2014-03-10,Osasuna,Malaga,0,2,A,19,11,7,4,2013_14,LaLiga
2014-03-10,Sociedad,Vallecano,2,3,A,15,15,6,4,2013_14,LaLiga
2014-03-14,Getafe,Granada,3,3,D,11,17,5,5,2013_14,LaLiga
2014-03-15,Ath Madrid,Espanol,1,0,H,8,8,2,4,2013_14,LaLiga
2014-03-15,Levante,Celta,0,1,A,18,26,8,8,2013_14,LaLiga
2014-03-15,Malaga,Real Madrid,0,1,A,12,13,4,6,2013_14,LaLiga
2014-03-15,Vallecano,Almeria,3,1,H,14,7,5,2,2013_14,LaLiga
2014-03-16,Barcelona,Osasuna,7,0,H,20,6,11,3,2013_14,LaLiga
2014-03-16,Elche,Betis,0,0,D,12,9,1,3,2013_14,LaLiga
2014-03-16,Sevilla,Valladolid,4,1,H,14,8,6,2,2013_14,LaLiga
2014-03-16,Sociedad,Valencia,1,0,H,9,12,2,3,2013_14,LaLiga
2014-03-17,Villarreal,Ath Bilbao,1,1,D,8,7,3,4,2013_14,LaLiga
2014-03-21,Celta,Malaga,0,2,A,12,9,3,4,2013_14,LaLiga
2014-03-22,Ath Bilbao,Getafe,1,0,H,14,9,8,3,2013_14,LaLiga
2014-03-22,Espanol,Levante,0,0,D,12,6,3,3,2013_14,LaLiga
2014-03-22,Granada,Elche,1,0,H,9,10,4,4,2013_14,LaLiga
2014-03-22,Valladolid,Vallecano,1,1,D,9,16,2,3,2013_14,LaLiga
2014-03-23,Betis,Ath Madrid,0,2,A,5,9,1,2,2013_14,LaLiga
2014-03-23,Osasuna,Sevilla,1,2,A,18,10,3,3,2013_14,LaLiga
2014-03-23,Real Madrid,Barcelona,3,4,A,13,18,8,6,2013_14,LaLiga
2014-03-23,Valencia,Villarreal,2,1,H,14,4,5,1,2013_14,LaLiga
2014-03-24,Almeria,Sociedad,4,3,H,14,23,8,11,2013_14,LaLiga
2014-03-25,Elche,Ath Bilbao,0,0,D,12,8,2,1,2013_14,LaLiga
2014-03-25,Malaga,Espanol,1,2,A,16,7,5,4,2013_14,LaLiga
2014-03-26,Ath Madrid,Granada,1,0,H,16,7,5,0,2013_14,LaLiga
2014-03-26,Barcelona,Celta,3,0,H,14,8,6,6,2013_14,LaLiga
2014-03-26,Sevilla,Real Madrid,2,1,H,12,26,3,8,2013_14,LaLiga
2014-03-26,Vallecano,Osasuna,1,0,H,14,7,5,2,2013_14,LaLiga
2014-03-27,Almeria,Valencia,2,2,D,20,15,9,5,2013_14,LaLiga
2014-03-27,Getafe,Villarreal,0,1,A,12,12,1,3,2013_14,LaLiga
2014-03-27,Levante,Betis,1,3,A,9,10,4,5,2013_14,LaLiga
2014-03-27,Sociedad,Valladolid,1,0,H,14,9,7,1,2013_14,LaLiga
2014-03-29,Ath Bilbao,Ath Madrid,1,2,A,13,10,2,3,2013_14,LaLiga
2014-03-29,Celta,Sevilla,1,0,H,14,10,4,3,2013_14,LaLiga
2014-03-29,Espanol,Barcelona,0,1,A,8,20,1,8,2013_14,LaLiga
2014-03-29,Real Madrid,Vallecano,5,0,H,16,15,7,2,2013_14,LaLiga
2014-03-30,Osasuna,Sociedad,1,1,D,15,10,4,3,2013_14,LaLiga
2014-03-30,Valencia,Getafe,1,3,A,19,11,3,6,2013_14,LaLiga
2014-03-30,Valladolid,Almeria,1,0,H,20,14,8,3,2013_14,LaLiga
2014-03-30,Villarreal,Elche,1,1,D,10,7,3,2,2013_14,LaLiga
2014-03-31,Betis,Malaga,1,2,A,11,8,2,4,2013_14,LaLiga
2014-03-31,Granada,Levante,0,2,A,8,15,1,5,2013_14,LaLiga
2014-04-04,Almeria,Osasuna,1,2,A,16,12,3,2,2013_14,LaLiga
2014-04-05,Ath Madrid,Villarreal,1,0,H,6,8,3,1,2013_14,LaLiga
2014-04-05,Barcelona,Betis,3,1,H,12,12,4,4,2013_14,LaLiga
2014-04-05,Sociedad,Real Madrid,0,4,A,13,21,4,7,2013_14,LaLiga
2014-04-05,Vallecano,Celta,3,0,H,14,18,5,7,2013_14,LaLiga
2014-04-06,Elche,Getafe,1,0,H,16,9,3,3,2013_14,LaLiga
2014-04-06,Malaga,Granada,4,1,H,11,10,5,5,2013_14,LaLiga
2014-04-06,Sevilla,Espanol,4,1,H,13,12,5,5,2013_14,LaLiga
2014-04-06,Valladolid,Valencia,0,0,D,11,16,5,7,2013_14,LaLiga
2014-04-07,Levante,Ath Bilbao,1,2,A,11,13,2,5,2013_14,LaLiga
2014-04-11,Osasuna,Valladolid,0,0,D,15,7,1,1,2013_14,LaLiga
2014-04-12,Celta,Sociedad,2,2,D,15,19,7,5,2013_14,LaLiga
2014-04-12,Granada,Barcelona,1,0,H,5,29,4,9,2013_14,LaLiga
2014-04-12,Real Madrid,Almeria,4,0,H,29,5,13,1,2013_14,LaLiga
2014-04-12,Villarreal,Levante,1,0,H,12,7,3,2,2013_14,LaLiga
2014-04-13,Betis,Sevilla,0,2,A,17,7,4,5,2013_14,LaLiga
2014-04-13,Espanol,Vallecano,2,2,D,6,11,2,5,2013_14,LaLiga
2014-04-13,Getafe,Ath Madrid,0,2,A,9,12,2,8,2013_14,LaLiga
2014-04-13,Valencia,Elche,2,1,H,8,11,4,5,2013_14,LaLiga
2014-04-14,Ath Bilbao,Malaga,3,0,H,12,10,6,1,2013_14,LaLiga
2014-04-18,Ath Madrid,Elche,2,0,H,14,8,4,3,2013_14,LaLiga
2014-04-19,Levante,Getafe,0,0,D,11,9,2,4,2013_14,LaLiga
2014-04-19,Osasuna,Valencia,1,1,D,9,13,3,1,2013_14,LaLiga
2014-04-19,Sociedad,Espanol,2,1,H,19,8,8,3,2013_14,LaLiga
2014-04-20,Almeria,Celta,2,4,A,11,14,3,8,2013_14,LaLiga
2014-04-20,Barcelona,Ath Bilbao,2,1,H,17,11,8,4,2013_14,LaLiga
2014-04-20,Sevilla,Granada,4,0,H,10,12,5,2,2013_14,LaLiga
2014-04-20,Vallecano,Betis,3,1,H,16,12,8,3,2013_14,LaLiga
2014-04-21,Malaga,Villarreal,2,0,H,14,4,4,1,2013_14,LaLiga
2014-04-25,Elche,Levante,1,1,D,22,10,3,6,2013_14,LaLiga
2014-04-26,Betis,Sociedad,0,1,A,14,9,2,3,2013_14,LaLiga
2014-04-26,Getafe,Malaga,1,0,H,8,12,3,2,2013_14,LaLiga
2014-04-26,Granada,Vallecano,0,3,A,12,16,1,7,2013_14,LaLiga
2014-04-26,Real Madrid,Osasuna,4,0,H,20,6,10,0,2013_14,LaLiga
2014-04-27,Ath Bilbao,Sevilla,3,1,H,12,9,4,3,2013_14,LaLiga
2014-04-27,Espanol,Almeria,1,2,A,9,10,3,2,2013_14,LaLiga
2014-04-27,Valencia,Ath Madrid,0,1,A,11,9,2,4,2013_14,LaLiga
2014-04-27,Villarreal,Barcelona,2,3,A,5,20,3,7,2013_14,LaLiga
2014-04-28,Celta,Valladolid,4,1,H,13,10,7,4,2013_14,LaLiga
2014-05-02,Vallecano,Ath Bilbao,0,3,A,11,12,3,4,2013_14,LaLiga
2014-05-03,Barcelona,Getafe,2,2,D,21,8,8,5,2013_14,LaLiga
2014-05-03,Malaga,Elche,0,1,A,7,10,2,3,2013_14,LaLiga
2014-05-03,Osasuna,Celta,0,2,A,23,14,11,4,2013_14,LaLiga
2014-05-03,Valladolid,Espanol,1,0,H,10,9,4,3,2013_14,LaLiga
2014-05-04,Almeria,Betis,3,2,H,12,15,6,3,2013_14,LaLiga
2014-05-04,Levante,Ath Madrid,2,0,H,7,23,2,7,2013_14,LaLiga
2014-05-04,Real Madrid,Valencia,2,2,D,32,8,11,5,2013_14,LaLiga
2014-05-04,Sevilla,Villarreal,0,0,D,11,13,3,4,2013_14,LaLiga
2014-05-05,Sociedad,Granada,1,1,D,21,15,6,3,2013_14,LaLiga
2014-05-07,Valladolid,Real Madrid,1,1,D,6,21,1,3,2013_14,LaLiga
2014-05-10,Levante,Valencia,2,0,H,12,19,3,6,2013_14,LaLiga
2014-05-10,Villarreal,Vallecano,4,0,H,22,14,10,2,2013_14,LaLiga
2014-05-11,Ath Bilbao,Sociedad,1,1,D,12,13,6,5,2013_14,LaLiga
2014-05-11,Ath Madrid,Malaga,1,1,D,17,10,5,4,2013_14,LaLiga
2014-05-11,Betis,Valladolid,4,3,H,21,13,7,8,2013_14,LaLiga
2014-05-11,Celta,Real Madrid,2,0,H,13,18,6,6,2013_14,LaLiga
2014-05-11,Elche,Barcelona,0,0,D,6,20,0,6,2013_14,LaLiga
2014-05-11,Espanol,Osasuna,1,1,D,7,9,2,2,2013_14,LaLiga
2014-05-11,Getafe,Sevilla,1,0,H,14,4,6,1,2013_14,LaLiga
2014-05-11,Granada,Almeria,0,2,A,16,8,3,3,2013_14,LaLiga
2014-05-16,Malaga,Levante,1,0,H,25,2,11,0,2013_14,LaLiga
2014-05-17,Barcelona,Ath Madrid,1,1,D,11,12,4,3,2013_14,LaLiga
2014-05-17,Real Madrid,Espanol,3,1,H,17,13,7,2,2013_14,LaLiga
2014-05-17,Valencia,Celta,2,1,H,14,9,7,4,2013_14,LaLiga
2014-05-18,Almeria,Ath Bilbao,0,0,D,10,13,1,1,2013_14,LaLiga
2014-05-18,Osasuna,Betis,2,1,H,14,16,3,8,2013_14,LaLiga
2014-05-18,Sevilla,Elche,3,1,H,15,14,5,4,2013_14,LaLiga
2014-05-18,Sociedad,Villarreal,1,2,A,13,15,3,5,2013_14,LaLiga
2014-05-18,Valladolid,Granada,0,1,A,10,6,4,3,2013_14,LaLiga
2014-05-18,Vallecano,Getafe,1,2,A,16,15,4,4,2013_14,LaLiga
2014-08-23,Almeria,Espanol,1,1,D,19,12,6,2,2014_15,LaLiga
2014-08-23,Granada,La Coruna,2,1,H,10,7,3,1,2014_15,LaLiga
2014-08-23,Malaga,Ath Bilbao,1,0,H,12,12,3,5,2014_15,LaLiga
2014-08-23,Sevilla,Valencia,1,1,D,10,11,3,1,2014_15,LaLiga
2014-08-24,Barcelona,Elche,3,0,H,12,3,6,0,2014_15,LaLiga
2014-08-24,Celta,Getafe,3,1,H,20,12,8,3,2014_15,LaLiga
2014-08-24,Eibar,Sociedad,1,0,H,12,19,5,4,2014_15,LaLiga
2014-08-24,Levante,Villarreal,0,2,A,9,12,2,6,2014_15,LaLiga
2014-08-25,Real Madrid,Cordoba,2,0,H,14,8,8,2,2014_15,LaLiga
2014-08-25,Vallecano,Ath Madrid,0,0,D,8,9,2,2,2014_15,LaLiga
2014-08-29,Getafe,Almeria,1,0,H,12,11,3,4,2014_15,LaLiga
2014-08-29,Valencia,Malaga,3,0,H,14,17,4,4,2014_15,LaLiga
2014-08-30,Ath Bilbao,Levante,3,0,H,10,10,5,2,2014_15,LaLiga
2014-08-30,Ath Madrid,Eibar,2,1,H,15,8,6,2,2014_15,LaLiga
2014-08-30,Cordoba,Celta,1,1,D,6,9,1,4,2014_15,LaLiga
2014-08-30,Espanol,Sevilla,1,2,A,4,13,2,6,2014_15,LaLiga
2014-08-31,Elche,Granada,1,1,D,15,5,3,4,2014_15,LaLiga
2014-08-31,La Coruna,Vallecano,2,2,D,10,12,5,2,2014_15,LaLiga
2014-08-31,Sociedad,Real Madrid,4,2,H,13,19,5,5,2014_15,LaLiga
2014-08-31,Villarreal,Barcelona,0,1,A,9,20,0,8,2014_15,LaLiga
2014-09-12,Almeria,Cordoba,1,1,D,12,11,2,4,2014_15,LaLiga
2014-09-13,Barcelona,Ath Bilbao,2,0,H,15,3,8,2,2014_15,LaLiga
2014-09-13,Celta,Sociedad,2,2,D,13,20,6,5,2014_15,LaLiga
2014-09-13,Malaga,Levante,0,0,D,18,10,7,0,2014_15,LaLiga
2014-09-13,Real Madrid,Ath Madrid,1,2,A,21,9,4,2,2014_15,LaLiga
2014-09-14,Granada,Villarreal,0,0,D,9,14,3,3,2014_15,LaLiga
2014-09-14,Sevilla,Getafe,2,0,H,12,7,4,1,2014_15,LaLiga
2014-09-14,Valencia,Espanol,3,1,H,11,8,6,3,2014_15,LaLiga
2014-09-14,Vallecano,Elche,2,3,A,14,12,4,5,2014_15,LaLiga
2014-09-15,Eibar,La Coruna,0,1,A,14,4,2,1,2014_15,LaLiga
2014-09-19,Elche,Eibar,0,2,A,15,8,6,4,2014_15,LaLiga
2014-09-20,Ath Bilbao,Granada,0,1,A,13,3,5,2,2014_15,LaLiga
2014-09-20,Ath Madrid,Celta,2,2,D,18,5,8,5,2014_15,LaLiga
2014-09-20,Espanol,Malaga,2,2,D,13,9,8,3,2014_15,LaLiga
2014-09-20,La Coruna,Real Madrid,2,8,A,14,19,5,13,2014_15,LaLiga
2014-09-21,Cordoba,Sevilla,1,3,A,9,15,3,8,2014_15,LaLiga
2014-09-21,Levante,Barcelona,0,5,A,9,17,2,8,2014_15,LaLiga
2014-09-21,Sociedad,Almeria,1,2,A,22,13,6,5,2014_15,LaLiga
2014-09-21,Villarreal,Vallecano,4,2,H,19,10,9,3,2014_15,LaLiga
2014-09-22,Getafe,Valencia,0,3,A,12,7,5,3,2014_15,LaLiga
2014-09-23,Celta,La Coruna,2,1,H,11,5,4,3,2014_15,LaLiga
2014-09-23,Real Madrid,Elche,5,1,H,23,10,12,3,2014_15,LaLiga
2014-09-24,Almeria,Ath Madrid,0,1,A,6,19,1,9,2014_15,LaLiga
2014-09-24,Eibar,Villarreal,1,1,D,7,15,3,4,2014_15,LaLiga
2014-09-24,Granada,Levante,0,1,A,8,10,0,4,2014_15,LaLiga
2014-09-24,Malaga,Barcelona,0,0,D,6,10,2,0,2014_15,LaLiga
2014-09-24,Sevilla,Sociedad,1,0,H,19,8,8,1,2014_15,LaLiga
2014-09-24,Vallecano,Ath Bilbao,2,1,H,15,8,5,3,2014_15,LaLiga
2014-09-25,Espanol,Getafe,2,0,H,10,6,4,2,2014_15,LaLiga
2014-09-25,Valencia,Cordoba,3,0,H,17,2,7,1,2014_15,LaLiga
2014-09-26,Elche,Celta,0,1,A,14,16,3,4,2014_15,LaLiga
2014-09-27,Ath Bilbao,Eibar,0,0,D,13,10,1,2,2014_15,LaLiga
2014-09-27,Ath Madrid,Sevilla,4,0,H,11,4,6,1,2014_15,LaLiga
2014-09-27,Barcelona,Granada,6,0,H,19,9,12,1,2014_15,LaLiga
2014-09-27,Levante,Vallecano,0,2,A,7,13,0,5,2014_15,LaLiga
2014-09-27,Villarreal,Real Madrid,0,2,A,19,11,5,3,2014_15,LaLiga
2014-09-28,Cordoba,Espanol,0,0,D,10,4,4,2,2014_15,LaLiga
2014-09-28,Getafe,Malaga,1,0,H,9,10,3,0,2014_15,LaLiga
2014-09-28,La Coruna,Almeria,0,1,A,8,15,1,6,2014_15,LaLiga
2014-09-28,Sociedad,Valencia,1,1,D,18,7,5,2,2014_15,LaLiga
2014-10-03,Getafe,Cordoba,1,1,D,18,10,5,3,2014_15,LaLiga
2014-10-04,Almeria,Elche,2,2,D,16,6,3,3,2014_15,LaLiga
2014-10-04,Eibar,Levante,3,3,D,14,13,6,5,2014_15,LaLiga
2014-10-04,Malaga,Granada,2,1,H,17,8,3,5,2014_15,LaLiga
2014-10-04,Valencia,Ath Madrid,3,1,H,6,19,3,5,2014_15,LaLiga
2014-10-04,Vallecano,Barcelona,0,2,A,14,18,4,7,2014_15,LaLiga
2014-10-05,Celta,Villarreal,1,3,A,15,11,6,4,2014_15,LaLiga
2014-10-05,Espanol,Sociedad,2,0,H,10,13,4,4,2014_15,LaLiga
2014-10-05,Real Madrid,Ath Bilbao,5,0,H,19,6,14,5,2014_15,LaLiga
2014-10-05,Sevilla,La Coruna,4,1,H,16,7,10,5,2014_15,LaLiga
2014-10-17,Granada,Vallecano,0,1,A,9,8,1,2,2014_15,LaLiga
2014-10-18,Ath Bilbao,Celta,1,1,D,13,4,4,1,2014_15,LaLiga
2014-10-18,Barcelona,Eibar,3,0,H,27,4,12,2,2014_15,LaLiga
2014-10-18,Cordoba,Malaga,1,2,A,8,8,2,4,2014_15,LaLiga
2014-10-18,Levante,Real Madrid,0,5,A,11,21,1,11,2014_15,LaLiga
2014-10-19,Ath Madrid,Espanol,2,0,H,20,7,9,1,2014_15,LaLiga
2014-10-19,Elche,Sevilla,0,2,A,12,10,1,7,2014_15,LaLiga
2014-10-19,La Coruna,Valencia,3,0,H,11,8,5,1,2014_15,LaLiga
2014-10-19,Villarreal,Almeria,2,0,H,17,10,8,3,2014_15,LaLiga
2014-10-20,Sociedad,Getafe,1,2,A,13,16,2,7,2014_15,LaLiga
2014-10-24,Celta,Levante,3,0,H,13,4,4,0,2014_15,LaLiga
2014-10-25,Almeria,Ath Bilbao,0,1,A,7,6,3,1,2014_15,LaLiga
2014-10-25,Cordoba,Sociedad,1,1,D,7,7,3,1,2014_15,LaLiga
2014-10-25,Eibar,Granada,1,1,D,7,8,3,3,2014_15,LaLiga
2014-10-25,Real Madrid,Barcelona,3,1,H,18,16,6,5,2014_15,LaLiga
2014-10-25,Valencia,Elche,3,1,H,12,8,4,3,2014_15,LaLiga
2014-10-26,Espanol,La Coruna,0,0,D,16,5,5,1,2014_15,LaLiga
2014-10-26,Getafe,Ath Madrid,0,1,A,11,12,4,7,2014_15,LaLiga
2014-10-26,Malaga,Vallecano,4,0,H,18,10,8,4,2014_15,LaLiga
2014-10-26,Sevilla,Villarreal,2,1,H,8,11,4,4,2014_15,LaLiga
2014-10-31,La Coruna,Getafe,1,2,A,9,16,2,4,2014_15,LaLiga
2014-11-01,Ath Madrid,Cordoba,4,2,H,16,8,8,4,2014_15,LaLiga
2014-11-01,Barcelona,Celta,0,1,A,19,10,9,4,2014_15,LaLiga
2014-11-01,Granada,Real Madrid,0,4,A,11,18,5,8,2014_15,LaLiga
2014-11-01,Sociedad,Malaga,0,1,A,5,6,0,2,2014_15,LaLiga
2014-11-02,Ath Bilbao,Sevilla,1,0,H,9,4,2,1,2014_15,LaLiga
2014-11-02,Elche,Espanol,2,1,H,11,15,5,5,2014_15,LaLiga
2014-11-02,Levante,Almeria,2,1,H,11,14,5,5,2014_15,LaLiga
2014-11-02,Villarreal,Valencia,1,3,A,14,6,4,3,2014_15,LaLiga
2014-11-03,Vallecano,Eibar,2,3,A,16,8,6,5,2014_15,LaLiga
2014-11-07,Cordoba,La Coruna,0,0,D,14,6,6,2,2014_15,LaLiga
2014-11-08,Almeria,Barcelona,1,2,A,6,18,2,6,2014_15,LaLiga
2014-11-08,Celta,Granada,0,0,D,17,8,5,1,2014_15,LaLiga
2014-11-08,Getafe,Elche,0,0,D,16,11,3,5,2014_15,LaLiga
2014-11-08,Malaga,Eibar,2,1,H,15,7,8,3,2014_15,LaLiga
2014-11-08,Real Madrid,Vallecano,5,1,H,16,15,11,6,2014_15,LaLiga
2014-11-09,Espanol,Villarreal,1,1,D,11,9,4,5,2014_15,LaLiga
2014-11-09,Sevilla,Levante,1,1,D,15,16,6,5,2014_15,LaLiga
2014-11-09,Sociedad,Ath Madrid,2,1,H,11,4,5,2,2014_15,LaLiga
2014-11-09,Valencia,Ath Bilbao,0,0,D,8,4,1,1,2014_15,LaLiga
2014-11-21,Ath Bilbao,Espanol,3,1,H,9,8,5,3,2014_15,LaLiga
2014-11-22,Ath Madrid,Malaga,3,1,H,11,4,5,1,2014_15,LaLiga
2014-11-22,Barcelona,Sevilla,5,1,H,16,2,10,0,2014_15,LaLiga
2014-11-22,Eibar,Real Madrid,0,4,A,10,19,2,8,2014_15,LaLiga
2014-11-22,La Coruna,Sociedad,0,0,D,11,17,4,5,2014_15,LaLiga
2014-11-23,Elche,Cordoba,2,2,D,17,10,6,3,2014_15,LaLiga
2014-11-23,Levante,Valencia,2,1,H,10,17,5,6,2014_15,LaLiga
2014-11-23,Vallecano,Celta,1,0,H,9,14,3,4,2014_15,LaLiga
2014-11-23,Villarreal,Getafe,2,1,H,10,15,4,5,2014_15,LaLiga
2014-11-24,Granada,Almeria,0,0,D,24,3,11,1,2014_15,LaLiga
2014-11-28,Sociedad,Elche,3,0,H,12,13,8,5,2014_15,LaLiga
2014-11-29,Celta,Eibar,0,1,A,29,8,9,2,2014_15,LaLiga
2014-11-29,Espanol,Levante,2,1,H,10,16,4,3,2014_15,LaLiga
2014-11-29,Getafe,Ath Bilbao,1,2,A,14,8,7,3,2014_15,LaLiga
2014-11-29,Malaga,Real Madrid,1,2,A,12,21,7,9,2014_15,LaLiga
2014-11-30,Ath Madrid,La Coruna,2,0,H,9,3,4,1,2014_15,LaLiga
2014-11-30,Cordoba,Villarreal,0,2,A,11,10,2,7,2014_15,LaLiga
2014-11-30,Sevilla,Granada,5,1,H,13,9,8,4,2014_15,LaLiga
2014-11-30,Valencia,Barcelona,0,1,A,12,7,4,1,2014_15,LaLiga
2014-12-01,Almeria,Vallecano,0,1,A,11,11,1,4,2014_15,LaLiga
2014-12-06,Ath Bilbao,Cordoba,0,1,A,15,7,3,3,2014_15,LaLiga
2014-12-06,Elche,Ath Madrid,0,2,A,8,4,1,3,2014_15,LaLiga
2014-12-06,La Coruna,Malaga,0,1,A,14,8,6,3,2014_15,LaLiga
2014-12-06,Real Madrid,Celta,3,0,H,20,9,11,0,2014_15,LaLiga
2014-12-07,Barcelona,Espanol,5,1,H,15,3,7,2,2014_15,LaLiga
2014-12-07,Granada,Valencia,1,1,D,9,9,2,1,2014_15,LaLiga
2014-12-07,Vallecano,Sevilla,0,1,A,11,11,3,6,2014_15,LaLiga
2014-12-07,Villarreal,Sociedad,4,0,H,24,12,9,2,2014_15,LaLiga
2014-12-08,Eibar,Almeria,5,2,H,17,14,8,3,2014_15,LaLiga
2014-12-08,Levante,Getafe,1,1,D,16,5,3,1,2014_15,LaLiga
2014-12-12,Almeria,Real Madrid,1,4,A,16,15,3,8,2014_15,LaLiga
2014-12-13,Cordoba,Levante,0,0,D,13,12,4,3,2014_15,LaLiga
2014-12-13,Getafe,Barcelona,0,0,D,4,23,2,2,2014_15,LaLiga
2014-12-13,Malaga,Celta,1,0,H,12,14,4,8,2014_15,LaLiga
2014-12-13,Valencia,Vallecano,3,0,H,14,19,6,4,2014_15,LaLiga
2014-12-14,Ath Madrid,Villarreal,0,1,A,11,7,2,4,2014_15,LaLiga
2014-12-14,Espanol,Granada,2,1,H,12,7,4,6,2014_15,LaLiga
2014-12-14,Sevilla,Eibar,0,0,D,16,6,2,2,2014_15,LaLiga
2014-12-14,Sociedad,Ath Bilbao,1,1,D,14,12,4,5,2014_15,LaLiga
2014-12-15,La Coruna,Elche,1,0,H,15,10,3,4,2014_15,LaLiga
2014-12-19,Celta,Almeria,0,1,A,19,4,4,2,2014_15,LaLiga
2014-12-20,Barcelona,Cordoba,5,0,H,16,7,9,2,2014_15,LaLiga
2014-12-20,Eibar,Valencia,0,1,A,8,10,2,3,2014_15,LaLiga
2014-12-20,Levante,Sociedad,1,1,D,11,3,2,2,2014_15,LaLiga
2014-12-20,Vallecano,Espanol,1,3,A,16,7,5,4,2014_15,LaLiga
2014-12-21,Ath Bilbao,Ath Madrid,1,4,A,4,5,2,4,2014_15,LaLiga
2014-12-21,Elche,Malaga,1,2,A,9,19,3,10,2014_15,LaLiga
2014-12-21,Granada,Getafe,1,1,D,13,12,3,4,2014_15,LaLiga
2014-12-21,Villarreal,La Coruna,3,0,H,15,10,9,2,2014_15,LaLiga
2015-01-03,Ath Madrid,Levante,3,1,H,13,10,5,4,2014_15,LaLiga
2015-01-03,Elche,Villarreal,2,2,D,18,18,8,5,2014_15,LaLiga
2015-01-03,La Coruna,Ath Bilbao,1,0,H,8,12,4,4,2014_15,LaLiga
2015-01-03,Malaga,Almeria,1,2,A,14,6,6,4,2014_15,LaLiga
2015-01-03,Sevilla,Celta,1,0,H,10,16,4,2,2014_15,LaLiga
2015-01-04,Espanol,Eibar,1,2,A,15,12,6,6,2014_15,LaLiga
2015-01-04,Getafe,Vallecano,1,2,A,12,16,4,7,2014_15,LaLiga
2015-01-04,Sociedad,Barcelona,1,0,H,6,17,1,4,2014_15,LaLiga
2015-01-04,Valencia,Real Madrid,2,1,H,11,19,3,8,2014_15,LaLiga
2015-01-05,Cordoba,Granada,2,0,H,5,12,3,1,2014_15,LaLiga
2015-01-09,Levante,La Coruna,0,0,D,9,13,0,6,2014_15,LaLiga
2015-01-10,Celta,Valencia,1,1,D,14,4,4,2,2014_15,LaLiga
2015-01-10,Eibar,Getafe,2,1,H,12,7,5,3,2014_15,LaLiga
2015-01-10,Malaga,Villarreal,1,1,D,13,9,6,4,2014_15,LaLiga
2015-01-10,Real Madrid,Espanol,3,0,H,18,11,5,4,2014_15,LaLiga
2015-01-11,Almeria,Sevilla,0,2,A,19,12,6,6,2014_15,LaLiga
2015-01-11,Ath Bilbao,Elche,1,2,A,13,8,3,5,2014_15,LaLiga
2015-01-11,Barcelona,Ath Madrid,3,1,H,17,5,7,3,2014_15,LaLiga
2015-01-11,Granada,Sociedad,1,1,D,20,10,3,5,2014_15,LaLiga
2015-01-12,Vallecano,Cordoba,0,1,A,21,9,4,3,2014_15,LaLiga
2015-01-16,Cordoba,Eibar,1,1,D,14,6,5,1,2014_15,LaLiga
2015-01-17,Espanol,Celta,1,0,H,15,3,3,2,2014_15,LaLiga
2015-01-17,Sociedad,Vallecano,0,1,A,10,12,2,4,2014_15,LaLiga
2015-01-17,Valencia,Almeria,3,2,H,15,8,8,2,2014_15,LaLiga
2015-01-17,Villarreal,Ath Bilbao,2,0,H,19,11,6,5,2014_15,LaLiga
2015-01-18,Ath Madrid,Granada,2,0,H,12,5,3,1,2014_15,LaLiga
2015-01-18,Elche,Levante,1,0,H,15,9,6,2,2014_15,LaLiga
2015-01-18,Getafe,Real Madrid,0,3,A,6,24,0,9,2014_15,LaLiga
2015-01-18,La Coruna,Barcelona,0,4,A,7,14,2,6,2014_15,LaLiga
2015-01-18,Sevilla,Malaga,2,0,H,4,4,3,1,2014_15,LaLiga
2015-01-24,Ath Madrid,Vallecano,3,1,H,12,10,5,3,2014_15,LaLiga
2015-01-24,Cordoba,Real Madrid,1,2,A,16,13,4,4,2014_15,LaLiga
2015-01-24,Elche,Barcelona,0,6,A,6,12,3,8,2014_15,LaLiga
2015-01-24,Sociedad,Eibar,1,0,H,19,9,4,4,2014_15,LaLiga
2015-01-24,Villarreal,Levante,1,0,H,15,11,4,1,2014_15,LaLiga
2015-01-25,Ath Bilbao,Malaga,1,1,D,11,8,5,3,2014_15,LaLiga
2015-01-25,Espanol,Almeria,3,0,H,18,9,9,1,2014_15,LaLiga
2015-01-25,La Coruna,Granada,2,2,D,13,5,7,2,2014_15,LaLiga
2015-01-25,Valencia,Sevilla,3,1,H,13,10,8,6,2014_15,LaLiga
2015-01-26,Getafe,Celta,2,1,H,13,7,6,2,2014_15,LaLiga
2015-01-30,Vallecano,La Coruna,1,2,A,11,13,4,6,2014_15,LaLiga
2015-01-31,Celta,Cordoba,1,0,H,19,8,9,3,2014_15,LaLiga
2015-01-31,Eibar,Ath Madrid,1,3,A,11,8,3,5,2014_15,LaLiga
2015-01-31,Granada,Elche,1,0,H,14,5,2,1,2014_15,LaLiga
2015-01-31,Real Madrid,Sociedad,4,1,H,26,8,11,2,2014_15,LaLiga
2015-02-01,Almeria,Getafe,1,0,H,12,12,7,7,2014_15,LaLiga
2015-02-01,Barcelona,Villarreal,3,2,H,19,9,7,3,2014_15,LaLiga
2015-02-01,Levante,Ath Bilbao,0,2,A,10,14,4,5,2014_15,LaLiga
2015-02-01,Sevilla,Espanol,3,2,H,22,5,7,2,2014_15,LaLiga
2015-02-02,Malaga,Valencia,1,0,H,13,10,6,3,2014_15,LaLiga
2015-02-04,Real Madrid,Sevilla,2,1,H,14,15,4,3,2014_15,LaLiga
2015-02-06,La Coruna,Eibar,2,0,H,15,4,5,2,2014_15,LaLiga
2015-02-07,Ath Madrid,Real Madrid,4,0,H,17,4,8,1,2014_15,LaLiga
2015-02-07,Levante,Malaga,4,1,H,11,4,6,3,2014_15,LaLiga
2015-02-07,Sociedad,Celta,1,1,D,7,12,3,3,2014_15,LaLiga
2015-02-07,Villarreal,Granada,2,0,H,9,11,6,3,2014_15,LaLiga
2015-02-08,Ath Bilbao,Barcelona,2,5,A,15,19,6,11,2014_15,LaLiga
2015-02-08,Cordoba,Almeria,1,2,A,14,8,7,2,2014_15,LaLiga
2015-02-08,Espanol,Valencia,1,2,A,9,13,3,5,2014_15,LaLiga
2015-02-08,Getafe,Sevilla,2,1,H,18,9,8,2,2014_15,LaLiga
2015-02-09,Elche,Vallecano,2,0,H,18,11,5,3,2014_15,LaLiga
2015-02-13,Almeria,Sociedad,2,2,D,9,7,4,3,2014_15,LaLiga
2015-02-14,Granada,Ath Bilbao,0,0,D,11,10,4,0,2014_15,LaLiga
2015-02-14,Malaga,Espanol,0,2,A,17,6,5,2,2014_15,LaLiga
2015-02-14,Real Madrid,La Coruna,2,0,H,17,15,6,4,2014_15,LaLiga
2015-02-14,Sevilla,Cordoba,3,0,H,18,10,6,3,2014_15,LaLiga
2015-02-15,Barcelona,Levante,5,0,H,18,5,10,1,2014_15,LaLiga
2015-02-15,Celta,Ath Madrid,2,0,H,14,10,3,5,2014_15,LaLiga
2015-02-15,Valencia,Getafe,1,0,H,13,10,3,1,2014_15,LaLiga
2015-02-15,Vallecano,Villarreal,2,0,H,13,9,7,2,2014_15,LaLiga
2015-02-16,Eibar,Elche,0,1,A,18,6,7,2,2014_15,LaLiga
2015-02-20,Getafe,Espanol,2,1,H,10,11,4,7,2014_15,LaLiga
2015-02-21,Ath Madrid,Almeria,3,0,H,9,9,6,1,2014_15,LaLiga
2015-02-21,Barcelona,Malaga,0,1,A,11,11,5,3,2014_15,LaLiga
2015-02-21,Cordoba,Valencia,1,2,A,11,17,4,7,2014_15,LaLiga
2015-02-21,La Coruna,Celta,0,2,A,14,8,4,5,2014_15,LaLiga
2015-02-22,Ath Bilbao,Vallecano,1,0,H,19,5,6,1,2014_15,LaLiga
2015-02-22,Elche,Real Madrid,0,2,A,4,17,1,5,2014_15,LaLiga
2015-02-22,Sociedad,Sevilla,4,3,H,17,17,8,5,2014_15,LaLiga
2015-02-22,Villarreal,Eibar,1,0,H,21,10,6,1,2014_15,LaLiga
2015-02-23,Levante,Granada,2,1,H,9,10,4,4,2014_15,LaLiga
2015-02-27,Espanol,Cordoba,1,0,H,12,16,4,4,2014_15,LaLiga
2015-02-28,Almeria,La Coruna,0,0,D,10,25,3,9,2014_15,LaLiga
2015-02-28,Granada,Barcelona,1,3,A,10,16,4,9,2014_15,LaLiga
2015-02-28,Malaga,Getafe,3,2,H,16,10,6,6,2014_15,LaLiga
2015-02-28,Vallecano,Levante,4,2,H,13,10,7,3,2014_15,LaLiga
2015-03-01,Eibar,Ath Bilbao,0,1,A,6,13,2,8,2014_15,LaLiga
2015-03-01,Real Madrid,Villarreal,1,1,D,25,9,7,4,2014_15,LaLiga
2015-03-01,Sevilla,Ath Madrid,0,0,D,13,9,4,2,2014_15,LaLiga
2015-03-01,Valencia,Sociedad,2,0,H,19,8,3,0,2014_15,LaLiga
2015-03-02,Celta,Elche,1,1,D,11,7,5,1,2014_15,LaLiga
2015-03-06,Levante,Eibar,2,1,H,12,14,4,3,2014_15,LaLiga
2015-03-07,Ath Bilbao,Real Madrid,1,0,H,6,13,2,2,2014_15,LaLiga
2015-03-07,Elche,Almeria,1,0,H,15,9,4,2,2014_15,LaLiga
2015-03-07,Granada,Malaga,1,0,H,14,5,4,1,2014_15,LaLiga
2015-03-07,La Coruna,Sevilla,3,4,A,15,11,5,6,2014_15,LaLiga
2015-03-08,Ath Madrid,Valencia,1,1,D,8,3,3,1,2014_15,LaLiga
2015-03-08,Barcelona,Vallecano,6,1,H,19,7,12,3,2014_15,LaLiga
2015-03-08,Sociedad,Espanol,1,0,H,10,9,4,4,2014_15,LaLiga
2015-03-08,Villarreal,Celta,4,1,H,12,13,8,4,2014_15,LaLiga
2015-03-09,Cordoba,Getafe,1,2,A,18,15,4,7,2014_15,LaLiga
2015-03-13,Valencia,La Coruna,2,0,H,16,5,8,2,2014_15,LaLiga
2015-03-14,Celta,Ath Bilbao,1,2,A,16,12,5,4,2014_15,LaLiga
2015-03-14,Eibar,Barcelona,0,2,A,13,12,2,4,2014_15,LaLiga
2015-03-14,Espanol,Ath Madrid,0,0,D,7,14,1,6,2014_15,LaLiga
2015-03-14,Vallecano,Granada,3,1,H,16,11,8,3,2014_15,LaLiga
2015-03-15,Almeria,Villarreal,0,0,D,10,18,2,7,2014_15,LaLiga
2015-03-15,Malaga,Cordoba,2,0,H,19,4,6,2,2014_15,LaLiga
2015-03-15,Real Madrid,Levante,2,0,H,22,8,6,0,2014_15,LaLiga
2015-03-15,Sevilla,Elche,3,0,H,12,14,4,3,2014_15,LaLiga
2015-03-16,Getafe,Sociedad,0,1,A,14,10,5,4,2014_15,LaLiga
2015-03-20,Elche,Valencia,0,4,A,7,10,1,5,2014_15,LaLiga
2015-03-21,Ath Bilbao,Almeria,2,1,H,19,7,6,1,2014_15,LaLiga
2015-03-21,Ath Madrid,Getafe,2,0,H,15,5,6,1,2014_15,LaLiga
2015-03-21,Granada,Eibar,0,0,D,17,4,4,1,2014_15,LaLiga
2015-03-21,Levante,Celta,0,1,A,9,17,3,5,2014_15,LaLiga
2015-03-21,Vallecano,Malaga,1,0,H,11,6,2,2,2014_15,LaLiga
2015-03-22,Barcelona,Real Madrid,2,1,H,17,13,5,4,2014_15,LaLiga
2015-03-22,La Coruna,Espanol,0,0,D,14,7,1,2,2014_15,LaLiga
2015-03-22,Sociedad,Cordoba,3,1,H,19,11,3,6,2014_15,LaLiga
2015-03-22,Villarreal,Sevilla,0,2,A,23,9,5,5,2014_15,LaLiga
2015-04-03,Eibar,Vallecano,1,2,A,12,13,4,8,2014_15,LaLiga
2015-04-04,Almeria,Levante,1,4,A,9,15,3,5,2014_15,LaLiga
2015-04-04,Cordoba,Ath Madrid,0,2,A,11,8,2,4,2014_15,LaLiga
2015-04-04,Malaga,Sociedad,1,1,D,13,9,6,3,2014_15,LaLiga
2015-04-04,Sevilla,Ath Bilbao,2,0,H,9,14,5,2,2014_15,LaLiga
2015-04-05,Celta,Barcelona,0,1,A,7,12,1,3,2014_15,LaLiga
2015-04-05,Getafe,La Coruna,2,1,H,11,9,4,2,2014_15,LaLiga
2015-04-05,Real Madrid,Granada,9,1,H,29,11,11,6,2014_15,LaLiga
2015-04-05,Valencia,Villarreal,0,0,D,13,5,3,2,2014_15,LaLiga
2015-04-06,Espanol,Elche,1,1,D,5,8,3,2,2014_15,LaLiga
2015-04-07,Ath Madrid,Sociedad,2,0,H,12,9,3,2,2014_15,LaLiga
2015-04-07,Eibar,Malaga,1,0,H,8,14,5,4,2014_15,LaLiga
2015-04-07,Levante,Sevilla,1,2,A,19,12,6,5,2014_15,LaLiga
2015-04-08,Barcelona,Almeria,4,0,H,19,6,12,3,2014_15,LaLiga
2015-04-08,Granada,Celta,1,1,D,8,12,3,4,2014_15,LaLiga
2015-04-08,La Coruna,Cordoba,1,1,D,8,16,2,7,2014_15,LaLiga
2015-04-08,Vallecano,Real Madrid,0,2,A,20,17,8,5,2014_15,LaLiga
2015-04-09,Ath Bilbao,Valencia,1,1,D,12,7,4,4,2014_15,LaLiga
2015-04-09,Elche,Getafe,0,1,A,16,9,2,4,2014_15,LaLiga
2015-04-09,Villarreal,Espanol,0,3,A,7,14,2,4,2014_15,LaLiga
2015-04-11,Almeria,Granada,3,0,H,17,15,9,3,2014_15,LaLiga
2015-04-11,Celta,Vallecano,6,1,H,17,12,10,4,2014_15,LaLiga
2015-04-11,Malaga,Ath Madrid,2,2,D,11,11,3,5,2014_15,LaLiga
2015-04-11,Real Madrid,Eibar,3,0,H,24,4,13,2,2014_15,LaLiga
2015-04-11,Sevilla,Barcelona,2,2,D,11,17,2,7,2014_15,LaLiga
2015-04-12,Cordoba,Elche,0,2,A,14,7,2,3,2014_15,LaLiga
2015-04-12,Espanol,Ath Bilbao,1,0,H,5,10,1,2,2014_15,LaLiga
2015-04-12,Getafe,Villarreal,1,1,D,12,9,2,4,2014_15,LaLiga
2015-04-12,Sociedad,La Coruna,2,2,D,9,16,4,5,2014_15,LaLiga
2015-04-13,Valencia,Levante,3,0,H,13,11,5,1,2014_15,LaLiga
2015-04-17,Levante,Espanol,2,2,D,13,12,3,6,2014_15,LaLiga
2015-04-18,Ath Bilbao,Getafe,4,0,H,27,1,8,1,2014_15,LaLiga
2015-04-18,Barcelona,Valencia,2,0,H,11,11,5,3,2014_15,LaLiga
2015-04-18,La Coruna,Ath Madrid,1,2,A,9,15,2,10,2014_15,LaLiga
2015-04-18,Real Madrid,Malaga,3,1,H,12,11,6,2,2014_15,LaLiga
2015-04-19,Eibar,Celta,0,1,A,11,17,3,5,2014_15,LaLiga
2015-04-19,Granada,Sevilla,1,1,D,6,16,2,3,2014_15,LaLiga
2015-04-19,Vallecano,Almeria,2,0,H,13,8,9,3,2014_15,LaLiga
2015-04-19,Villarreal,Cordoba,0,0,D,28,9,7,4,2014_15,LaLiga
2015-04-20,Elche,Sociedad,1,0,H,9,4,2,2,2014_15,LaLiga
2015-04-24,Cordoba,Ath Bilbao,0,1,A,22,15,2,4,2014_15,LaLiga
2015-04-25,Ath Madrid,Elche,3,0,H,18,14,9,3,2014_15,LaLiga
2015-04-25,Espanol,Barcelona,0,2,A,7,12,2,5,2014_15,LaLiga
2015-04-25,Getafe,Levante,0,1,A,10,9,2,3,2014_15,LaLiga
2015-04-25,Sociedad,Villarreal,0,0,D,13,19,2,4,2014_15,LaLiga
2015-04-26,Almeria,Eibar,2,0,H,9,8,3,5,2014_15,LaLiga
2015-04-26,Celta,Real Madrid,2,4,A,20,10,4,7,2014_15,LaLiga
2015-04-26,Malaga,La Coruna,1,1,D,14,12,5,3,2014_15,LaLiga
2015-04-26,Sevilla,Vallecano,2,0,H,12,22,7,3,2014_15,LaLiga
2015-04-27,Valencia,Granada,4,0,H,13,5,6,0,2014_15,LaLiga
2015-04-28,Ath Bilbao,Sociedad,1,1,D,11,13,3,8,2014_15,LaLiga
2015-04-28,Barcelona,Getafe,6,0,H,21,7,12,3,2014_15,LaLiga
2015-04-28,Levante,Cordoba,1,0,H,13,8,3,1,2014_15,LaLiga
2015-04-29,Celta,Malaga,1,0,H,14,7,2,2,2014_15,LaLiga
2015-04-29,Eibar,Sevilla,1,3,A,15,12,3,6,2014_15,LaLiga
2015-04-29,Elche,La Coruna,4,0,H,12,10,7,5,2014_15,LaLiga
2015-04-29,Real Madrid,Almeria,3,0,H,18,7,4,0,2014_15,LaLiga
2015-04-29,Villarreal,Ath Madrid,0,1,A,13,12,3,3,2014_15,LaLiga
2015-04-30,Granada,Espanol,1,2,A,16,7,4,3,2014_15,LaLiga
2015-04-30,Vallecano,Valencia,1,1,D,9,13,3,5,2014_15,LaLiga
2015-05-01,Sociedad,Levante,3,0,H,9,14,3,1,2014_15,LaLiga
2015-05-02,Ath Madrid,Ath Bilbao,0,0,D,10,7,3,0,2014_15,LaLiga
2015-05-02,Cordoba,Barcelona,0,8,A,5,27,1,11,2014_15,LaLiga
2015-05-02,La Coruna,Villarreal,1,1,D,9,7,3,2,2014_15,LaLiga
2015-05-02,Sevilla,Real Madrid,2,3,A,18,14,5,5,2014_15,LaLiga
2015-05-03,Espanol,Vallecano,1,1,D,12,7,5,4,2014_15,LaLiga
2015-05-03,Getafe,Granada,1,2,A,17,14,5,6,2014_15,LaLiga
2015-05-03,Malaga,Elche,1,2,A,21,7,9,3,2014_15,LaLiga
2015-05-03,Valencia,Eibar,3,1,H,13,7,6,1,2014_15,LaLiga
2015-05-04,Almeria,Celta,2,2,D,12,7,3,3,2014_15,LaLiga
2015-05-08,Eibar,Espanol,0,2,A,8,12,4,6,2014_15,LaLiga
2015-05-09,Ath Bilbao,La Coruna,1,1,D,11,8,5,2,2014_15,LaLiga
2015-05-09,Barcelona,Sociedad,2,0,H,15,5,8,1,2014_15,LaLiga
2015-05-09,Granada,Cordoba,2,0,H,21,4,8,1,2014_15,LaLiga
2015-05-09,Real Madrid,Valencia,2,2,D,29,13,10,4,2014_15,LaLiga
2015-05-10,Almeria,Malaga,1,2,A,10,14,4,5,2014_15,LaLiga
2015-05-10,Celta,Sevilla,1,1,D,13,8,2,4,2014_15,LaLiga
2015-05-10,Levante,Ath Madrid,2,2,D,8,15,5,7,2014_15,LaLiga
2015-05-10,Villarreal,Elche,1,0,H,12,13,5,2,2014_15,LaLiga
2015-05-11,Vallecano,Getafe,2,0,H,15,9,5,3,2014_15,LaLiga
2015-05-17,Ath Madrid,Barcelona,0,1,A,10,15,3,5,2014_15,LaLiga
2015-05-17,Cordoba,Vallecano,1,2,A,14,22,2,10,2014_15,LaLiga
2015-05-17,Elche,Ath Bilbao,2,3,A,10,17,3,5,2014_15,LaLiga
2015-05-17,Espanol,Real Madrid,1,4,A,15,18,3,7,2014_15,LaLiga
2015-05-17,Getafe,Eibar,1,1,D,13,5,3,1,2014_15,LaLiga
2015-05-17,La Coruna,Levante,2,0,H,10,5,3,1,2014_15,LaLiga
2015-05-17,Sevilla,Almeria,2,1,H,15,14,3,3,2014_15,LaLiga
2015-05-17,Sociedad,Granada,0,3,A,7,15,1,6,2014_15,LaLiga
2015-05-17,Valencia,Celta,1,1,D,21,11,7,3,2014_15,LaLiga
2015-05-17,Villarreal,Malaga,2,1,H,8,15,2,4,2014_15,LaLiga
2015-05-23,Almeria,Valencia,2,3,A,10,9,3,5,2014_15,LaLiga
2015-05-23,Ath Bilbao,Villarreal,4,0,H,17,13,8,2,2014_15,LaLiga
2015-05-23,Barcelona,La Coruna,2,2,D,18,10,7,2,2014_15,LaLiga
2015-05-23,Celta,Espanol,3,2,H,10,17,7,3,2014_15,LaLiga
2015-05-23,Eibar,Cordoba,3,0,H,12,15,6,5,2014_15,LaLiga
2015-05-23,Granada,Ath Madrid,0,0,D,2,3,0,1,2014_15,LaLiga
2015-05-23,Levante,Elche,0,0,D,8,15,0,6,2014_15,LaLiga
2015-05-23,Malaga,Sevilla,2,3,A,16,12,8,6,2014_15,LaLiga
2015-05-23,Real Madrid,Getafe,7,3,H,18,14,11,6,2014_15,LaLiga
2015-05-23,Vallecano,Sociedad,2,4,A,13,11,3,8,2014_15,LaLiga
2015-08-21,Malaga,Sevilla,0,0,D,25,10,5,2,2015_16,LaLiga
2015-08-22,Ath Madrid,Las Palmas,1,0,H,14,8,3,1,2015_16,LaLiga
2015-08-22,Espanol,Getafe,1,0,H,4,14,2,3,2015_16,LaLiga
2015-08-22,La Coruna,Sociedad,0,0,D,15,9,5,2,2015_16,LaLiga
2015-08-22,Vallecano,Valencia,0,0,D,8,10,3,4,2015_16,LaLiga
2015-08-23,Ath Bilbao,Barcelona,0,1,A,8,10,2,4,2015_16,LaLiga
2015-08-23,Betis,Villarreal,1,1,D,22,8,6,4,2015_16,LaLiga
2015-08-23,Levante,Celta,1,2,A,11,15,2,6,2015_16,LaLiga
2015-08-23,Sp Gijon,Real Madrid,0,0,D,6,27,0,8,2015_16,LaLiga
2015-08-24,Granada,Eibar,1,3,A,12,10,6,4,2015_16,LaLiga
2015-08-28,Villarreal,Espanol,3,1,H,14,4,4,2,2015_16,LaLiga
2015-08-29,Barcelona,Malaga,1,0,H,22,4,13,1,2015_16,LaLiga
2015-08-29,Celta,Vallecano,3,0,H,11,3,7,0,2015_16,LaLiga
2015-08-29,Real Madrid,Betis,5,0,H,21,7,11,1,2015_16,LaLiga
2015-08-29,Sociedad,Sp Gijon,0,0,D,12,7,1,2,2015_16,LaLiga
2015-08-30,Eibar,Ath Bilbao,2,0,H,9,9,8,1,2015_16,LaLiga
2015-08-30,Getafe,Granada,1,2,A,16,9,4,4,2015_16,LaLiga
2015-08-30,Las Palmas,Levante,0,0,D,16,3,2,2,2015_16,LaLiga
2015-08-30,Sevilla,Ath Madrid,0,3,A,25,17,7,7,2015_16,LaLiga
2015-08-30,Valencia,La Coruna,1,1,D,12,12,5,3,2015_16,LaLiga
2015-09-11,Levante,Sevilla,1,1,D,14,8,4,3,2015_16,LaLiga
2015-09-12,Ath Madrid,Barcelona,1,2,A,11,13,3,5,2015_16,LaLiga
2015-09-12,Betis,Sociedad,1,0,H,9,15,2,3,2015_16,LaLiga
2015-09-12,Espanol,Real Madrid,0,6,A,14,15,3,8,2015_16,LaLiga
2015-09-12,Sp Gijon,Valencia,0,1,A,16,17,8,3,2015_16,LaLiga
2015-09-13,Ath Bilbao,Getafe,3,1,H,14,11,6,3,2015_16,LaLiga
2015-09-13,Celta,Las Palmas,3,3,D,26,9,12,5,2015_16,LaLiga
2015-09-13,Granada,Villarreal,1,3,A,13,8,2,5,2015_16,LaLiga
2015-09-13,Malaga,Eibar,0,0,D,10,7,4,0,2015_16,LaLiga
2015-09-14,Vallecano,La Coruna,1,3,A,8,14,2,8,2015_16,LaLiga
2015-09-18,Getafe,Malaga,1,0,H,10,13,4,3,2015_16,LaLiga
2015-09-19,Eibar,Ath Madrid,0,2,A,9,14,3,6,2015_16,LaLiga
2015-09-19,Real Madrid,Granada,1,0,H,20,12,10,3,2015_16,LaLiga
2015-09-19,Sociedad,Espanol,2,3,A,10,18,3,6,2015_16,LaLiga
2015-09-19,Valencia,Betis,0,0,D,22,3,5,1,2015_16,LaLiga
2015-09-20,Barcelona,Levante,4,1,H,21,11,8,4,2015_16,LaLiga
2015-09-20,La Coruna,Sp Gijon,2,3,A,19,4,9,4,2015_16,LaLiga
2015-09-20,Las Palmas,Vallecano,0,1,A,8,17,2,6,2015_16,LaLiga
2015-09-20,Sevilla,Celta,1,2,A,13,15,5,5,2015_16,LaLiga
2015-09-20,Villarreal,Ath Bilbao,3,1,H,14,11,7,2,2015_16,LaLiga
2015-09-22,Ath Madrid,Getafe,2,0,H,12,6,3,2,2015_16,LaLiga
2015-09-22,Espanol,Valencia,1,0,H,17,10,5,4,2015_16,LaLiga
2015-09-22,Granada,Sociedad,0,3,A,11,8,1,5,2015_16,LaLiga
2015-09-23,Ath Bilbao,Real Madrid,1,2,A,11,22,5,6,2015_16,LaLiga
2015-09-23,Celta,Barcelona,4,1,H,18,18,5,7,2015_16,LaLiga
2015-09-23,Las Palmas,Sevilla,2,0,H,12,17,4,3,2015_16,LaLiga
2015-09-23,Levante,Eibar,2,2,D,12,10,2,4,2015_16,LaLiga
2015-09-23,Malaga,Villarreal,0,1,A,15,9,4,3,2015_16,LaLiga
2015-09-23,Vallecano,Sp Gijon,2,1,H,18,5,6,2,2015_16,LaLiga
2015-09-24,Betis,La Coruna,1,2,A,9,8,2,3,2015_16,LaLiga
2015-09-25,Valencia,Granada,1,0,H,12,18,5,3,2015_16,LaLiga
2015-09-26,Barcelona,Las Palmas,2,1,H,18,10,6,6,2015_16,LaLiga
2015-09-26,Eibar,Celta,1,1,D,10,9,3,2,2015_16,LaLiga
2015-09-26,Real Madrid,Malaga,0,0,D,31,12,9,3,2015_16,LaLiga
2015-09-26,Sevilla,Vallecano,3,2,H,17,18,8,5,2015_16,LaLiga
2015-09-26,Villarreal,Ath Madrid,1,0,H,5,9,2,4,2015_16,LaLiga
2015-09-27,Getafe,Levante,3,0,H,15,10,8,3,2015_16,LaLiga
2015-09-27,La Coruna,Espanol,3,0,H,14,7,5,3,2015_16,LaLiga
2015-09-27,Sociedad,Ath Bilbao,0,0,D,14,9,4,2,2015_16,LaLiga
2015-09-27,Sp Gijon,Betis,1,2,A,19,13,10,5,2015_16,LaLiga
2015-10-02,Celta,Getafe,0,0,D,18,8,7,2,2015_16,LaLiga
2015-10-03,Espanol,Sp Gijon,1,2,A,13,12,9,2,2015_16,LaLiga
2015-10-03,Granada,La Coruna,1,1,D,10,14,3,3,2015_16,LaLiga
2015-10-03,Las Palmas,Eibar,0,2,A,18,9,4,4,2015_16,LaLiga
2015-10-03,Malaga,Sociedad,3,1,H,11,13,7,5,2015_16,LaLiga
2015-10-03,Sevilla,Barcelona,2,1,H,12,28,5,9,2015_16,LaLiga
2015-10-04,Ath Bilbao,Valencia,3,1,H,16,9,7,4,2015_16,LaLiga
2015-10-04,Ath Madrid,Real Madrid,1,1,D,18,9,4,2,2015_16,LaLiga
2015-10-04,Levante,Villarreal,1,0,H,15,3,5,2,2015_16,LaLiga
2015-10-04,Vallecano,Betis,0,2,A,23,9,9,6,2015_16,LaLiga
2015-10-17,Barcelona,Vallecano,5,2,H,14,22,9,8,2015_16,LaLiga
2015-10-17,Betis,Espanol,1,3,A,21,13,6,4,2015_16,LaLiga
2015-10-17,Eibar,Sevilla,1,1,D,14,15,4,5,2015_16,LaLiga
2015-10-17,Real Madrid,Levante,3,0,H,20,15,6,5,2015_16,LaLiga
2015-10-17,Valencia,Malaga,3,0,H,6,10,3,3,2015_16,LaLiga
2015-10-18,Getafe,Las Palmas,4,0,H,14,16,7,3,2015_16,LaLiga
2015-10-18,La Coruna,Ath Bilbao,2,2,D,16,7,3,2,2015_16,LaLiga
2015-10-18,Sociedad,Ath Madrid,0,2,A,11,7,1,3,2015_16,LaLiga
2015-10-18,Villarreal,Celta,1,2,A,12,13,3,2,2015_16,LaLiga
2015-10-19,Sp Gijon,Granada,3,3,D,16,14,6,7,2015_16,LaLiga
2015-10-23,Vallecano,Espanol,3,0,H,13,9,7,3,2015_16,LaLiga
2015-10-24,Celta,Real Madrid,1,3,A,17,14,7,8,2015_16,LaLiga
2015-10-24,Granada,Betis,1,1,D,17,7,7,2,2015_16,LaLiga
2015-10-24,Malaga,La Coruna,2,0,H,9,10,4,1,2015_16,LaLiga
2015-10-24,Sevilla,Getafe,5,0,H,22,6,13,0,2015_16,LaLiga
2015-10-25,Ath Madrid,Valencia,2,1,H,16,6,8,1,2015_16,LaLiga
2015-10-25,Barcelona,Eibar,3,1,H,14,7,5,5,2015_16,LaLiga
2015-10-25,Las Palmas,Villarreal,0,0,D,6,5,2,0,2015_16,LaLiga
2015-10-25,Levante,Sociedad,0,4,A,13,13,3,6,2015_16,LaLiga
2015-10-26,Ath Bilbao,Sp Gijon,3,0,H,20,6,6,0,2015_16,LaLiga
2015-10-30,La Coruna,Ath Madrid,1,1,D,7,12,3,3,2015_16,LaLiga
2015-10-31,Getafe,Barcelona,0,2,A,6,14,0,6,2015_16,LaLiga
2015-10-31,Real Madrid,Las Palmas,3,1,H,17,8,11,5,2015_16,LaLiga
2015-10-31,Sociedad,Celta,2,3,A,20,16,5,8,2015_16,LaLiga
2015-10-31,Valencia,Levante,3,0,H,13,10,6,5,2015_16,LaLiga
2015-10-31,Villarreal,Sevilla,2,1,H,11,6,5,3,2015_16,LaLiga
2015-11-01,Betis,Ath Bilbao,1,3,A,11,23,3,9,2015_16,LaLiga
2015-11-01,Eibar,Vallecano,1,0,H,12,6,1,2,2015_16,LaLiga
2015-11-01,Espanol,Granada,1,1,D,10,9,4,5,2015_16,LaLiga
2015-11-01,Sp Gijon,Malaga,1,0,H,8,13,6,5,2015_16,LaLiga
2015-11-06,Las Palmas,Sociedad,2,0,H,8,11,4,6,2015_16,LaLiga
2015-11-07,Celta,Valencia,1,5,A,17,9,3,5,2015_16,LaLiga
2015-11-07,Eibar,Getafe,3,1,H,16,10,7,4,2015_16,LaLiga
2015-11-07,Levante,La Coruna,1,1,D,15,9,5,5,2015_16,LaLiga
2015-11-07,Malaga,Betis,0,1,A,12,7,5,2,2015_16,LaLiga
2015-11-07,Vallecano,Granada,2,1,H,7,8,2,2,2015_16,LaLiga
2015-11-08,Ath Bilbao,Espanol,2,1,H,8,5,2,1,2015_16,LaLiga
2015-11-08,Ath Madrid,Sp Gijon,1,0,H,15,9,3,2,2015_16,LaLiga
2015-11-08,Barcelona,Villarreal,3,0,H,20,5,9,2,2015_16,LaLiga
2015-11-08,Sevilla,Real Madrid,3,2,H,14,28,5,10,2015_16,LaLiga
2015-11-21,Espanol,Malaga,2,0,H,7,14,3,5,2015_16,LaLiga
2015-11-21,La Coruna,Celta,2,0,H,5,6,2,4,2015_16,LaLiga
2015-11-21,Real Madrid,Barcelona,0,4,A,13,18,7,7,2015_16,LaLiga
2015-11-21,Sociedad,Sevilla,2,0,H,14,12,7,5,2015_16,LaLiga
2015-11-21,Valencia,Las Palmas,1,1,D,9,18,3,7,2015_16,LaLiga
2015-11-22,Betis,Ath Madrid,0,1,A,6,11,3,4,2015_16,LaLiga
2015-11-22,Granada,Ath Bilbao,2,0,H,8,11,1,6,2015_16,LaLiga
2015-11-22,Sp Gijon,Levante,0,3,A,13,13,2,6,2015_16,LaLiga
2015-11-22,Villarreal,Eibar,1,1,D,12,17,5,7,2015_16,LaLiga
2015-11-23,Getafe,Vallecano,1,1,D,15,8,8,4,2015_16,LaLiga
2015-11-27,Levante,Betis,0,1,A,14,11,1,5,2015_16,LaLiga
2015-11-28,Ath Madrid,Espanol,1,0,H,21,5,6,0,2015_16,LaLiga
2015-11-28,Barcelona,Sociedad,4,0,H,11,10,6,2,2015_16,LaLiga
2015-11-28,Celta,Sp Gijon,2,1,H,6,9,4,2,2015_16,LaLiga
2015-11-28,Las Palmas,La Coruna,0,2,A,8,10,5,5,2015_16,LaLiga
2015-11-28,Malaga,Granada,2,2,D,12,11,7,4,2015_16,LaLiga
2015-11-29,Eibar,Real Madrid,0,2,A,8,17,3,6,2015_16,LaLiga
2015-11-29,Getafe,Villarreal,2,0,H,11,7,5,0,2015_16,LaLiga
2015-11-29,Sevilla,Valencia,1,0,H,15,0,5,0,2015_16,LaLiga
2015-11-29,Vallecano,Ath Bilbao,0,3,A,15,10,3,4,2015_16,LaLiga
2015-12-05,Betis,Celta,1,1,D,27,5,6,1,2015_16,LaLiga
2015-12-05,Granada,Ath Madrid,0,2,A,18,11,3,4,2015_16,LaLiga
2015-12-05,La Coruna,Sevilla,1,1,D,8,8,4,2,2015_16,LaLiga
2015-12-05,Real Madrid,Getafe,4,1,H,16,7,8,3,2015_16,LaLiga
2015-12-05,Valencia,Barcelona,1,1,D,10,16,3,5,2015_16,LaLiga
2015-12-06,Ath Bilbao,Malaga,0,0,D,11,7,2,2,2015_16,LaLiga
2015-12-06,Sociedad,Eibar,2,1,H,10,5,7,1,2015_16,LaLiga
2015-12-06,Sp Gijon,Las Palmas,3,1,H,21,12,9,7,2015_16,LaLiga
2015-12-06,Villarreal,Vallecano,2,1,H,14,8,5,4,2015_16,LaLiga
2015-12-07,Espanol,Levante,1,1,D,9,12,1,5,2015_16,LaLiga
2015-12-11,Getafe,Sociedad,1,1,D,9,10,5,6,2015_16,LaLiga
2015-12-12,Barcelona,La Coruna,2,2,D,17,13,7,4,2015_16,LaLiga
2015-12-12,Celta,Espanol,1,0,H,16,6,3,2,2015_16,LaLiga
2015-12-12,Las Palmas,Betis,1,0,H,16,8,4,2,2015_16,LaLiga
2015-12-12,Levante,Granada,1,2,A,7,8,5,3,2015_16,LaLiga
2015-12-12,Sevilla,Sp Gijon,2,0,H,18,4,7,1,2015_16,LaLiga
2015-12-13,Ath Madrid,Ath Bilbao,2,1,H,8,10,4,5,2015_16,LaLiga
2015-12-13,Eibar,Valencia,1,1,D,14,6,5,1,2015_16,LaLiga
2015-12-13,Vallecano,Malaga,1,2,A,13,15,3,5,2015_16,LaLiga
2015-12-13,Villarreal,Real Madrid,1,0,H,7,20,3,1,2015_16,LaLiga
2015-12-19,Betis,Sevilla,0,0,D,12,8,0,2,2015_16,LaLiga
2015-12-19,Espanol,Las Palmas,1,0,H,12,9,2,4,2015_16,LaLiga
2015-12-19,La Coruna,Eibar,2,0,H,13,13,3,1,2015_16,LaLiga
2015-12-19,Valencia,Getafe,2,2,D,12,9,7,3,2015_16,LaLiga
2015-12-20,Ath Bilbao,Levante,2,0,H,18,6,7,1,2015_16,LaLiga
2015-12-20,Granada,Celta,0,2,A,11,10,1,4,2015_16,LaLiga
2015-12-20,Malaga,Ath Madrid,1,0,H,17,6,4,3,2015_16,LaLiga
2015-12-20,Real Madrid,Vallecano,10,2,H,30,9,15,4,2015_16,LaLiga
2015-12-20,Sociedad,Villarreal,0,2,A,16,7,2,5,2015_16,LaLiga
2015-12-30,Barcelona,Betis,4,0,H,16,11,7,4,2015_16,LaLiga
2015-12-30,Celta,Ath Bilbao,0,1,A,7,13,3,5,2015_16,LaLiga
2015-12-30,Eibar,Sp Gijon,2,0,H,16,6,5,0,2015_16,LaLiga
2015-12-30,Getafe,La Coruna,0,0,D,15,10,5,3,2015_16,LaLiga
2015-12-30,Las Palmas,Granada,4,1,H,7,11,4,4,2015_16,LaLiga
2015-12-30,Levante,Malaga,0,1,A,7,9,1,5,2015_16,LaLiga
2015-12-30,Real Madrid,Sociedad,3,1,H,23,13,13,2,2015_16,LaLiga
2015-12-30,Sevilla,Espanol,2,0,H,15,12,10,1,2015_16,LaLiga
2015-12-30,Vallecano,Ath Madrid,0,2,A,10,17,3,6,2015_16,LaLiga
2015-12-31,Villarreal,Valencia,1,0,H,9,6,3,2,2015_16,LaLiga
2016-01-02,Ath Madrid,Levante,1,0,H,16,9,2,1,2015_16,LaLiga
2016-01-02,Espanol,Barcelona,0,0,D,4,10,1,2,2015_16,LaLiga
2016-01-02,Malaga,Celta,2,0,H,14,8,4,1,2015_16,LaLiga
2016-01-03,Ath Bilbao,Las Palmas,2,2,D,16,11,5,5,2015_16,LaLiga
2016-01-03,Betis,Eibar,0,4,A,9,6,5,5,2015_16,LaLiga
2016-01-03,Granada,Sevilla,2,1,H,9,14,4,7,2015_16,LaLiga
2016-01-03,La Coruna,Villarreal,1,2,A,11,6,4,4,2015_16,LaLiga
2016-01-03,Valencia,Real Madrid,2,2,D,11,17,4,4,2015_16,LaLiga
2016-01-03,Vallecano,Sociedad,2,2,D,12,15,5,7,2015_16,LaLiga
2016-01-04,Sp Gijon,Getafe,1,2,A,17,11,4,2,2015_16,LaLiga
2016-01-09,Barcelona,Granada,4,0,H,17,8,8,4,2015_16,LaLiga
2016-01-09,Getafe,Betis,1,0,H,8,11,3,2,2015_16,LaLiga
2016-01-09,Levante,Vallecano,2,1,H,10,10,4,4,2015_16,LaLiga
2016-01-09,Real Madrid,La Coruna,5,0,H,23,18,9,4,2015_16,LaLiga
2016-01-09,Sevilla,Ath Bilbao,2,0,H,4,11,4,3,2015_16,LaLiga
2016-01-10,Celta,Ath Madrid,0,2,A,6,10,1,3,2015_16,LaLiga
2016-01-10,Eibar,Espanol,2,1,H,20,7,6,4,2015_16,LaLiga
2016-01-10,Las Palmas,Malaga,1,1,D,5,11,3,3,2015_16,LaLiga
2016-01-10,Sociedad,Valencia,2,0,H,24,10,7,3,2015_16,LaLiga
2016-01-10,Villarreal,Sp Gijon,2,0,H,7,12,4,2,2015_16,LaLiga
2016-01-16,Celta,Levante,4,3,H,14,17,6,7,2015_16,LaLiga
2016-01-16,Sevilla,Malaga,2,1,H,8,14,4,3,2015_16,LaLiga
2016-01-16,Sociedad,La Coruna,1,1,D,16,7,6,4,2015_16,LaLiga
2016-01-16,Villarreal,Betis,0,0,D,9,15,2,2,2015_16,LaLiga
2016-01-17,Barcelona,Ath Bilbao,6,0,H,20,9,8,3,2015_16,LaLiga
2016-01-17,Getafe,Espanol,3,1,H,18,13,4,6,2015_16,LaLiga
2016-01-17,Las Palmas,Ath Madrid,0,3,A,11,11,3,5,2015_16,LaLiga
2016-01-17,Real Madrid,Sp Gijon,5,1,H,17,9,10,2,2015_16,LaLiga
2016-01-17,Valencia,Vallecano,2,2,D,13,18,5,8,2015_16,LaLiga
2016-01-18,Eibar,Granada,5,1,H,12,4,7,1,2015_16,LaLiga
2016-01-22,Sp Gijon,Sociedad,5,1,H,11,9,7,3,2015_16,LaLiga
2016-01-23,Espanol,Villarreal,2,2,D,11,14,5,5,2015_16,LaLiga
2016-01-23,Granada,Getafe,3,2,H,20,9,9,2,2015_16,LaLiga
2016-01-23,Malaga,Barcelona,1,2,A,15,12,9,6,2015_16,LaLiga
2016-01-23,Vallecano,Celta,3,0,H,26,3,10,1,2015_16,LaLiga
2016-01-24,Ath Bilbao,Eibar,5,2,H,10,9,5,2,2015_16,LaLiga
2016-01-24,Ath Madrid,Sevilla,0,0,D,21,7,3,1,2015_16,LaLiga
2016-01-24,Betis,Real Madrid,1,1,D,4,18,2,8,2015_16,LaLiga
2016-01-24,La Coruna,Valencia,1,1,D,10,10,2,3,2015_16,LaLiga
2016-01-25,Levante,Las Palmas,3,2,H,12,13,8,4,2015_16,LaLiga
2016-01-30,Barcelona,Ath Madrid,2,1,H,10,7,4,4,2015_16,LaLiga
2016-01-30,Eibar,Malaga,1,2,A,11,7,3,4,2015_16,LaLiga
2016-01-30,Getafe,Ath Bilbao,0,1,A,11,13,3,3,2015_16,LaLiga
2016-01-30,Sociedad,Betis,2,1,H,11,8,4,1,2015_16,LaLiga
2016-01-30,Villarreal,Granada,1,0,H,12,7,6,2,2015_16,LaLiga
2016-01-31,Las Palmas,Celta,2,1,H,13,5,5,2,2015_16,LaLiga
2016-01-31,Real Madrid,Espanol,6,0,H,18,15,7,5,2015_16,LaLiga
2016-01-31,Sevilla,Levante,3,1,H,14,22,8,4,2015_16,LaLiga
2016-01-31,Valencia,Sp Gijon,0,1,A,16,7,3,3,2015_16,LaLiga
2016-02-01,La Coruna,Vallecano,2,2,D,17,7,5,3,2015_16,LaLiga
2016-02-05,Malaga,Getafe,3,0,H,8,6,4,2,2015_16,LaLiga
2016-02-06,Ath Bilbao,Villarreal,0,0,D,10,2,1,2,2015_16,LaLiga
2016-02-06,Ath Madrid,Eibar,3,1,H,13,6,4,2,2015_16,LaLiga
2016-02-06,Sp Gijon,La Coruna,1,1,D,11,5,2,4,2015_16,LaLiga
2016-02-06,Vallecano,Las Palmas,2,0,H,18,9,8,4,2015_16,LaLiga
2016-02-07,Betis,Valencia,1,0,H,6,7,2,2,2015_16,LaLiga
2016-02-07,Celta,Sevilla,1,1,D,25,9,5,2,2015_16,LaLiga
2016-02-07,Granada,Real Madrid,1,2,A,14,14,2,4,2015_16,LaLiga
2016-02-07,Levante,Barcelona,0,2,A,11,11,3,4,2015_16,LaLiga
2016-02-08,Espanol,Sociedad,0,5,A,5,12,1,6,2015_16,LaLiga
2016-02-12,Sp Gijon,Vallecano,2,2,D,11,15,5,4,2015_16,LaLiga
2016-02-13,La Coruna,Betis,2,2,D,25,4,11,2,2015_16,LaLiga
2016-02-13,Real Madrid,Ath Bilbao,4,2,H,19,10,9,3,2015_16,LaLiga
2016-02-13,Valencia,Espanol,2,1,H,17,19,4,6,2015_16,LaLiga
2016-02-13,Villarreal,Malaga,1,0,H,12,7,5,2,2015_16,LaLiga
2016-02-14,Barcelona,Celta,6,1,H,19,10,11,4,2015_16,LaLiga
2016-02-14,Eibar,Levante,2,0,H,15,8,6,3,2015_16,LaLiga
2016-02-14,Getafe,Ath Madrid,0,1,A,11,6,0,3,2015_16,LaLiga
2016-02-14,Sevilla,Las Palmas,2,0,H,9,11,5,3,2015_16,LaLiga
2016-02-14,Sociedad,Granada,3,0,H,12,15,6,2,2015_16,LaLiga
2016-02-17,Sp Gijon,Barcelona,1,3,A,6,17,2,8,2015_16,LaLiga
2016-02-19,Levante,Getafe,3,0,H,12,14,6,6,2015_16,LaLiga
2016-02-20,Betis,Sp Gijon,1,1,D,17,4,6,3,2015_16,LaLiga
2016-02-20,Celta,Eibar,3,2,H,14,7,9,3,2015_16,LaLiga
2016-02-20,Espanol,La Coruna,1,0,H,16,17,9,3,2015_16,LaLiga
2016-02-20,Las Palmas,Barcelona,1,2,A,16,13,3,8,2015_16,LaLiga
2016-02-21,Ath Bilbao,Sociedad,0,1,A,9,9,2,4,2015_16,LaLiga
2016-02-21,Ath Madrid,Villarreal,0,0,D,12,5,3,0,2015_16,LaLiga
2016-02-21,Granada,Valencia,1,2,A,15,10,4,6,2015_16,LaLiga
2016-02-21,Malaga,Real Madrid,1,1,D,11,14,5,7,2015_16,LaLiga
2016-02-21,Vallecano,Sevilla,2,2,D,13,14,4,7,2015_16,LaLiga
2016-02-26,Eibar,Las Palmas,0,1,A,10,12,4,4,2015_16,LaLiga
2016-02-27,Betis,Vallecano,2,2,D,20,11,4,4,2015_16,LaLiga
2016-02-27,Getafe,Celta,0,1,A,14,9,2,3,2015_16,LaLiga
2016-02-27,Real Madrid,Ath Madrid,0,1,A,15,9,3,5,2015_16,LaLiga
2016-02-27,Sociedad,Malaga,1,1,D,11,8,3,3,2015_16,LaLiga
2016-02-27,Sp Gijon,Espanol,2,4,A,13,12,5,7,2015_16,LaLiga
2016-02-28,Barcelona,Sevilla,2,1,H,17,11,8,4,2015_16,LaLiga
2016-02-28,La Coruna,Granada,0,1,A,13,10,2,3,2015_16,LaLiga
2016-02-28,Valencia,Ath Bilbao,0,3,A,9,13,3,4,2015_16,LaLiga
2016-02-28,Villarreal,Levante,3,0,H,9,7,3,1,2015_16,LaLiga
2016-03-01,Ath Madrid,Sociedad,3,0,H,12,7,5,1,2015_16,LaLiga
2016-03-01,Las Palmas,Getafe,4,0,H,11,10,5,2,2015_16,LaLiga
2016-03-02,Ath Bilbao,La Coruna,4,1,H,12,7,6,4,2015_16,LaLiga
2016-03-02,Celta,Villarreal,0,0,D,11,6,4,3,2015_16,LaLiga
2016-03-02,Levante,Real Madrid,1,3,A,11,21,4,8,2015_16,LaLiga
2016-03-02,Malaga,Valencia,1,2,A,10,11,1,2,2015_16,LaLiga
2016-03-02,Sevilla,Eibar,1,0,H,14,11,4,6,2015_16,LaLiga
2016-03-03,Espanol,Betis,0,3,A,16,9,3,6,2015_16,LaLiga
2016-03-03,Granada,Sp Gijon,2,0,H,13,4,8,0,2015_16,LaLiga
2016-03-03,Vallecano,Barcelona,1,5,A,8,20,4,8,2015_16,LaLiga
2016-03-05,Getafe,Sevilla,1,1,D,13,7,3,4,2015_16,LaLiga
2016-03-05,La Coruna,Malaga,3,3,D,14,5,7,2,2015_16,LaLiga
2016-03-05,Real Madrid,Celta,7,1,H,20,8,12,3,2015_16,LaLiga
2016-03-05,Villarreal,Las Palmas,0,1,A,13,10,2,3,2015_16,LaLiga
2016-03-06,Betis,Granada,2,0,H,10,10,4,4,2015_16,LaLiga
2016-03-06,Eibar,Barcelona,0,4,A,7,9,0,7,2015_16,LaLiga
2016-03-06,Sociedad,Levante,1,1,D,15,10,3,3,2015_16,LaLiga
2016-03-06,Sp Gijon,Ath Bilbao,0,2,A,5,10,1,6,2015_16,LaLiga
2016-03-06,Valencia,Ath Madrid,1,3,A,10,21,3,5,2015_16,LaLiga
2016-03-07,Espanol,Vallecano,2,1,H,9,7,8,1,2015_16,LaLiga
2016-03-11,Malaga,Sp Gijon,1,0,H,13,9,3,4,2015_16,LaLiga
2016-03-12,Ath Madrid,La Coruna,3,0,H,15,6,7,2,2015_16,LaLiga
2016-03-12,Barcelona,Getafe,6,0,H,16,6,9,1,2015_16,LaLiga
2016-03-12,Celta,Sociedad,1,0,H,7,15,1,6,2015_16,LaLiga
2016-03-12,Vallecano,Eibar,1,1,D,12,7,3,1,2015_16,LaLiga
2016-03-13,Ath Bilbao,Betis,3,1,H,18,3,9,1,2015_16,LaLiga
2016-03-13,Las Palmas,Real Madrid,1,2,A,15,12,6,4,2015_16,LaLiga
2016-03-13,Levante,Valencia,1,0,H,13,6,6,1,2015_16,LaLiga
2016-03-13,Sevilla,Villarreal,4,2,H,14,13,4,6,2015_16,LaLiga
2016-03-14,Granada,Espanol,1,1,D,8,10,1,2,2015_16,LaLiga
2016-03-18,Getafe,Eibar,1,1,D,8,20,4,6,2015_16,LaLiga
2016-03-19,Betis,Malaga,0,1,A,16,13,5,5,2015_16,LaLiga
2016-03-19,Granada,Vallecano,2,2,D,11,22,2,6,2015_16,LaLiga
2016-03-19,La Coruna,Levante,2,1,H,15,7,6,1,2015_16,LaLiga
2016-03-19,Sociedad,Las Palmas,0,1,A,13,12,3,7,2015_16,LaLiga
2016-03-19,Sp Gijon,Ath Madrid,2,1,H,12,4,3,1,2015_16,LaLiga
2016-03-20,Espanol,Ath Bilbao,2,1,H,16,14,7,4,2015_16,LaLiga
2016-03-20,Real Madrid,Sevilla,4,0,H,26,8,12,4,2015_16,LaLiga
2016-03-20,Valencia,Celta,0,2,A,14,13,4,6,2015_16,LaLiga
2016-03-20,Villarreal,Barcelona,2,2,D,15,15,6,6,2015_16,LaLiga
2016-04-01,Vallecano,Getafe,2,0,H,16,14,7,3,2015_16,LaLiga
2016-04-02,Ath Madrid,Betis,5,1,H,19,8,12,5,2015_16,LaLiga
2016-04-02,Barcelona,Real Madrid,1,2,A,14,14,3,6,2015_16,LaLiga
2016-04-02,Celta,La Coruna,1,1,D,9,7,2,3,2015_16,LaLiga
2016-04-02,Las Palmas,Valencia,2,1,H,13,7,6,4,2015_16,LaLiga
2016-04-03,Ath Bilbao,Granada,1,1,D,8,9,1,2,2015_16,LaLiga
2016-04-03,Eibar,Villarreal,1,2,A,10,8,3,4,2015_16,LaLiga
2016-04-03,Malaga,Espanol,1,1,D,11,5,5,1,2015_16,LaLiga
2016-04-03,Sevilla,Sociedad,1,2,A,15,9,6,2,2015_16,LaLiga
2016-04-04,Levante,Sp Gijon,0,0,D,16,11,4,1,2015_16,LaLiga
2016-04-08,Granada,Malaga,0,0,D,9,9,1,2,2015_16,LaLiga
2016-04-09,Betis,Levante,1,0,H,7,12,2,3,2015_16,LaLiga
2016-04-09,Espanol,Ath Madrid,1,3,A,10,14,3,5,2015_16,LaLiga
2016-04-09,Real Madrid,Eibar,4,0,H,13,9,6,2,2015_16,LaLiga
2016-04-09,Sociedad,Barcelona,1,0,H,5,13,1,6,2015_16,LaLiga
2016-04-10,Ath Bilbao,Vallecano,1,0,H,14,12,7,4,2015_16,LaLiga
2016-04-10,Sp Gijon,Celta,0,1,A,9,17,2,5,2015_16,LaLiga
2016-04-10,Valencia,Sevilla,2,1,H,23,7,9,4,2015_16,LaLiga
2016-04-10,Villarreal,Getafe,2,0,H,13,16,3,3,2015_16,LaLiga
2016-04-11,La Coruna,Las Palmas,1,3,A,19,13,5,6,2015_16,LaLiga
2016-04-15,Levante,Espanol,2,1,H,12,10,4,2,2015_16,LaLiga
2016-04-16,Celta,Betis,1,1,D,18,9,5,4,2015_16,LaLiga
2016-04-16,Eibar,Sociedad,2,1,H,9,7,4,4,2015_16,LaLiga
2016-04-16,Getafe,Real Madrid,1,5,A,12,21,5,11,2015_16,LaLiga
2016-04-16,Las Palmas,Sp Gijon,1,1,D,10,12,4,2,2015_16,LaLiga
2016-04-17,Ath Madrid,Granada,3,0,H,8,11,3,0,2015_16,LaLiga
2016-04-17,Barcelona,Valencia,1,2,A,22,7,7,2,2015_16,LaLiga
2016-04-17,Malaga,Ath Bilbao,0,1,A,17,6,7,3,2015_16,LaLiga
2016-04-17,Sevilla,La Coruna,1,1,D,12,5,3,4,2015_16,LaLiga
2016-04-17,Vallecano,Villarreal,2,1,H,14,6,6,2,2015_16,LaLiga
2016-04-19,Betis,Las Palmas,1,0,H,20,3,6,0,2015_16,LaLiga
2016-04-19,Espanol,Celta,1,1,D,8,3,3,1,2015_16,LaLiga
2016-04-20,Ath Bilbao,Ath Madrid,0,1,A,12,8,6,2,2015_16,LaLiga
2016-04-20,La Coruna,Barcelona,0,8,A,16,19,5,10,2015_16,LaLiga
2016-04-20,Malaga,Vallecano,1,1,D,12,11,4,4,2015_16,LaLiga
2016-04-20,Real Madrid,Villarreal,3,0,H,20,5,6,2,2015_16,LaLiga
2016-04-20,Sp Gijon,Sevilla,2,1,H,14,18,2,8,2015_16,LaLiga
2016-04-20,Valencia,Eibar,4,0,H,9,9,6,2,2015_16,LaLiga
2016-04-21,Granada,Levante,5,1,H,13,15,6,5,2015_16,LaLiga
2016-04-21,Sociedad,Getafe,1,2,A,14,7,5,3,2015_16,LaLiga
2016-04-22,Las Palmas,Espanol,4,0,H,14,11,9,5,2015_16,LaLiga
2016-04-23,Ath Madrid,Malaga,1,0,H,14,7,4,4,2015_16,LaLiga
2016-04-23,Barcelona,Sp Gijon,6,0,H,24,5,10,3,2015_16,LaLiga
2016-04-23,Eibar,La Coruna,1,1,D,9,9,2,1,2015_16,LaLiga
2016-04-23,Vallecano,Real Madrid,2,3,A,11,16,6,6,2015_16,LaLiga
2016-04-24,Getafe,Valencia,2,2,D,18,5,11,4,2015_16,LaLiga
2016-04-24,Levante,Ath Bilbao,2,2,D,10,19,5,8,2015_16,LaLiga
2016-04-24,Sevilla,Betis,2,0,H,13,8,3,2,2015_16,LaLiga
2016-04-24,Villarreal,Sociedad,0,0,D,8,7,3,2,2015_16,LaLiga
2016-04-25,Celta,Granada,2,1,H,15,11,4,3,2015_16,LaLiga
2016-04-29,Sp Gijon,Eibar,2,0,H,3,12,3,6,2015_16,LaLiga
2016-04-30,Ath Madrid,Vallecano,1,0,H,12,13,6,3,2015_16,LaLiga
2016-04-30,Betis,Barcelona,0,2,A,2,11,1,4,2015_16,LaLiga
2016-04-30,Granada,Las Palmas,3,2,H,14,12,5,6,2015_16,LaLiga
2016-04-30,Sociedad,Real Madrid,0,1,A,11,18,4,6,2015_16,LaLiga
2016-05-01,Ath Bilbao,Celta,2,1,H,10,5,2,2,2015_16,LaLiga
2016-05-01,Espanol,Sevilla,1,0,H,11,7,7,0,2015_16,LaLiga
2016-05-01,La Coruna,Getafe,0,2,A,15,11,5,5,2015_16,LaLiga
2016-05-01,Valencia,Villarreal,0,2,A,7,8,1,3,2015_16,LaLiga
2016-05-02,Malaga,Levante,3,1,H,21,11,11,5,2015_16,LaLiga
2016-05-08,Barcelona,Espanol,5,0,H,13,4,7,1,2015_16,LaLiga
2016-05-08,Celta,Malaga,1,0,H,12,13,3,5,2015_16,LaLiga
2016-05-08,Eibar,Betis,1,1,D,21,6,10,3,2015_16,LaLiga
2016-05-08,Getafe,Sp Gijon,1,1,D,19,9,9,3,2015_16,LaLiga
2016-05-08,Las Palmas,Ath Bilbao,0,0,D,4,8,2,3,2015_16,LaLiga
2016-05-08,Levante,Ath Madrid,2,1,H,12,17,5,5,2015_16,LaLiga
2016-05-08,Real Madrid,Valencia,3,2,H,15,17,8,8,2015_16,LaLiga
2016-05-08,Sevilla,Granada,1,4,A,12,10,6,6,2015_16,LaLiga
2016-05-08,Sociedad,Vallecano,2,1,H,12,18,6,5,2015_16,LaLiga
2016-05-08,Villarreal,La Coruna,0,2,A,11,8,4,4,2015_16,LaLiga
2016-05-13,Valencia,Sociedad,0,1,A,8,14,0,7,2015_16,LaLiga
2016-05-14,Ath Bilbao,Sevilla,3,1,H,13,8,6,4,2015_16,LaLiga
2016-05-14,Ath Madrid,Celta,2,0,H,12,7,5,4,2015_16,LaLiga
2016-05-14,Granada,Barcelona,0,3,A,8,12,2,10,2015_16,LaLiga
2016-05-14,La Coruna,Real Madrid,0,2,A,10,16,2,5,2015_16,LaLiga
2016-05-15,Betis,Getafe,2,1,H,7,14,4,5,2015_16,LaLiga
2016-05-15,Espanol,Eibar,4,2,H,11,13,7,8,2015_16,LaLiga
2016-05-15,Malaga,Las Palmas,4,1,H,14,12,8,7,2015_16,LaLiga
2016-05-15,Sp Gijon,Villarreal,2,0,H,16,10,7,5,2015_16,LaLiga
2016-05-15,Vallecano,Levante,3,1,H,21,8,9,2,2015_16,LaLiga
2016-08-19,La Coruna,Eibar,2,1,H,11,12,6,6,2016_17,LaLiga
2016-08-19,Malaga,Osasuna,1,1,D,14,8,4,3,2016_17,LaLiga
2016-08-20,Barcelona,Betis,6,2,H,30,6,12,2,2016_17,LaLiga
2016-08-20,Granada,Villarreal,1,1,D,7,12,1,3,2016_17,LaLiga
2016-08-20,Sevilla,Espanol,6,4,H,16,10,11,7,2016_17,LaLiga
2016-08-21,Ath Madrid,Alaves,1,1,D,27,2,6,1,2016_17,LaLiga
2016-08-21,Sociedad,Real Madrid,0,3,A,8,18,0,8,2016_17,LaLiga
2016-08-21,Sp Gijon,Ath Bilbao,2,1,H,12,13,4,4,2016_17,LaLiga
2016-08-22,Celta,Leganes,0,1,A,10,15,2,6,2016_17,LaLiga
2016-08-22,Valencia,Las Palmas,2,4,A,17,6,8,4,2016_17,LaLiga
2016-08-26,Betis,La Coruna,0,0,D,15,12,5,1,2016_17,LaLiga
2016-08-26,Espanol,Malaga,2,2,D,7,9,2,3,2016_17,LaLiga
2016-08-27,Eibar,Valencia,1,0,H,13,13,6,3,2016_17,LaLiga
2016-08-27,Leganes,Ath Madrid,0,0,D,6,10,1,3,2016_17,LaLiga
2016-08-27,Osasuna,Sociedad,0,2,A,8,5,3,4,2016_17,LaLiga
2016-08-27,Real Madrid,Celta,2,1,H,24,8,10,3,2016_17,LaLiga
2016-08-28,Alaves,Sp Gijon,0,0,D,13,7,2,1,2016_17,LaLiga
2016-08-28,Ath Bilbao,Barcelona,0,1,A,9,12,4,3,2016_17,LaLiga
2016-08-28,Las Palmas,Granada,5,1,H,15,13,10,2,2016_17,LaLiga
2016-08-28,Villarreal,Sevilla,0,0,D,12,6,5,0,2016_17,LaLiga
2016-09-09,Sociedad,Espanol,1,1,D,9,4,3,1,2016_17,LaLiga
2016-09-10,Barcelona,Alaves,1,2,A,16,5,2,4,2016_17,LaLiga
2016-09-10,Celta,Ath Madrid,0,4,A,9,13,1,6,2016_17,LaLiga
2016-09-10,Malaga,Villarreal,0,2,A,15,12,2,6,2016_17,LaLiga
2016-09-10,Real Madrid,Osasuna,5,2,H,25,10,11,3,2016_17,LaLiga
2016-09-10,Sevilla,Las Palmas,2,1,H,16,7,7,4,2016_17,LaLiga
2016-09-11,Granada,Eibar,1,2,A,15,10,5,8,2016_17,LaLiga
2016-09-11,La Coruna,Ath Bilbao,0,1,A,16,7,3,2,2016_17,LaLiga
2016-09-11,Sp Gijon,Leganes,2,1,H,7,9,4,2,2016_17,LaLiga
2016-09-11,Valencia,Betis,2,3,A,23,12,9,5,2016_17,LaLiga
2016-09-16,Betis,Granada,2,2,D,23,15,7,8,2016_17,LaLiga
2016-09-17,Ath Madrid,Sp Gijon,5,0,H,18,10,7,1,2016_17,LaLiga
2016-09-17,Eibar,Sevilla,1,1,D,10,8,2,4,2016_17,LaLiga
2016-09-17,Las Palmas,Malaga,1,0,H,6,10,2,2,2016_17,LaLiga
2016-09-17,Leganes,Barcelona,1,5,A,15,10,6,7,2016_17,LaLiga
2016-09-18,Ath Bilbao,Valencia,2,1,H,13,10,4,2,2016_17,LaLiga
2016-09-18,Espanol,Real Madrid,0,2,A,11,13,2,7,2016_17,LaLiga
2016-09-18,Osasuna,Celta,0,0,D,9,13,2,5,2016_17,LaLiga
2016-09-18,Villarreal,Sociedad,2,1,H,9,15,4,2,2016_17,LaLiga
2016-09-19,Alaves,La Coruna,0,0,D,9,16,1,1,2016_17,LaLiga
2016-09-20,Malaga,Eibar,2,1,H,14,12,6,3,2016_17,LaLiga
2016-09-20,Sevilla,Betis,1,0,H,12,8,3,3,2016_17,LaLiga
2016-09-21,Barcelona,Ath Madrid,1,1,D,19,9,7,4,2016_17,LaLiga
2016-09-21,Celta,Sp Gijon,2,1,H,16,4,5,1,2016_17,LaLiga
2016-09-21,Granada,Ath Bilbao,1,2,A,13,13,2,8,2016_17,LaLiga
2016-09-21,Real Madrid,Villarreal,1,1,D,22,8,6,3,2016_17,LaLiga
2016-09-21,Sociedad,Las Palmas,4,1,H,17,8,7,3,2016_17,LaLiga
2016-09-22,La Coruna,Leganes,1,2,A,12,8,5,2,2016_17,LaLiga
2016-09-22,Osasuna,Espanol,1,2,A,17,10,11,2,2016_17,LaLiga
2016-09-22,Valencia,Alaves,2,1,H,12,8,2,1,2016_17,LaLiga
2016-09-23,Betis,Malaga,1,0,H,11,16,4,6,2016_17,LaLiga
2016-09-24,Ath Bilbao,Sevilla,3,1,H,14,5,7,2,2016_17,LaLiga
2016-09-24,Eibar,Sociedad,2,0,H,17,3,3,0,2016_17,LaLiga
2016-09-24,Las Palmas,Real Madrid,2,2,D,8,27,6,11,2016_17,LaLiga
2016-09-24,Sp Gijon,Barcelona,0,5,A,10,13,3,7,2016_17,LaLiga
2016-09-25,Ath Madrid,La Coruna,1,0,H,21,8,5,1,2016_17,LaLiga
2016-09-25,Espanol,Celta,0,2,A,10,12,2,4,2016_17,LaLiga
2016-09-25,Leganes,Valencia,1,2,A,7,10,3,4,2016_17,LaLiga
2016-09-25,Villarreal,Osasuna,3,1,H,12,11,5,3,2016_17,LaLiga
2016-09-26,Alaves,Granada,3,1,H,16,13,6,3,2016_17,LaLiga
2016-09-30,Sociedad,Betis,1,0,H,16,5,8,2,2016_17,LaLiga
2016-10-01,Granada,Leganes,0,1,A,8,9,1,3,2016_17,LaLiga
2016-10-01,La Coruna,Sp Gijon,2,1,H,21,7,6,2,2016_17,LaLiga
2016-10-01,Osasuna,Las Palmas,2,2,D,5,17,3,5,2016_17,LaLiga
2016-10-01,Sevilla,Alaves,2,1,H,20,6,12,1,2016_17,LaLiga
2016-10-02,Celta,Barcelona,4,3,H,14,13,9,4,2016_17,LaLiga
2016-10-02,Espanol,Villarreal,0,0,D,9,5,1,1,2016_17,LaLiga
2016-10-02,Malaga,Ath Bilbao,2,1,H,15,7,3,1,2016_17,LaLiga
2016-10-02,Real Madrid,Eibar,1,1,D,15,7,3,4,2016_17,LaLiga
2016-10-02,Valencia,Ath Madrid,0,2,A,14,17,5,10,2016_17,LaLiga
2016-10-14,Las Palmas,Espanol,0,0,D,13,5,8,2,2016_17,LaLiga
2016-10-15,Ath Madrid,Granada,7,1,H,17,9,11,2,2016_17,LaLiga
2016-10-15,Barcelona,La Coruna,4,0,H,25,7,8,0,2016_17,LaLiga
2016-10-15,Betis,Real Madrid,1,6,A,13,22,2,9,2016_17,LaLiga
2016-10-15,Leganes,Sevilla,2,3,A,19,5,6,4,2016_17,LaLiga
2016-10-16,Alaves,Malaga,1,1,D,8,12,4,5,2016_17,LaLiga
2016-10-16,Ath Bilbao,Sociedad,3,2,H,15,6,11,3,2016_17,LaLiga
2016-10-16,Sp Gijon,Valencia,1,2,A,10,7,2,3,2016_17,LaLiga
2016-10-16,Villarreal,Celta,5,0,H,11,4,5,1,2016_17,LaLiga
2016-10-17,Eibar,Osasuna,2,3,A,13,8,5,4,2016_17,LaLiga
2016-10-21,Osasuna,Betis,1,2,A,13,12,5,6,2016_17,LaLiga
2016-10-22,Espanol,Eibar,3,3,D,11,8,5,3,2016_17,LaLiga
2016-10-22,Granada,Sp Gijon,0,0,D,12,3,1,3,2016_17,LaLiga
2016-10-22,Sociedad,Alaves,3,0,H,16,10,5,3,2016_17,LaLiga
2016-10-22,Valencia,Barcelona,2,3,A,7,15,4,8,2016_17,LaLiga
2016-10-23,Celta,La Coruna,4,1,H,9,11,7,1,2016_17,LaLiga
2016-10-23,Malaga,Leganes,4,0,H,24,14,8,5,2016_17,LaLiga
2016-10-23,Real Madrid,Ath Bilbao,2,1,H,24,10,8,3,2016_17,LaLiga
2016-10-23,Sevilla,Ath Madrid,1,0,H,12,9,5,3,2016_17,LaLiga
2016-10-23,Villarreal,Las Palmas,2,1,H,14,8,4,4,2016_17,LaLiga
2016-10-28,Leganes,Sociedad,0,2,A,7,9,4,5,2016_17,LaLiga
2016-10-29,Alaves,Real Madrid,1,4,A,8,15,3,5,2016_17,LaLiga
2016-10-29,Ath Madrid,Malaga,4,2,H,16,6,7,3,2016_17,LaLiga
2016-10-29,Barcelona,Granada,1,0,H,15,1,5,0,2016_17,LaLiga
2016-10-29,Sp Gijon,Sevilla,1,1,D,9,20,5,6,2016_17,LaLiga
2016-10-30,Ath Bilbao,Osasuna,1,1,D,18,7,4,3,2016_17,LaLiga
2016-10-30,Betis,Espanol,0,1,A,13,10,5,5,2016_17,LaLiga
2016-10-30,Eibar,Villarreal,2,1,H,13,6,9,1,2016_17,LaLiga
2016-10-30,Las Palmas,Celta,3,3,D,17,9,8,6,2016_17,LaLiga
2016-10-31,La Coruna,Valencia,1,1,D,16,10,4,3,2016_17,LaLiga
2016-11-04,Malaga,Sp Gijon,3,2,H,22,7,7,4,2016_17,LaLiga
2016-11-05,Granada,La Coruna,1,1,D,14,13,6,5,2016_17,LaLiga
2016-11-05,Las Palmas,Eibar,1,0,H,16,13,6,5,2016_17,LaLiga
2016-11-05,Osasuna,Alaves,0,1,A,10,12,4,3,2016_17,LaLiga
2016-11-05,Sociedad,Ath Madrid,2,0,H,12,9,3,2,2016_17,LaLiga
2016-11-06,Celta,Valencia,2,1,H,7,13,4,4,2016_17,LaLiga
2016-11-06,Espanol,Ath Bilbao,0,0,D,6,4,3,0,2016_17,LaLiga
2016-11-06,Real Madrid,Leganes,3,0,H,17,7,7,3,2016_17,LaLiga
2016-11-06,Sevilla,Barcelona,1,2,A,15,14,4,7,2016_17,LaLiga
2016-11-06,Villarreal,Betis,2,0,H,15,7,7,3,2016_17,LaLiga
2016-11-18,Betis,Las Palmas,2,0,H,10,9,3,3,2016_17,LaLiga
2016-11-19,Ath Madrid,Real Madrid,0,3,A,16,12,5,7,2016_17,LaLiga
2016-11-19,Barcelona,Malaga,0,0,D,28,4,8,1,2016_17,LaLiga
2016-11-19,Eibar,Celta,1,0,H,12,6,5,2,2016_17,LaLiga
2016-11-19,La Coruna,Sevilla,2,3,A,4,20,3,7,2016_17,LaLiga
2016-11-20,Alaves,Espanol,0,1,A,10,10,4,3,2016_17,LaLiga
2016-11-20,Ath Bilbao,Villarreal,1,0,H,12,6,5,2,2016_17,LaLiga
2016-11-20,Sp Gijon,Sociedad,1,3,A,4,20,1,9,2016_17,LaLiga
2016-11-20,Valencia,Granada,1,1,D,14,9,7,5,2016_17,LaLiga
2016-11-21,Leganes,Osasuna,2,0,H,15,5,5,2,2016_17,LaLiga
2016-11-25,Eibar,Betis,3,1,H,16,7,9,2,2016_17,LaLiga
2016-11-26,Espanol,Leganes,3,0,H,8,8,4,3,2016_17,LaLiga
2016-11-26,Malaga,La Coruna,4,3,H,10,24,4,8,2016_17,LaLiga
2016-11-26,Real Madrid,Sp Gijon,2,1,H,19,9,7,3,2016_17,LaLiga
2016-11-26,Sevilla,Valencia,2,1,H,6,10,1,4,2016_17,LaLiga
2016-11-27,Celta,Granada,3,1,H,16,7,6,1,2016_17,LaLiga
2016-11-27,Osasuna,Ath Madrid,0,3,A,11,7,1,5,2016_17,LaLiga
2016-11-27,Sociedad,Barcelona,1,1,D,17,10,6,2,2016_17,LaLiga
2016-11-27,Villarreal,Alaves,0,2,A,23,10,10,7,2016_17,LaLiga
2016-11-28,Las Palmas,Ath Bilbao,3,1,H,10,10,4,3,2016_17,LaLiga
2016-12-03,Ath Madrid,Espanol,0,0,D,11,5,3,3,2016_17,LaLiga
2016-12-03,Barcelona,Real Madrid,1,1,D,11,14,2,5,2016_17,LaLiga
2016-12-03,Granada,Sevilla,2,1,H,11,17,6,6,2016_17,LaLiga
2016-12-03,Leganes,Villarreal,0,0,D,11,9,4,3,2016_17,LaLiga
2016-12-04,Alaves,Las Palmas,1,1,D,9,10,2,3,2016_17,LaLiga
2016-12-04,Ath Bilbao,Eibar,3,1,H,12,10,5,4,2016_17,LaLiga
2016-12-04,Betis,Celta,3,3,D,16,13,5,6,2016_17,LaLiga
2016-12-04,Sp Gijon,Osasuna,3,1,H,9,15,5,2,2016_17,LaLiga
2016-12-04,Valencia,Malaga,2,2,D,8,19,3,6,2016_17,LaLiga
2016-12-05,La Coruna,Sociedad,5,1,H,15,14,10,3,2016_17,LaLiga
2016-12-09,Malaga,Granada,1,1,D,16,8,7,2,2016_17,LaLiga
2016-12-10,Las Palmas,Leganes,1,1,D,5,11,1,6,2016_17,LaLiga
2016-12-10,Osasuna,Barcelona,0,3,A,4,17,1,6,2016_17,LaLiga
2016-12-10,Real Madrid,La Coruna,3,2,H,17,4,5,2,2016_17,LaLiga
2016-12-10,Sociedad,Valencia,3,2,H,14,9,6,3,2016_17,LaLiga
2016-12-11,Betis,Ath Bilbao,1,0,H,6,14,1,4,2016_17,LaLiga
2016-12-11,Celta,Sevilla,0,3,A,14,14,6,5,2016_17,LaLiga
2016-12-11,Eibar,Alaves,0,0,D,8,3,1,3,2016_17,LaLiga
2016-12-11,Espanol,Sp Gijon,2,1,H,12,13,6,5,2016_17,LaLiga
2016-12-12,Villarreal,Ath Madrid,3,0,H,9,13,5,3,2016_17,LaLiga
2016-12-16,Alaves,Betis,1,0,H,10,6,2,3,2016_17,LaLiga
2016-12-17,Ath Madrid,Las Palmas,1,0,H,16,11,3,3,2016_17,LaLiga
2016-12-17,Granada,Sociedad,0,2,A,10,18,4,6,2016_17,LaLiga
2016-12-17,Sevilla,Malaga,4,1,H,9,16,5,3,2016_17,LaLiga
2016-12-17,Sp Gijon,Villarreal,1,3,A,16,14,7,9,2016_17,LaLiga
2016-12-18,Barcelona,Espanol,4,1,H,14,4,7,1,2016_17,LaLiga
2016-12-18,La Coruna,Osasuna,2,0,H,8,13,4,3,2016_17,LaLiga
2016-12-18,Leganes,Eibar,1,1,D,8,15,2,4,2016_17,LaLiga
2016-12-19,Ath Bilbao,Celta,2,1,H,10,10,7,4,2016_17,LaLiga
2017-01-06,Espanol,La Coruna,1,1,D,14,13,4,3,2016_17,LaLiga
2017-01-07,Eibar,Ath Madrid,0,2,A,15,8,2,4,2016_17,LaLiga
2017-01-07,Las Palmas,Sp Gijon,1,0,H,16,10,10,2,2016_17,LaLiga
2017-01-07,Real Madrid,Granada,5,0,H,23,3,13,1,2016_17,LaLiga
2017-01-07,Sociedad,Sevilla,0,4,A,11,11,5,10,2016_17,LaLiga
2017-01-08,Ath Bilbao,Alaves,0,0,D,15,10,4,4,2016_17,LaLiga
2017-01-08,Betis,Leganes,2,0,H,16,9,3,3,2016_17,LaLiga
2017-01-08,Celta,Malaga,3,1,H,6,13,3,4,2016_17,LaLiga
2017-01-08,Villarreal,Barcelona,1,1,D,6,20,3,7,2016_17,LaLiga
2017-01-09,Osasuna,Valencia,3,3,D,22,7,4,3,2016_17,LaLiga
2017-01-14,Ath Madrid,Betis,1,0,H,6,10,3,6,2016_17,LaLiga
2017-01-14,Barcelona,Las Palmas,5,0,H,22,7,10,1,2016_17,LaLiga
2017-01-14,La Coruna,Villarreal,0,0,D,13,4,3,1,2016_17,LaLiga
2017-01-14,Leganes,Ath Bilbao,0,0,D,15,10,5,2,2016_17,LaLiga
2017-01-15,Celta,Alaves,1,0,H,13,9,4,1,2016_17,LaLiga
2017-01-15,Granada,Osasuna,1,1,D,8,13,4,3,2016_17,LaLiga
2017-01-15,Sevilla,Real Madrid,2,1,H,9,10,4,3,2016_17,LaLiga
2017-01-15,Sp Gijon,Eibar,2,3,A,10,18,4,7,2016_17,LaLiga
2017-01-15,Valencia,Espanol,2,1,H,10,6,5,3,2016_17,LaLiga
2017-01-16,Malaga,Sociedad,0,2,A,5,11,1,5,2016_17,LaLiga
2017-01-20,Las Palmas,La Coruna,1,1,D,9,7,3,1,2016_17,LaLiga
2017-01-21,Alaves,Leganes,2,2,D,8,13,3,4,2016_17,LaLiga
2017-01-21,Espanol,Granada,3,1,H,17,7,8,4,2016_17,LaLiga
2017-01-21,Real Madrid,Malaga,2,1,H,14,10,7,6,2016_17,LaLiga
2017-01-21,Villarreal,Valencia,0,2,A,20,13,5,5,2016_17,LaLiga
2017-01-22,Ath Bilbao,Ath Madrid,2,2,D,8,11,5,5,2016_17,LaLiga
2017-01-22,Betis,Sp Gijon,0,0,D,16,7,4,1,2016_17,LaLiga
2017-01-22,Eibar,Barcelona,0,4,A,14,14,6,7,2016_17,LaLiga
2017-01-22,Osasuna,Sevilla,3,4,A,14,13,7,9,2016_17,LaLiga
2017-01-22,Sociedad,Celta,1,0,H,17,11,6,5,2016_17,LaLiga
2017-01-27,Osasuna,Malaga,1,1,D,14,14,2,5,2016_17,LaLiga
2017-01-28,Alaves,Ath Madrid,0,0,D,19,8,4,2,2016_17,LaLiga
2017-01-28,Eibar,La Coruna,3,1,H,12,20,6,7,2016_17,LaLiga
2017-01-28,Leganes,Celta,0,2,A,6,3,0,3,2016_17,LaLiga
2017-01-28,Villarreal,Granada,2,0,H,18,7,6,0,2016_17,LaLiga
2017-01-29,Ath Bilbao,Sp Gijon,2,1,H,11,5,6,3,2016_17,LaLiga
2017-01-29,Betis,Barcelona,1,1,D,17,10,7,4,2016_17,LaLiga
2017-01-29,Espanol,Sevilla,3,1,H,16,12,8,5,2016_17,LaLiga
2017-01-29,Real Madrid,Sociedad,3,0,H,7,9,4,3,2016_17,LaLiga
2017-01-30,Las Palmas,Valencia,3,1,H,9,8,4,3,2016_17,LaLiga
2017-02-04,Ath Madrid,Leganes,2,0,H,12,15,4,2,2016_17,LaLiga
2017-02-04,Barcelona,Ath Bilbao,3,0,H,16,10,6,5,2016_17,LaLiga
2017-02-04,Malaga,Espanol,0,1,A,19,4,5,3,2016_17,LaLiga
2017-02-04,Valencia,Eibar,0,4,A,8,11,1,7,2016_17,LaLiga
2017-02-05,Sevilla,Villarreal,0,0,D,14,11,4,4,2016_17,LaLiga
2017-02-05,Sociedad,Osasuna,3,2,H,13,11,6,5,2016_17,LaLiga
2017-02-05,Sp Gijon,Alaves,2,4,A,12,14,4,7,2016_17,LaLiga
2017-02-06,Granada,Las Palmas,1,0,H,12,15,4,5,2016_17,LaLiga
2017-02-10,Espanol,Sociedad,1,2,A,7,15,2,5,2016_17,LaLiga
2017-02-11,Alaves,Barcelona,0,6,A,9,21,4,9,2016_17,LaLiga
2017-02-11,Ath Bilbao,La Coruna,2,1,H,13,8,5,3,2016_17,LaLiga
2017-02-11,Betis,Valencia,0,0,D,16,8,2,4,2016_17,LaLiga
2017-02-11,Osasuna,Real Madrid,1,3,A,11,12,8,6,2016_17,LaLiga
2017-02-12,Ath Madrid,Celta,3,2,H,16,14,5,6,2016_17,LaLiga
2017-02-12,Las Palmas,Sevilla,0,1,A,15,12,7,3,2016_17,LaLiga
2017-02-12,Leganes,Sp Gijon,0,2,A,9,4,3,2,2016_17,LaLiga
2017-02-12,Villarreal,Malaga,1,1,D,12,11,5,5,2016_17,LaLiga
2017-02-13,Eibar,Granada,4,0,H,25,13,9,3,2016_17,LaLiga
2017-02-17,Granada,Betis,4,1,H,10,6,8,2,2016_17,LaLiga
2017-02-18,La Coruna,Alaves,0,1,A,16,6,4,4,2016_17,LaLiga
2017-02-18,Real Madrid,Espanol,2,0,H,12,3,3,1,2016_17,LaLiga
2017-02-18,Sevilla,Eibar,2,0,H,11,11,5,3,2016_17,LaLiga
2017-02-18,Sp Gijon,Ath Madrid,1,4,A,15,11,2,6,2016_17,LaLiga
2017-02-19,Barcelona,Leganes,2,1,H,13,11,6,6,2016_17,LaLiga
2017-02-19,Celta,Osasuna,3,0,H,11,8,4,3,2016_17,LaLiga
2017-02-19,Sociedad,Villarreal,0,1,A,16,7,0,3,2016_17,LaLiga
2017-02-19,Valencia,Ath Bilbao,2,0,H,15,15,5,5,2016_17,LaLiga
2017-02-20,Malaga,Las Palmas,2,1,H,13,13,6,4,2016_17,LaLiga
2017-02-22,Valencia,Real Madrid,2,1,H,8,22,5,5,2016_17,LaLiga
2017-02-24,Las Palmas,Sociedad,0,1,A,18,9,7,2,2016_17,LaLiga
2017-02-25,Alaves,Valencia,2,1,H,13,5,5,2,2016_17,LaLiga
2017-02-25,Betis,Sevilla,1,2,A,15,13,4,4,2016_17,LaLiga
2017-02-25,Eibar,Malaga,3,0,H,8,4,4,2,2016_17,LaLiga
2017-02-25,Leganes,La Coruna,4,0,H,7,11,5,3,2016_17,LaLiga
2017-02-26,Ath Bilbao,Granada,3,1,H,14,7,7,2,2016_17,LaLiga
2017-02-26,Ath Madrid,Barcelona,1,2,A,12,15,4,6,2016_17,LaLiga
2017-02-26,Espanol,Osasuna,3,0,H,18,4,6,1,2016_17,LaLiga
2017-02-26,Sp Gijon,Celta,1,1,D,20,16,6,5,2016_17,LaLiga
2017-02-26,Villarreal,Real Madrid,2,3,A,11,25,4,6,2016_17,LaLiga
2017-02-28,Malaga,Betis,1,2,A,15,11,4,5,2016_17,LaLiga
2017-02-28,Sociedad,Eibar,2,2,D,14,13,7,4,2016_17,LaLiga
2017-02-28,Valencia,Leganes,1,0,H,16,3,6,0,2016_17,LaLiga
2017-03-01,Barcelona,Sp Gijon,6,1,H,25,5,9,2,2016_17,LaLiga
2017-03-01,Celta,Espanol,2,2,D,8,8,4,2,2016_17,LaLiga
2017-03-01,Granada,Alaves,2,1,H,13,11,6,5,2016_17,LaLiga
2017-03-01,Osasuna,Villarreal,1,4,A,17,12,3,6,2016_17,LaLiga
2017-03-01,Real Madrid,Las Palmas,3,3,D,20,17,7,8,2016_17,LaLiga
2017-03-02,La Coruna,Ath Madrid,1,1,D,13,10,2,4,2016_17,LaLiga
2017-03-02,Sevilla,Ath Bilbao,1,0,H,14,14,4,4,2016_17,LaLiga
2017-03-03,Betis,Sociedad,2,3,A,12,9,5,6,2016_17,LaLiga
2017-03-04,Barcelona,Celta,5,0,H,19,7,9,2,2016_17,LaLiga
2017-03-04,Eibar,Real Madrid,1,4,A,12,12,2,7,2016_17,LaLiga
2017-03-04,Leganes,Granada,1,0,H,16,1,4,1,2016_17,LaLiga
2017-03-04,Villarreal,Espanol,2,0,H,11,8,6,2,2016_17,LaLiga
2017-03-05,Ath Bilbao,Malaga,1,0,H,15,8,3,2,2016_17,LaLiga
2017-03-05,Ath Madrid,Valencia,3,0,H,18,6,8,2,2016_17,LaLiga
2017-03-05,Las Palmas,Osasuna,5,2,H,16,10,8,4,2016_17,LaLiga
2017-03-05,Sp Gijon,La Coruna,0,1,A,9,7,2,3,2016_17,LaLiga
2017-03-06,Alaves,Sevilla,1,1,D,18,9,4,1,2016_17,LaLiga
2017-03-08,La Coruna,Betis,1,1,D,15,5,5,3,2016_17,LaLiga
2017-03-10,Espanol,Las Palmas,4,3,H,12,12,6,5,2016_17,LaLiga
2017-03-11,Granada,Ath Madrid,0,1,A,12,15,2,6,2016_17,LaLiga
2017-03-11,Malaga,Alaves,1,2,A,15,4,9,2,2016_17,LaLiga
2017-03-11,Sevilla,Leganes,1,1,D,12,12,4,4,2016_17,LaLiga
2017-03-11,Valencia,Sp Gijon,1,1,D,20,10,7,4,2016_17,LaLiga
2017-03-12,Celta,Villarreal,0,1,A,12,8,1,4,2016_17,LaLiga
2017-03-12,La Coruna,Barcelona,2,1,H,14,16,9,5,2016_17,LaLiga
2017-03-12,Real Madrid,Betis,2,1,H,14,9,4,4,2016_17,LaLiga
2017-03-12,Sociedad,Ath Bilbao,0,2,A,16,9,4,5,2016_17,LaLiga
2017-03-13,Osasuna,Eibar,1,1,D,10,14,6,7,2016_17,LaLiga
2017-03-17,Las Palmas,Villarreal,1,0,H,19,8,10,3,2016_17,LaLiga
2017-03-18,Alaves,Sociedad,1,0,H,10,10,5,2,2016_17,LaLiga
2017-03-18,Ath Bilbao,Real Madrid,1,2,A,12,9,5,4,2016_17,LaLiga
2017-03-18,Betis,Osasuna,2,0,H,9,13,5,5,2016_17,LaLiga
2017-03-18,Eibar,Espanol,1,1,D,16,4,4,1,2016_17,LaLiga
2017-03-19,Ath Madrid,Sevilla,3,1,H,15,9,8,2,2016_17,LaLiga
2017-03-19,Barcelona,Valencia,4,2,H,28,6,12,5,2016_17,LaLiga
2017-03-19,La Coruna,Celta,0,1,A,9,9,2,2,2016_17,LaLiga
2017-03-19,Leganes,Malaga,0,0,D,14,8,2,1,2016_17,LaLiga
2017-03-19,Sp Gijon,Granada,3,1,H,15,12,11,5,2016_17,LaLiga
2017-03-31,Espanol,Betis,2,1,H,8,10,5,3,2016_17,LaLiga
2017-04-01,Malaga,Ath Madrid,0,2,A,21,7,5,6,2016_17,LaLiga
2017-04-01,Osasuna,Ath Bilbao,1,2,A,8,9,6,4,2016_17,LaLiga
2017-04-01,Sociedad,Leganes,1,1,D,14,6,5,3,2016_17,LaLiga
2017-04-01,Villarreal,Eibar,2,3,A,15,14,7,4,2016_17,LaLiga
2017-04-02,Granada,Barcelona,1,4,A,7,26,5,13,2016_17,LaLiga
2017-04-02,Real Madrid,Alaves,3,0,H,18,12,6,3,2016_17,LaLiga
2017-04-02,Sevilla,Sp Gijon,0,0,D,18,8,6,2,2016_17,LaLiga
2017-04-02,Valencia,La Coruna,3,0,H,14,13,8,5,2016_17,LaLiga
2017-04-03,Celta,Las Palmas,3,1,H,13,12,6,5,2016_17,LaLiga
2017-04-04,Ath Bilbao,Espanol,2,0,H,13,5,5,2,2016_17,LaLiga
2017-04-04,Ath Madrid,Sociedad,1,0,H,20,10,8,1,2016_17,LaLiga
2017-04-04,Betis,Villarreal,0,1,A,15,6,3,2,2016_17,LaLiga
2017-04-05,Alaves,Osasuna,0,1,A,15,7,3,6,2016_17,LaLiga
2017-04-05,Barcelona,Sevilla,3,0,H,15,7,7,3,2016_17,LaLiga
2017-04-05,La Coruna,Granada,0,0,D,12,10,3,2,2016_17,LaLiga
2017-04-05,Leganes,Real Madrid,2,4,A,14,18,3,8,2016_17,LaLiga
2017-04-05,Sp Gijon,Malaga,0,1,A,14,11,5,3,2016_17,LaLiga
2017-04-06,Eibar,Las Palmas,3,1,H,11,8,6,6,2016_17,LaLiga
2017-04-06,Valencia,Celta,3,2,H,15,12,10,3,2016_17,LaLiga
2017-04-07,Villarreal,Ath Bilbao,3,1,H,10,11,5,5,2016_17,LaLiga
2017-04-08,Espanol,Alaves,1,0,H,15,9,6,0,2016_17,LaLiga
2017-04-08,Malaga,Barcelona,2,0,H,8,11,4,3,2016_17,LaLiga
2017-04-08,Real Madrid,Ath Madrid,1,1,D,20,10,6,4,2016_17,LaLiga
2017-04-08,Sevilla,La Coruna,4,2,H,19,9,13,4,2016_17,LaLiga
2017-04-09,Celta,Eibar,0,2,A,12,11,3,6,2016_17,LaLiga
2017-04-09,Granada,Valencia,1,3,A,21,17,5,8,2016_17,LaLiga
2017-04-09,Las Palmas,Betis,4,1,H,9,13,6,5,2016_17,LaLiga
2017-04-09,Osasuna,Leganes,2,1,H,11,17,6,2,2016_17,LaLiga
2017-04-10,Sociedad,Sp Gijon,3,1,H,20,10,7,3,2016_17,LaLiga
2017-04-14,Ath Bilbao,Las Palmas,5,1,H,18,8,7,2,2016_17,LaLiga
2017-04-15,Ath Madrid,Osasuna,3,0,H,19,3,8,0,2016_17,LaLiga
2017-04-15,Barcelona,Sociedad,3,2,H,16,14,9,7,2016_17,LaLiga
2017-04-15,La Coruna,Malaga,2,0,H,11,11,4,3,2016_17,LaLiga
2017-04-15,Sp Gijon,Real Madrid,2,3,A,4,18,2,6,2016_17,LaLiga
2017-04-16,Betis,Eibar,2,0,H,6,10,4,3,2016_17,LaLiga
2017-04-16,Granada,Celta,0,3,A,17,15,4,4,2016_17,LaLiga
2017-04-16,Leganes,Espanol,0,1,A,15,7,5,2,2016_17,LaLiga
2017-04-16,Valencia,Sevilla,0,0,D,14,10,3,2,2016_17,LaLiga
2017-04-17,Alaves,Villarreal,2,1,H,11,11,5,5,2016_17,LaLiga
2017-04-21,Sevilla,Granada,2,0,H,28,9,12,2,2016_17,LaLiga
2017-04-22,Espanol,Ath Madrid,0,1,A,10,13,2,3,2016_17,LaLiga
2017-04-22,Malaga,Valencia,2,0,H,10,13,4,2,2016_17,LaLiga
2017-04-22,Osasuna,Sp Gijon,2,2,D,7,12,1,4,2016_17,LaLiga
2017-04-22,Villarreal,Leganes,2,1,H,11,8,5,4,2016_17,LaLiga
2017-04-23,Celta,Betis,0,1,A,8,17,4,6,2016_17,LaLiga
2017-04-23,Las Palmas,Alaves,1,1,D,14,12,3,5,2016_17,LaLiga
2017-04-23,Real Madrid,Barcelona,2,3,A,22,16,14,9,2016_17,LaLiga
2017-04-23,Sociedad,La Coruna,1,0,H,17,5,3,1,2016_17,LaLiga
2017-04-24,Eibar,Ath Bilbao,0,1,A,7,9,2,3,2016_17,LaLiga
2017-04-25,Ath Madrid,Villarreal,0,1,A,23,6,9,2,2016_17,LaLiga
2017-04-25,Granada,Malaga,0,2,A,3,17,1,6,2016_17,LaLiga
2017-04-25,Sp Gijon,Espanol,1,1,D,16,14,6,5,2016_17,LaLiga
2017-04-26,Barcelona,Osasuna,7,1,H,19,3,9,2,2016_17,LaLiga
2017-04-26,La Coruna,Real Madrid,2,6,A,19,22,7,11,2016_17,LaLiga
2017-04-26,Leganes,Las Palmas,3,0,H,16,7,5,0,2016_17,LaLiga
2017-04-26,Valencia,Sociedad,2,3,A,14,8,3,2,2016_17,LaLiga
2017-04-27,Alaves,Eibar,0,0,D,14,6,4,4,2016_17,LaLiga
2017-04-27,Ath Bilbao,Betis,2,1,H,18,9,9,3,2016_17,LaLiga
2017-04-27,Sevilla,Celta,2,1,H,16,10,5,1,2016_17,LaLiga
2017-04-28,Villarreal,Sp Gijon,3,1,H,18,14,6,7,2016_17,LaLiga
2017-04-29,Espanol,Barcelona,0,3,A,6,15,3,9,2016_17,LaLiga
2017-04-29,Las Palmas,Ath Madrid,0,5,A,15,8,3,7,2016_17,LaLiga
2017-04-29,Real Madrid,Valencia,2,1,H,20,9,5,2,2016_17,LaLiga
2017-04-29,Sociedad,Granada,2,1,H,13,5,5,3,2016_17,LaLiga
2017-04-30,Betis,Alaves,1,4,A,11,9,3,5,2016_17,LaLiga
2017-04-30,Celta,Ath Bilbao,0,3,A,5,22,0,12,2016_17,LaLiga
2017-04-30,Eibar,Leganes,2,0,H,9,12,5,1,2016_17,LaLiga
2017-04-30,Osasuna,La Coruna,2,2,D,16,15,5,5,2016_17,LaLiga
2017-05-01,Malaga,Sevilla,4,2,H,11,9,5,4,2016_17,LaLiga
2017-05-05,Sevilla,Sociedad,1,1,D,11,9,3,3,2016_17,LaLiga
2017-05-06,Ath Madrid,Eibar,1,0,H,14,7,5,3,2016_17,LaLiga
2017-05-06,Barcelona,Villarreal,4,1,H,20,8,8,4,2016_17,LaLiga
2017-05-06,Granada,Real Madrid,0,4,A,13,16,3,8,2016_17,LaLiga
2017-05-06,Sp Gijon,Las Palmas,1,0,H,16,8,3,2,2016_17,LaLiga
2017-05-07,Alaves,Ath Bilbao,1,0,H,9,20,3,6,2016_17,LaLiga
2017-05-07,La Coruna,Espanol,1,2,A,21,9,5,3,2016_17,LaLiga
2017-05-07,Malaga,Celta,3,0,H,14,5,8,2,2016_17,LaLiga
2017-05-07,Valencia,Osasuna,4,1,H,19,9,8,4,2016_17,LaLiga
2017-05-08,Leganes,Betis,4,0,H,6,13,4,3,2016_17,LaLiga
2017-05-13,Espanol,Valencia,0,1,A,15,9,3,3,2016_17,LaLiga
2017-05-13,Osasuna,Granada,2,1,H,19,9,7,3,2016_17,LaLiga
2017-05-14,Alaves,Celta,3,1,H,11,15,4,4,2016_17,LaLiga
2017-05-14,Ath Bilbao,Leganes,1,1,D,15,5,6,2,2016_17,LaLiga
2017-05-14,Betis,Ath Madrid,1,1,D,13,5,5,2,2016_17,LaLiga
2017-05-14,Eibar,Sp Gijon,0,1,A,10,11,2,4,2016_17,LaLiga
2017-05-14,Las Palmas,Barcelona,1,4,A,11,11,5,5,2016_17,LaLiga
2017-05-14,Real Madrid,Sevilla,4,1,H,14,11,7,6,2016_17,LaLiga
2017-05-14,Sociedad,Malaga,2,2,D,15,9,5,4,2016_17,LaLiga
2017-05-14,Villarreal,La Coruna,0,0,D,21,3,4,1,2016_17,LaLiga
2017-05-17,Celta,Real Madrid,1,4,A,17,13,6,8,2016_17,LaLiga
2017-05-19,Granada,Espanol,1,2,A,16,5,7,3,2016_17,LaLiga
2017-05-20,La Coruna,Las Palmas,3,0,H,9,13,5,4,2016_17,LaLiga
2017-05-20,Leganes,Alaves,1,1,D,15,17,4,5,2016_17,LaLiga
2017-05-20,Sevilla,Osasuna,5,0,H,17,5,7,2,2016_17,LaLiga
2017-05-20,Sp Gijon,Betis,2,2,D,11,21,5,9,2016_17,LaLiga
2017-05-21,Ath Madrid,Ath Bilbao,3,1,H,12,16,4,1,2016_17,LaLiga
2017-05-21,Barcelona,Eibar,4,2,H,18,6,11,4,2016_17,LaLiga
2017-05-21,Celta,Sociedad,2,2,D,13,18,5,8,2016_17,LaLiga
2017-05-21,Malaga,Real Madrid,0,2,A,22,16,6,8,2016_17,LaLiga
2017-05-21,Valencia,Villarreal,1,3,A,16,14,5,6,2016_17,LaLiga
2017-08-18,Leganes,Alaves,1,0,H,16,6,9,3,2017_18,LaLiga
2017-08-18,Valencia,Las Palmas,1,0,H,22,5,6,4,2017_18,LaLiga
2017-08-19,Celta,Sociedad,2,3,A,16,13,5,6,2017_18,LaLiga
2017-08-19,Girona,Ath Madrid,2,2,D,13,9,6,3,2017_18,LaLiga
2017-08-19,Sevilla,Espanol,1,1,D,9,9,4,6,2017_18,LaLiga
2017-08-20,Ath Bilbao,Getafe,0,0,D,12,8,2,2,2017_18,LaLiga
2017-08-20,Barcelona,Betis,2,0,H,15,3,2,0,2017_18,LaLiga
2017-08-20,La Coruna,Real Madrid,0,3,A,12,16,6,8,2017_18,LaLiga
2017-08-21,Levante,Villarreal,1,0,H,14,9,3,1,2017_18,LaLiga
2017-08-21,Malaga,Eibar,0,1,A,10,13,4,6,2017_18,LaLiga
2017-08-25,Betis,Celta,2,1,H,10,9,3,2,2017_18,LaLiga
2017-08-25,Sociedad,Villarreal,3,0,H,15,6,9,1,2017_18,LaLiga
2017-08-26,Alaves,Barcelona,0,2,A,11,23,2,11,2017_18,LaLiga
2017-08-26,Girona,Malaga,1,0,H,15,7,4,2,2017_18,LaLiga
2017-08-26,Las Palmas,Ath Madrid,1,5,A,10,8,4,6,2017_18,LaLiga
2017-08-26,Levante,La Coruna,2,2,D,24,11,5,4,2017_18,LaLiga
2017-08-27,Eibar,Ath Bilbao,0,1,A,14,10,5,4,2017_18,LaLiga
2017-08-27,Espanol,Leganes,0,1,A,17,12,2,8,2017_18,LaLiga
2017-08-27,Getafe,Sevilla,0,1,A,15,6,3,3,2017_18,LaLiga
2017-08-27,Real Madrid,Valencia,2,2,D,22,7,6,3,2017_18,LaLiga
2017-09-08,Leganes,Getafe,1,2,A,11,11,7,3,2017_18,LaLiga
2017-09-09,Barcelona,Espanol,5,0,H,20,9,9,1,2017_18,LaLiga
2017-09-09,Real Madrid,Levante,1,1,D,18,5,10,2,2017_18,LaLiga
2017-09-09,Sevilla,Eibar,3,0,H,12,7,6,2,2017_18,LaLiga
2017-09-09,Valencia,Ath Madrid,0,0,D,11,13,0,4,2017_18,LaLiga
2017-09-10,Ath Bilbao,Girona,2,0,H,7,11,4,7,2017_18,LaLiga
2017-09-10,Celta,Alaves,1,0,H,20,5,3,3,2017_18,LaLiga
2017-09-10,La Coruna,Sociedad,2,4,A,11,15,4,4,2017_18,LaLiga
2017-09-10,Villarreal,Betis,3,1,H,14,8,7,3,2017_18,LaLiga
2017-09-11,Malaga,Las Palmas,1,3,A,14,10,6,8,2017_18,LaLiga
2017-09-15,Eibar,Leganes,1,0,H,10,5,4,2,2017_18,LaLiga
2017-09-16,Ath Madrid,Malaga,1,0,H,17,9,4,4,2017_18,LaLiga
2017-09-16,Betis,La Coruna,2,1,H,17,11,7,3,2017_18,LaLiga
2017-09-16,Getafe,Barcelona,1,2,A,13,7,4,5,2017_18,LaLiga
2017-09-16,Levante,Valencia,1,1,D,9,13,2,5,2017_18,LaLiga
2017-09-17,Alaves,Villarreal,0,3,A,16,16,2,6,2017_18,LaLiga
2017-09-17,Girona,Sevilla,0,1,A,13,13,0,8,2017_18,LaLiga
2017-09-17,Las Palmas,Ath Bilbao,1,0,H,12,11,3,5,2017_18,LaLiga
2017-09-17,Sociedad,Real Madrid,1,3,A,10,18,5,6,2017_18,LaLiga
2017-09-18,Espanol,Celta,2,1,H,9,11,3,1,2017_18,LaLiga
2017-09-19,Barcelona,Eibar,6,1,H,11,13,10,4,2017_18,LaLiga
2017-09-19,Valencia,Malaga,5,0,H,16,11,11,2,2017_18,LaLiga
2017-09-20,Ath Bilbao,Ath Madrid,1,2,A,12,16,7,9,2017_18,LaLiga
2017-09-20,La Coruna,Alaves,1,0,H,15,8,3,3,2017_18,LaLiga
2017-09-20,Leganes,Girona,0,0,D,12,10,1,0,2017_18,LaLiga
2017-09-20,Real Madrid,Betis,0,1,A,27,12,7,4,2017_18,LaLiga
2017-09-20,Sevilla,Las Palmas,1,0,H,14,6,9,0,2017_18,LaLiga
2017-09-21,Celta,Getafe,1,1,D,8,10,4,3,2017_18,LaLiga
2017-09-21,Levante,Sociedad,3,0,H,13,13,9,3,2017_18,LaLiga
2017-09-21,Villarreal,Espanol,0,0,D,14,10,5,3,2017_18,LaLiga
2017-09-23,Alaves,Real Madrid,1,2,A,8,21,3,7,2017_18,LaLiga
2017-09-23,Ath Madrid,Sevilla,2,0,H,13,11,4,0,2017_18,LaLiga
2017-09-23,Girona,Barcelona,0,3,A,13,9,2,5,2017_18,LaLiga
2017-09-23,Malaga,Ath Bilbao,3,3,D,15,8,7,7,2017_18,LaLiga
2017-09-24,Eibar,Celta,0,4,A,9,10,0,6,2017_18,LaLiga
2017-09-24,Espanol,La Coruna,4,1,H,17,21,5,6,2017_18,LaLiga
2017-09-24,Getafe,Villarreal,4,0,H,17,6,8,1,2017_18,LaLiga
2017-09-24,Las Palmas,Leganes,0,2,A,8,9,3,3,2017_18,LaLiga
2017-09-24,Sociedad,Valencia,2,3,A,18,13,6,4,2017_18,LaLiga
2017-09-25,Betis,Levante,4,0,H,14,8,6,1,2017_18,LaLiga
2017-09-29,Celta,Girona,3,3,D,16,10,9,6,2017_18,LaLiga
2017-09-30,La Coruna,Getafe,2,1,H,15,10,9,3,2017_18,LaLiga
2017-09-30,Leganes,Ath Madrid,0,0,D,7,11,3,2,2017_18,LaLiga
2017-09-30,Levante,Alaves,0,2,A,13,8,0,3,2017_18,LaLiga
2017-09-30,Sevilla,Malaga,2,0,H,12,11,5,4,2017_18,LaLiga
2017-10-01,Barcelona,Las Palmas,3,0,H,22,10,10,1,2017_18,LaLiga
2017-10-01,Real Madrid,Espanol,2,0,H,22,8,8,3,2017_18,LaLiga
2017-10-01,Sociedad,Betis,4,4,D,17,10,6,6,2017_18,LaLiga
2017-10-01,Valencia,Ath Bilbao,3,2,H,10,16,6,6,2017_18,LaLiga
2017-10-01,Villarreal,Eibar,3,0,H,12,8,6,1,2017_18,LaLiga
2017-10-13,Espanol,Levante,0,0,D,20,13,6,3,2017_18,LaLiga
2017-10-14,Alaves,Sociedad,0,2,A,8,13,0,6,2017_18,LaLiga
2017-10-14,Ath Bilbao,Sevilla,1,0,H,15,14,2,6,2017_18,LaLiga
2017-10-14,Ath Madrid,Barcelona,1,1,D,5,15,4,7,2017_18,LaLiga
2017-10-14,Getafe,Real Madrid,1,2,A,8,16,3,6,2017_18,LaLiga
2017-10-15,Betis,Valencia,3,6,A,13,13,6,9,2017_18,LaLiga
2017-10-15,Eibar,La Coruna,0,0,D,15,11,6,3,2017_18,LaLiga
2017-10-15,Girona,Villarreal,1,2,A,14,5,3,2,2017_18,LaLiga
2017-10-15,Malaga,Leganes,0,2,A,13,19,5,9,2017_18,LaLiga
2017-10-16,Las Palmas,Celta,2,5,A,24,14,11,7,2017_18,LaLiga
2017-10-21,Barcelona,Malaga,2,0,H,12,13,4,5,2017_18,LaLiga
2017-10-21,Betis,Alaves,2,0,H,12,7,5,3,2017_18,LaLiga
2017-10-21,Levante,Getafe,1,1,D,5,9,1,5,2017_18,LaLiga
2017-10-21,Valencia,Sevilla,4,0,H,18,18,8,5,2017_18,LaLiga
2017-10-22,Celta,Ath Madrid,0,1,A,19,4,8,2,2017_18,LaLiga
2017-10-22,Leganes,Ath Bilbao,1,0,H,15,7,4,1,2017_18,LaLiga
2017-10-22,Real Madrid,Eibar,3,0,H,15,9,7,2,2017_18,LaLiga
2017-10-22,Villarreal,Las Palmas,4,0,H,25,16,9,5,2017_18,LaLiga
2017-10-23,La Coruna,Girona,1,2,A,15,13,6,6,2017_18,LaLiga
2017-10-23,Sociedad,Espanol,1,1,D,19,4,5,1,2017_18,LaLiga
2017-10-28,Alaves,Valencia,1,2,A,16,7,6,2,2017_18,LaLiga
2017-10-28,Ath Bilbao,Barcelona,0,2,A,17,17,5,5,2017_18,LaLiga
2017-10-28,Ath Madrid,Villarreal,1,1,D,18,12,6,4,2017_18,LaLiga
2017-10-28,Sevilla,Leganes,2,1,H,9,10,5,1,2017_18,LaLiga
2017-10-29,Eibar,Levante,2,2,D,16,3,6,2,2017_18,LaLiga
2017-10-29,Getafe,Sociedad,2,1,H,10,15,5,4,2017_18,LaLiga
2017-10-29,Girona,Real Madrid,2,1,H,15,15,4,6,2017_18,LaLiga
2017-10-29,Malaga,Celta,2,1,H,15,10,4,2,2017_18,LaLiga
2017-10-30,Espanol,Betis,1,0,H,10,9,4,4,2017_18,LaLiga
2017-10-30,Las Palmas,La Coruna,1,3,A,13,15,5,5,2017_18,LaLiga
2017-11-03,Betis,Getafe,2,2,D,15,9,4,2,2017_18,LaLiga
2017-11-04,Alaves,Espanol,1,0,H,17,9,6,3,2017_18,LaLiga
2017-11-04,Barcelona,Sevilla,2,1,H,18,8,6,3,2017_18,LaLiga
2017-11-04,La Coruna,Ath Madrid,0,1,A,14,11,1,3,2017_18,LaLiga
2017-11-04,Valencia,Leganes,3,0,H,13,13,7,6,2017_18,LaLiga
2017-11-05,Celta,Ath Bilbao,3,1,H,11,14,5,5,2017_18,LaLiga
2017-11-05,Levante,Girona,1,2,A,7,10,4,5,2017_18,LaLiga
2017-11-05,Real Madrid,Las Palmas,3,0,H,27,2,9,1,2017_18,LaLiga
2017-11-05,Sociedad,Eibar,3,1,H,10,9,6,5,2017_18,LaLiga
2017-11-05,Villarreal,Malaga,2,0,H,14,10,3,2,2017_18,LaLiga
2017-11-17,Girona,Sociedad,1,1,D,14,14,4,5,2017_18,LaLiga
2017-11-18,Ath Madrid,Real Madrid,0,0,D,7,14,1,3,2017_18,LaLiga
2017-11-18,Getafe,Alaves,4,1,H,13,11,8,5,2017_18,LaLiga
2017-11-18,Leganes,Barcelona,0,3,A,18,11,7,7,2017_18,LaLiga
2017-11-18,Sevilla,Celta,2,1,H,12,11,5,5,2017_18,LaLiga
2017-11-19,Ath Bilbao,Villarreal,1,1,D,15,7,3,4,2017_18,LaLiga
2017-11-19,Espanol,Valencia,0,2,A,12,7,4,3,2017_18,LaLiga
2017-11-19,Las Palmas,Levante,0,2,A,10,11,5,6,2017_18,LaLiga
2017-11-19,Malaga,La Coruna,3,2,H,14,12,5,4,2017_18,LaLiga
2017-11-20,Eibar,Betis,5,0,H,17,4,7,0,2017_18,LaLiga
2017-11-24,Celta,Leganes,1,0,H,14,9,7,2,2017_18,LaLiga
2017-11-25,Alaves,Eibar,1,2,A,6,11,2,6,2017_18,LaLiga
2017-11-25,Betis,Girona,2,2,D,12,13,6,7,2017_18,LaLiga
2017-11-25,Levante,Ath Madrid,0,5,A,17,16,2,11,2017_18,LaLiga
2017-11-25,Real Madrid,Malaga,3,2,H,16,9,9,3,2017_18,LaLiga
2017-11-26,La Coruna,Ath Bilbao,2,2,D,14,10,4,3,2017_18,LaLiga
2017-11-26,Sociedad,Las Palmas,2,2,D,16,8,3,7,2017_18,LaLiga
2017-11-26,Valencia,Barcelona,1,1,D,8,12,1,8,2017_18,LaLiga
2017-11-26,Villarreal,Sevilla,2,3,A,19,15,4,4,2017_18,LaLiga
2017-11-27,Espanol,Getafe,1,0,H,10,7,5,4,2017_18,LaLiga
2017-12-01,Malaga,Levante,0,0,D,18,3,2,3,2017_18,LaLiga
2017-12-02,Ath Bilbao,Real Madrid,0,0,D,11,19,4,4,2017_18,LaLiga
2017-12-02,Ath Madrid,Sociedad,2,1,H,16,10,10,2,2017_18,LaLiga
2017-12-02,Barcelona,Celta,2,2,D,21,10,7,5,2017_18,LaLiga
2017-12-02,Sevilla,La Coruna,2,0,H,10,11,6,3,2017_18,LaLiga
2017-12-03,Eibar,Espanol,3,1,H,10,6,5,3,2017_18,LaLiga
2017-12-03,Getafe,Valencia,1,0,H,11,13,3,6,2017_18,LaLiga
2017-12-03,Las Palmas,Betis,1,0,H,21,8,7,2,2017_18,LaLiga
2017-12-03,Leganes,Villarreal,3,1,H,12,12,5,4,2017_18,LaLiga
2017-12-04,Girona,Alaves,2,3,A,11,9,3,4,2017_18,LaLiga
2017-12-08,Alaves,Las Palmas,2,0,H,22,6,9,1,2017_18,LaLiga
2017-12-09,Getafe,Eibar,0,0,D,6,7,3,2,2017_18,LaLiga
2017-12-09,La Coruna,Leganes,1,0,H,15,3,4,0,2017_18,LaLiga
2017-12-09,Real Madrid,Sevilla,5,0,H,20,11,8,3,2017_18,LaLiga
2017-12-09,Valencia,Celta,2,1,H,13,13,7,5,2017_18,LaLiga
2017-12-10,Betis,Ath Madrid,0,1,A,9,4,4,2,2017_18,LaLiga
2017-12-10,Levante,Ath Bilbao,1,2,A,12,14,3,3,2017_18,LaLiga
2017-12-10,Sociedad,Malaga,0,2,A,18,9,2,5,2017_18,LaLiga
2017-12-10,Villarreal,Barcelona,0,2,A,9,16,5,6,2017_18,LaLiga
2017-12-11,Espanol,Girona,0,1,A,8,12,3,5,2017_18,LaLiga
2017-12-15,Sevilla,Levante,0,0,D,16,10,6,2,2017_18,LaLiga
2017-12-16,Ath Bilbao,Sociedad,0,0,D,7,10,1,2,2017_18,LaLiga
2017-12-16,Ath Madrid,Alaves,1,0,H,10,11,4,0,2017_18,LaLiga
2017-12-16,Eibar,Valencia,2,1,H,15,7,3,3,2017_18,LaLiga
2017-12-17,Barcelona,La Coruna,4,0,H,23,10,11,3,2017_18,LaLiga
2017-12-17,Celta,Villarreal,0,1,A,10,8,3,5,2017_18,LaLiga
2017-12-17,Girona,Getafe,1,0,H,9,7,2,0,2017_18,LaLiga
2017-12-17,Las Palmas,Espanol,2,2,D,14,8,5,3,2017_18,LaLiga
2017-12-18,Malaga,Betis,0,2,A,18,10,2,4,2017_18,LaLiga
2017-12-19,Levante,Leganes,0,0,D,10,10,3,2,2017_18,LaLiga
2017-12-20,Getafe,Las Palmas,2,0,H,13,17,7,6,2017_18,LaLiga
2017-12-20,Sociedad,Sevilla,3,1,H,14,9,5,4,2017_18,LaLiga
2017-12-21,Alaves,Malaga,1,0,H,10,10,5,3,2017_18,LaLiga
2017-12-21,Eibar,Girona,4,1,H,16,6,6,1,2017_18,LaLiga
2017-12-22,Betis,Ath Bilbao,0,2,A,16,19,6,7,2017_18,LaLiga
2017-12-22,Espanol,Ath Madrid,1,0,H,7,9,4,1,2017_18,LaLiga
2017-12-23,La Coruna,Celta,1,3,A,15,7,4,3,2017_18,LaLiga
2017-12-23,Real Madrid,Barcelona,0,3,A,14,18,5,11,2017_18,LaLiga
2017-12-23,Valencia,Villarreal,0,1,A,22,9,3,2,2017_18,LaLiga
2018-01-06,Ath Madrid,Getafe,2,0,H,9,10,5,5,2017_18,LaLiga
2018-01-06,Las Palmas,Eibar,1,2,A,4,14,2,5,2017_18,LaLiga
2018-01-06,Sevilla,Betis,3,5,A,14,9,3,5,2017_18,LaLiga
2018-01-06,Valencia,Girona,2,1,H,17,11,7,5,2017_18,LaLiga
2018-01-07,Ath Bilbao,Alaves,2,0,H,14,8,8,1,2017_18,LaLiga
2018-01-07,Barcelona,Levante,3,0,H,16,9,8,2,2017_18,LaLiga
2018-01-07,Celta,Real Madrid,2,2,D,10,19,5,8,2017_18,LaLiga
2018-01-07,Leganes,Sociedad,1,0,H,8,9,4,5,2017_18,LaLiga
2018-01-07,Villarreal,La Coruna,1,1,D,11,13,5,3,2017_18,LaLiga
2018-01-08,Malaga,Espanol,0,1,A,17,6,2,3,2017_18,LaLiga
2018-01-12,Getafe,Malaga,1,0,H,7,9,3,2,2017_18,LaLiga
2018-01-13,Eibar,Ath Madrid,0,1,A,11,7,4,3,2017_18,LaLiga
2018-01-13,Girona,Las Palmas,6,0,H,15,3,8,1,2017_18,LaLiga
2018-01-13,La Coruna,Valencia,1,2,A,12,12,2,5,2017_18,LaLiga
2018-01-13,Real Madrid,Villarreal,0,1,A,28,10,7,4,2017_18,LaLiga
2018-01-14,Alaves,Sevilla,1,0,H,12,14,3,1,2017_18,LaLiga
2018-01-14,Espanol,Ath Bilbao,1,1,D,11,8,3,3,2017_18,LaLiga
2018-01-14,Levante,Celta,0,1,A,15,3,5,2,2017_18,LaLiga
2018-01-14,Sociedad,Barcelona,2,4,A,15,11,6,5,2017_18,LaLiga
2018-01-15,Betis,Leganes,3,2,H,16,10,9,6,2017_18,LaLiga
2018-01-19,Getafe,Ath Bilbao,2,2,D,17,7,6,6,2017_18,LaLiga
2018-01-20,Ath Madrid,Girona,1,1,D,9,6,4,3,2017_18,LaLiga
2018-01-20,Espanol,Sevilla,0,3,A,9,12,0,7,2017_18,LaLiga
2018-01-20,Las Palmas,Valencia,2,1,H,20,14,6,8,2017_18,LaLiga
2018-01-20,Villarreal,Levante,2,1,H,18,16,6,4,2017_18,LaLiga
2018-01-21,Alaves,Leganes,2,2,D,14,8,6,4,2017_18,LaLiga
2018-01-21,Betis,Barcelona,0,5,A,7,14,2,10,2017_18,LaLiga
2018-01-21,Real Madrid,La Coruna,7,1,H,24,5,13,2,2017_18,LaLiga
2018-01-21,Sociedad,Celta,1,2,A,16,10,2,3,2017_18,LaLiga
2018-01-22,Eibar,Malaga,1,1,D,15,10,4,4,2017_18,LaLiga
2018-01-26,Ath Bilbao,Eibar,1,1,D,7,14,1,2,2017_18,LaLiga
2018-01-27,La Coruna,Levante,2,2,D,8,15,2,4,2017_18,LaLiga
2018-01-27,Malaga,Girona,0,0,D,7,11,1,2,2017_18,LaLiga
2018-01-27,Valencia,Real Madrid,1,4,A,11,13,4,7,2017_18,LaLiga
2018-01-27,Villarreal,Sociedad,4,2,H,11,24,7,6,2017_18,LaLiga
2018-01-28,Ath Madrid,Las Palmas,3,0,H,18,9,7,1,2017_18,LaLiga
2018-01-28,Barcelona,Alaves,2,1,H,18,7,12,4,2017_18,LaLiga
2018-01-28,Leganes,Espanol,3,2,H,11,12,6,4,2017_18,LaLiga
2018-01-28,Sevilla,Getafe,1,1,D,15,7,1,2,2017_18,LaLiga
2018-01-29,Celta,Betis,3,2,H,13,7,5,3,2017_18,LaLiga
2018-02-02,Sociedad,La Coruna,5,0,H,19,4,8,1,2017_18,LaLiga
2018-02-03,Alaves,Celta,2,1,H,9,16,3,4,2017_18,LaLiga
2018-02-03,Betis,Villarreal,2,1,H,13,12,4,3,2017_18,LaLiga
2018-02-03,Eibar,Sevilla,5,1,H,17,11,7,3,2017_18,LaLiga
2018-02-03,Levante,Real Madrid,2,2,D,12,23,4,9,2017_18,LaLiga
2018-02-04,Ath Madrid,Valencia,1,0,H,14,9,4,0,2017_18,LaLiga
2018-02-04,Espanol,Barcelona,1,1,D,7,12,2,2,2017_18,LaLiga
2018-02-04,Getafe,Leganes,0,0,D,11,2,1,1,2017_18,LaLiga
2018-02-04,Girona,Ath Bilbao,2,0,H,8,9,3,0,2017_18,LaLiga
2018-02-05,Las Palmas,Malaga,1,0,H,11,9,4,3,2017_18,LaLiga
2018-02-09,Ath Bilbao,Las Palmas,0,0,D,11,8,5,2,2017_18,LaLiga
2018-02-10,Leganes,Eibar,0,1,A,2,19,0,6,2017_18,LaLiga
2018-02-10,Malaga,Ath Madrid,0,1,A,13,5,3,1,2017_18,LaLiga
2018-02-10,Real Madrid,Sociedad,5,2,H,18,8,9,3,2017_18,LaLiga
2018-02-10,Villarreal,Alaves,1,2,A,27,5,6,4,2017_18,LaLiga
2018-02-11,Barcelona,Getafe,0,0,D,12,10,6,1,2017_18,LaLiga
2018-02-11,Celta,Espanol,2,2,D,18,3,7,2,2017_18,LaLiga
2018-02-11,Sevilla,Girona,1,0,H,13,14,4,6,2017_18,LaLiga
2018-02-11,Valencia,Levante,3,1,H,18,5,8,1,2017_18,LaLiga
2018-02-12,La Coruna,Betis,0,1,A,16,10,2,4,2017_18,LaLiga
2018-02-16,Girona,Leganes,3,0,H,10,10,5,5,2017_18,LaLiga
2018-02-17,Alaves,La Coruna,1,0,H,14,5,3,0,2017_18,LaLiga
2018-02-17,Eibar,Barcelona,0,2,A,13,10,3,6,2017_18,LaLiga
2018-02-17,Las Palmas,Sevilla,1,2,A,11,12,3,6,2017_18,LaLiga
2018-02-17,Malaga,Valencia,1,2,A,9,10,3,3,2017_18,LaLiga
2018-02-18,Ath Madrid,Ath Bilbao,2,0,H,14,4,4,0,2017_18,LaLiga
2018-02-18,Betis,Real Madrid,3,5,A,20,12,5,9,2017_18,LaLiga
2018-02-18,Espanol,Villarreal,1,1,D,15,8,3,3,2017_18,LaLiga
2018-02-18,Sociedad,Levante,3,0,H,13,9,3,1,2017_18,LaLiga
2018-02-19,Getafe,Celta,3,0,H,9,4,5,1,2017_18,LaLiga
2018-02-21,Leganes,Real Madrid,1,3,A,7,13,3,7,2017_18,LaLiga
2018-02-23,La Coruna,Espanol,0,0,D,17,9,4,1,2017_18,LaLiga
2018-02-24,Barcelona,Girona,6,1,H,21,10,14,4,2017_18,LaLiga
2018-02-24,Celta,Eibar,2,0,H,8,15,3,2,2017_18,LaLiga
2018-02-24,Leganes,Las Palmas,0,0,D,11,4,2,1,2017_18,LaLiga
2018-02-24,Real Madrid,Alaves,4,0,H,25,11,10,5,2017_18,LaLiga
2018-02-25,Ath Bilbao,Malaga,2,1,H,8,8,6,4,2017_18,LaLiga
2018-02-25,Sevilla,Ath Madrid,2,5,A,10,13,5,8,2017_18,LaLiga
2018-02-25,Valencia,Sociedad,2,1,H,7,9,4,3,2017_18,LaLiga
2018-02-25,Villarreal,Getafe,1,0,H,10,3,4,2,2017_18,LaLiga
2018-02-26,Levante,Betis,0,2,A,12,15,2,6,2017_18,LaLiga
2018-02-27,Espanol,Real Madrid,1,0,H,16,12,7,5,2017_18,LaLiga
2018-02-27,Girona,Celta,1,0,H,11,10,2,2,2017_18,LaLiga
2018-02-28,Ath Bilbao,Valencia,1,1,D,11,6,4,4,2017_18,LaLiga
2018-02-28,Ath Madrid,Leganes,4,0,H,15,9,8,3,2017_18,LaLiga
2018-02-28,Eibar,Villarreal,1,0,H,13,11,1,3,2017_18,LaLiga
2018-02-28,Getafe,La Coruna,3,0,H,14,9,5,1,2017_18,LaLiga
2018-02-28,Malaga,Sevilla,0,1,A,8,6,0,4,2017_18,LaLiga
2018-03-01,Alaves,Levante,1,0,H,15,6,5,1,2017_18,LaLiga
2018-03-01,Betis,Sociedad,0,0,D,8,13,4,5,2017_18,LaLiga
2018-03-01,Las Palmas,Barcelona,1,1,D,12,10,1,4,2017_18,LaLiga
2018-03-03,La Coruna,Eibar,1,1,D,7,16,2,3,2017_18,LaLiga
2018-03-03,Leganes,Malaga,2,0,H,10,4,3,1,2017_18,LaLiga
2018-03-03,Real Madrid,Getafe,3,1,H,14,4,6,4,2017_18,LaLiga
2018-03-03,Sevilla,Ath Bilbao,2,0,H,18,10,8,3,2017_18,LaLiga
2018-03-03,Villarreal,Girona,0,2,A,14,4,5,3,2017_18,LaLiga
2018-03-04,Barcelona,Ath Madrid,1,0,H,16,6,5,1,2017_18,LaLiga
2018-03-04,Levante,Espanol,1,1,D,13,15,4,3,2017_18,LaLiga
2018-03-04,Sociedad,Alaves,2,1,H,14,3,5,1,2017_18,LaLiga
2018-03-04,Valencia,Betis,2,0,H,12,9,6,4,2017_18,LaLiga
2018-03-05,Celta,Las Palmas,2,1,H,14,10,6,3,2017_18,LaLiga
2018-03-09,Girona,La Coruna,2,0,H,9,8,6,4,2017_18,LaLiga
2018-03-10,Eibar,Real Madrid,1,2,A,12,12,3,6,2017_18,LaLiga
2018-03-10,Getafe,Levante,0,1,A,11,12,4,4,2017_18,LaLiga
2018-03-10,Malaga,Barcelona,0,2,A,6,20,2,9,2017_18,LaLiga
2018-03-10,Sevilla,Valencia,0,2,A,21,10,5,5,2017_18,LaLiga
2018-03-11,Ath Bilbao,Leganes,2,0,H,13,12,5,1,2017_18,LaLiga
2018-03-11,Ath Madrid,Celta,3,0,H,7,8,3,2,2017_18,LaLiga
2018-03-11,Espanol,Sociedad,2,1,H,18,11,7,5,2017_18,LaLiga
2018-03-11,Las Palmas,Villarreal,0,2,A,9,11,3,4,2017_18,LaLiga
2018-03-12,Alaves,Betis,1,3,A,9,10,1,4,2017_18,LaLiga
2018-03-16,Levante,Eibar,2,1,H,6,13,3,4,2017_18,LaLiga
2018-03-17,Betis,Espanol,3,0,H,9,4,4,1,2017_18,LaLiga
2018-03-17,La Coruna,Las Palmas,1,1,D,13,8,3,1,2017_18,LaLiga
2018-03-17,Sociedad,Getafe,1,2,A,8,9,2,5,2017_18,LaLiga
2018-03-17,Valencia,Alaves,3,1,H,24,16,10,4,2017_18,LaLiga
2018-03-18,Barcelona,Ath Bilbao,2,0,H,18,10,9,3,2017_18,LaLiga
2018-03-18,Celta,Malaga,0,0,D,9,5,3,0,2017_18,LaLiga
2018-03-18,Leganes,Sevilla,2,1,H,12,10,6,4,2017_18,LaLiga
2018-03-18,Real Madrid,Girona,6,3,H,20,10,14,6,2017_18,LaLiga
2018-03-18,Villarreal,Ath Madrid,2,1,H,17,8,5,2,2017_18,LaLiga
2018-03-31,Ath Bilbao,Celta,1,1,D,11,13,2,3,2017_18,LaLiga
2018-03-31,Girona,Levante,1,1,D,12,15,5,6,2017_18,LaLiga
2018-03-31,Las Palmas,Real Madrid,0,3,A,17,17,3,7,2017_18,LaLiga
2018-03-31,Sevilla,Barcelona,2,2,D,21,20,6,9,2017_18,LaLiga
2018-04-01,Ath Madrid,La Coruna,1,0,H,15,10,3,2,2017_18,LaLiga
2018-04-01,Eibar,Sociedad,0,0,D,15,7,3,0,2017_18,LaLiga
2018-04-01,Espanol,Alaves,0,0,D,12,13,3,4,2017_18,LaLiga
2018-04-01,Leganes,Valencia,0,1,A,8,3,1,1,2017_18,LaLiga
2018-04-01,Malaga,Villarreal,1,0,H,13,11,3,1,2017_18,LaLiga
2018-04-02,Getafe,Betis,0,1,A,8,7,4,4,2017_18,LaLiga
2018-04-06,La Coruna,Malaga,3,2,H,14,11,6,4,2017_18,LaLiga
2018-04-07,Alaves,Getafe,2,0,H,11,5,2,1,2017_18,LaLiga
2018-04-07,Barcelona,Leganes,3,1,H,12,11,6,1,2017_18,LaLiga
2018-04-07,Betis,Eibar,2,0,H,13,5,4,2,2017_18,LaLiga
2018-04-07,Celta,Sevilla,4,0,H,12,16,6,6,2017_18,LaLiga
2018-04-08,Levante,Las Palmas,2,1,H,11,17,4,5,2017_18,LaLiga
2018-04-08,Real Madrid,Ath Madrid,1,1,D,30,9,8,5,2017_18,LaLiga
2018-04-08,Sociedad,Girona,5,0,H,13,8,7,1,2017_18,LaLiga
2018-04-08,Valencia,Espanol,1,0,H,14,21,6,6,2017_18,LaLiga
2018-04-09,Villarreal,Ath Bilbao,1,3,A,7,17,2,13,2017_18,LaLiga
2018-04-13,Girona,Betis,0,1,A,9,10,4,2,2017_18,LaLiga
2018-04-14,Ath Bilbao,La Coruna,2,3,A,13,5,4,3,2017_18,LaLiga
2018-04-14,Barcelona,Valencia,2,1,H,12,17,7,6,2017_18,LaLiga
2018-04-14,Las Palmas,Sociedad,0,1,A,7,20,0,11,2017_18,LaLiga
2018-04-14,Leganes,Celta,1,0,H,19,5,7,2,2017_18,LaLiga
2018-04-14,Sevilla,Villarreal,2,2,D,18,7,4,4,2017_18,LaLiga
2018-04-15,Ath Madrid,Levante,3,0,H,13,11,5,3,2017_18,LaLiga
2018-04-15,Eibar,Alaves,0,1,A,21,2,4,1,2017_18,LaLiga
2018-04-15,Getafe,Espanol,1,0,H,13,5,4,0,2017_18,LaLiga
2018-04-15,Malaga,Real Madrid,1,2,A,13,16,3,6,2017_18,LaLiga
2018-04-17,Celta,Barcelona,2,2,D,18,14,8,6,2017_18,LaLiga
2018-04-17,La Coruna,Sevilla,0,0,D,22,24,6,7,2017_18,LaLiga
2018-04-17,Villarreal,Leganes,2,1,H,17,6,6,1,2017_18,LaLiga
2018-04-18,Espanol,Eibar,0,1,A,10,5,4,1,2017_18,LaLiga
2018-04-18,Real Madrid,Ath Bilbao,1,1,D,29,6,10,2,2017_18,LaLiga
2018-04-18,Valencia,Getafe,1,2,A,10,8,3,3,2017_18,LaLiga
2018-04-19,Alaves,Girona,1,2,A,11,14,5,5,2017_18,LaLiga
2018-04-19,Betis,Las Palmas,1,0,H,17,1,8,0,2017_18,LaLiga
2018-04-19,Levante,Malaga,1,0,H,11,10,2,2,2017_18,LaLiga
2018-04-19,Sociedad,Ath Madrid,3,0,H,12,9,4,2,2017_18,LaLiga
2018-04-20,Leganes,La Coruna,0,0,D,13,12,0,3,2017_18,LaLiga
2018-04-21,Celta,Valencia,1,1,D,10,17,3,7,2017_18,LaLiga
2018-04-21,Eibar,Getafe,0,1,A,12,7,2,4,2017_18,LaLiga
2018-04-22,Ath Madrid,Betis,0,0,D,10,10,2,4,2017_18,LaLiga
2018-04-22,Girona,Espanol,0,2,A,20,5,6,4,2017_18,LaLiga
2018-04-22,Las Palmas,Alaves,0,4,A,12,10,1,7,2017_18,LaLiga
2018-04-22,Malaga,Sociedad,2,0,H,4,14,3,2,2017_18,LaLiga
2018-04-23,Ath Bilbao,Levante,1,3,A,18,11,5,7,2017_18,LaLiga
2018-04-27,Levante,Sevilla,2,1,H,15,22,5,4,2017_18,LaLiga
2018-04-28,Espanol,Las Palmas,1,1,D,16,13,7,2,2017_18,LaLiga
2018-04-28,Real Madrid,Leganes,2,1,H,12,16,5,6,2017_18,LaLiga
2018-04-28,Sociedad,Ath Bilbao,3,1,H,17,9,4,3,2017_18,LaLiga
2018-04-28,Villarreal,Celta,4,1,H,13,15,7,4,2017_18,LaLiga
2018-04-29,Alaves,Ath Madrid,0,1,A,7,14,3,6,2017_18,LaLiga
2018-04-29,Getafe,Girona,1,1,D,10,15,2,2,2017_18,LaLiga
2018-04-29,La Coruna,Barcelona,2,4,A,17,21,5,9,2017_18,LaLiga
2018-04-29,Valencia,Eibar,0,0,D,16,8,5,2,2017_18,LaLiga
2018-04-30,Betis,Malaga,2,1,H,12,9,3,3,2017_18,LaLiga
2018-05-04,Sevilla,Sociedad,1,0,H,16,11,6,1,2017_18,LaLiga
2018-05-05,Ath Bilbao,Betis,2,0,H,14,6,5,3,2017_18,LaLiga
2018-05-05,Celta,La Coruna,1,1,D,13,11,4,2,2017_18,LaLiga
2018-05-05,Girona,Eibar,1,4,A,16,15,5,6,2017_18,LaLiga
2018-05-05,Villarreal,Valencia,1,0,H,13,6,5,2,2017_18,LaLiga
2018-05-06,Ath Madrid,Espanol,0,2,A,9,14,3,6,2017_18,LaLiga
2018-05-06,Barcelona,Real Madrid,2,2,D,11,17,4,5,2017_18,LaLiga
2018-05-06,Las Palmas,Getafe,0,1,A,21,8,4,1,2017_18,LaLiga
2018-05-06,Malaga,Alaves,0,3,A,16,13,4,7,2017_18,LaLiga
2018-05-07,Leganes,Levante,0,3,A,13,10,2,3,2017_18,LaLiga
2018-05-09,Barcelona,Villarreal,5,1,H,12,20,6,7,2017_18,LaLiga
2018-05-09,Sevilla,Real Madrid,3,2,H,14,14,6,4,2017_18,LaLiga
2018-05-12,Alaves,Ath Bilbao,3,1,H,4,13,3,4,2017_18,LaLiga
2018-05-12,Betis,Sevilla,2,2,D,9,13,5,5,2017_18,LaLiga
2018-05-12,Eibar,Las Palmas,1,0,H,10,8,5,2,2017_18,LaLiga
2018-05-12,Getafe,Ath Madrid,0,1,A,11,5,4,3,2017_18,LaLiga
2018-05-12,Girona,Valencia,0,1,A,16,10,4,4,2017_18,LaLiga
2018-05-12,La Coruna,Villarreal,2,4,A,16,11,7,7,2017_18,LaLiga
2018-05-12,Real Madrid,Celta,6,0,H,15,5,10,1,2017_18,LaLiga
2018-05-12,Sociedad,Leganes,3,2,H,11,9,6,3,2017_18,LaLiga
2018-05-13,Espanol,Malaga,4,1,H,19,9,7,3,2017_18,LaLiga
2018-05-13,Levante,Barcelona,5,4,H,12,18,7,7,2017_18,LaLiga
2018-05-19,Celta,Levante,4,2,H,20,7,9,3,2017_18,LaLiga
2018-05-19,Las Palmas,Girona,1,2,A,13,12,7,6,2017_18,LaLiga
2018-05-19,Leganes,Betis,3,2,H,8,16,3,8,2017_18,LaLiga
2018-05-19,Malaga,Getafe,0,1,A,6,11,2,3,2017_18,LaLiga
2018-05-19,Sevilla,Alaves,1,0,H,20,10,8,4,2017_18,LaLiga
2018-05-19,Villarreal,Real Madrid,2,2,D,14,15,5,7,2017_18,LaLiga
2018-05-20,Ath Bilbao,Espanol,0,1,A,12,11,3,4,2017_18,LaLiga
2018-05-20,Ath Madrid,Eibar,2,2,D,8,14,4,3,2017_18,LaLiga
2018-05-20,Barcelona,Sociedad,1,0,H,12,13,4,2,2017_18,LaLiga
2018-05-20,Valencia,La Coruna,2,1,H,22,12,5,7,2017_18,LaLiga
2018-08-17,Betis,Levante,0,3,A,22,6,8,4,2018_19,LaLiga
2018-08-17,Girona,Valladolid,0,0,D,13,2,1,1,2018_19,LaLiga
2018-08-18,Barcelona,Alaves,3,0,H,25,3,9,0,2018_19,LaLiga
2018-08-18,Celta,Espanol,1,1,D,12,14,2,5,2018_19,LaLiga
2018-08-18,Villarreal,Sociedad,1,2,A,16,8,7,4,2018_19,LaLiga
2018-08-19,Eibar,Huesca,1,2,A,18,8,6,6,2018_19,LaLiga
2018-08-19,Real Madrid,Getafe,2,0,H,10,4,3,1,2018_19,LaLiga
2018-08-19,Vallecano,Sevilla,1,4,A,13,17,2,8,2018_19,LaLiga
2018-08-20,Ath Bilbao,Leganes,2,1,H,17,12,5,2,2018_19,LaLiga
2018-08-20,Valencia,Ath Madrid,1,1,D,13,9,4,3,2018_19,LaLiga
2018-08-24,Getafe,Eibar,2,0,H,7,9,4,0,2018_19,LaLiga
2018-08-24,Leganes,Sociedad,2,2,D,18,7,5,6,2018_19,LaLiga
2018-08-25,Alaves,Betis,0,0,D,16,13,4,5,2018_19,LaLiga
2018-08-25,Ath Madrid,Vallecano,1,0,H,9,13,2,3,2018_19,LaLiga
2018-08-25,Valladolid,Barcelona,0,1,A,7,10,4,5,2018_19,LaLiga
2018-08-26,Espanol,Valencia,2,0,H,19,16,9,4,2018_19,LaLiga
2018-08-26,Girona,Real Madrid,1,4,A,10,20,5,8,2018_19,LaLiga
2018-08-26,Sevilla,Villarreal,0,0,D,19,14,2,6,2018_19,LaLiga
2018-08-27,Ath Bilbao,Huesca,2,2,D,14,9,4,4,2018_19,LaLiga
2018-08-27,Levante,Celta,1,2,A,15,21,6,9,2018_19,LaLiga
2018-08-31,Eibar,Sociedad,2,1,H,8,7,2,2,2018_19,LaLiga
2018-08-31,Getafe,Valladolid,0,0,D,12,7,3,4,2018_19,LaLiga
2018-08-31,Villarreal,Girona,0,1,A,13,14,3,6,2018_19,LaLiga
2018-09-01,Celta,Ath Madrid,2,0,H,10,9,4,0,2018_19,LaLiga
2018-09-01,Real Madrid,Leganes,4,1,H,17,8,8,3,2018_19,LaLiga
2018-09-02,Alaves,Espanol,2,1,H,8,11,5,7,2018_19,LaLiga
2018-09-02,Barcelona,Huesca,8,2,H,31,7,15,3,2018_19,LaLiga
2018-09-02,Betis,Sevilla,1,0,H,11,8,3,2,2018_19,LaLiga
2018-09-02,Levante,Valencia,2,2,D,13,18,4,5,2018_19,LaLiga
2018-09-14,Huesca,Vallecano,0,1,A,14,14,4,2,2018_19,LaLiga
2018-09-15,Ath Bilbao,Real Madrid,1,1,D,11,16,3,6,2018_19,LaLiga
2018-09-15,Ath Madrid,Eibar,1,1,D,18,12,9,3,2018_19,LaLiga
2018-09-15,Sociedad,Barcelona,1,2,A,8,12,5,6,2018_19,LaLiga
2018-09-15,Valencia,Betis,0,0,D,12,11,2,6,2018_19,LaLiga
2018-09-16,Espanol,Levante,1,0,H,22,16,9,4,2018_19,LaLiga
2018-09-16,Leganes,Villarreal,0,1,A,16,9,3,3,2018_19,LaLiga
2018-09-16,Sevilla,Getafe,0,2,A,15,10,1,5,2018_19,LaLiga
2018-09-16,Valladolid,Alaves,0,1,A,15,10,5,4,2018_19,LaLiga
2018-09-17,Girona,Celta,3,2,H,11,20,6,7,2018_19,LaLiga
2018-09-21,Huesca,Sociedad,0,1,A,13,7,3,1,2018_19,LaLiga
2018-09-22,Celta,Valladolid,3,3,D,12,14,5,4,2018_19,LaLiga
2018-09-22,Eibar,Leganes,1,0,H,14,4,3,2,2018_19,LaLiga
2018-09-22,Getafe,Ath Madrid,0,2,A,11,7,2,4,2018_19,LaLiga
2018-09-22,Real Madrid,Espanol,1,0,H,19,10,5,3,2018_19,LaLiga
2018-09-22,Vallecano,Alaves,1,5,A,13,11,4,7,2018_19,LaLiga
2018-09-23,Barcelona,Girona,2,2,D,22,7,11,6,2018_19,LaLiga
2018-09-23,Betis,Ath Bilbao,2,2,D,15,7,3,4,2018_19,LaLiga
2018-09-23,Levante,Sevilla,2,6,A,19,20,10,9,2018_19,LaLiga
2018-09-23,Villarreal,Valencia,0,0,D,11,12,1,2,2018_19,LaLiga
2018-09-25,Ath Madrid,Huesca,3,0,H,17,8,5,1,2018_19,LaLiga
2018-09-25,Espanol,Eibar,1,0,H,9,8,5,1,2018_19,LaLiga
2018-09-25,Sociedad,Vallecano,2,2,D,16,11,6,6,2018_19,LaLiga
2018-09-26,Ath Bilbao,Villarreal,0,3,A,12,19,2,6,2018_19,LaLiga
2018-09-26,Leganes,Barcelona,2,1,H,10,9,6,5,2018_19,LaLiga
2018-09-26,Sevilla,Real Madrid,3,0,H,16,21,7,3,2018_19,LaLiga
2018-09-26,Valencia,Celta,1,1,D,14,9,5,3,2018_19,LaLiga
2018-09-27,Alaves,Getafe,1,1,D,15,13,2,5,2018_19,LaLiga
2018-09-27,Girona,Betis,0,1,A,8,14,2,6,2018_19,LaLiga
2018-09-27,Valladolid,Levante,2,1,H,20,9,6,4,2018_19,LaLiga
2018-09-28,Vallecano,Espanol,2,2,D,11,12,5,5,2018_19,LaLiga
2018-09-29,Barcelona,Ath Bilbao,1,1,D,20,8,8,2,2018_19,LaLiga
2018-09-29,Eibar,Sevilla,1,3,A,15,7,2,5,2018_19,LaLiga
2018-09-29,Real Madrid,Ath Madrid,0,0,D,15,8,6,3,2018_19,LaLiga
2018-09-29,Sociedad,Valencia,0,1,A,10,9,5,2,2018_19,LaLiga
2018-09-30,Betis,Leganes,1,0,H,17,11,4,5,2018_19,LaLiga
2018-09-30,Huesca,Girona,1,1,D,13,14,6,4,2018_19,LaLiga
2018-09-30,Levante,Alaves,2,1,H,14,14,4,2,2018_19,LaLiga
2018-09-30,Villarreal,Valladolid,0,1,A,27,9,7,3,2018_19,LaLiga
2018-10-01,Celta,Getafe,1,1,D,8,12,2,4,2018_19,LaLiga
2018-10-05,Ath Bilbao,Sociedad,1,3,A,13,6,5,3,2018_19,LaLiga
2018-10-06,Alaves,Real Madrid,1,0,H,8,13,4,6,2018_19,LaLiga
2018-10-06,Getafe,Levante,0,1,A,15,12,4,3,2018_19,LaLiga
2018-10-06,Girona,Eibar,2,3,A,10,12,3,4,2018_19,LaLiga
2018-10-06,Leganes,Vallecano,1,0,H,13,6,4,2,2018_19,LaLiga
2018-10-07,Ath Madrid,Betis,1,0,H,13,5,5,0,2018_19,LaLiga
2018-10-07,Espanol,Villarreal,3,1,H,28,13,12,6,2018_19,LaLiga
2018-10-07,Sevilla,Celta,2,1,H,12,13,3,5,2018_19,LaLiga
2018-10-07,Valencia,Barcelona,1,1,D,10,10,3,5,2018_19,LaLiga
2018-10-07,Valladolid,Huesca,1,0,H,9,11,3,1,2018_19,LaLiga
2018-10-19,Celta,Alaves,0,1,A,19,9,9,2,2018_19,LaLiga
2018-10-20,Barcelona,Sevilla,4,2,H,23,19,9,7,2018_19,LaLiga
2018-10-20,Real Madrid,Levante,1,2,A,34,6,12,2,2018_19,LaLiga
2018-10-20,Valencia,Leganes,1,1,D,18,7,4,5,2018_19,LaLiga
2018-10-20,Villarreal,Ath Madrid,1,1,D,18,15,6,4,2018_19,LaLiga
2018-10-21,Betis,Valladolid,0,1,A,20,6,4,2,2018_19,LaLiga
2018-10-21,Eibar,Ath Bilbao,1,1,D,18,6,6,3,2018_19,LaLiga
2018-10-21,Huesca,Espanol,0,2,A,10,6,2,2,2018_19,LaLiga
2018-10-21,Vallecano,Getafe,1,2,A,10,5,3,2,2018_19,LaLiga
2018-10-22,Sociedad,Girona,0,0,D,14,12,8,2,2018_19,LaLiga
2018-10-24,Vallecano,Ath Bilbao,1,1,D,11,12,3,4,2018_19,LaLiga
2018-10-26,Valladolid,Espanol,1,1,D,15,11,2,4,2018_19,LaLiga
2018-10-27,Ath Bilbao,Valencia,0,0,D,13,11,2,3,2018_19,LaLiga
2018-10-27,Ath Madrid,Sociedad,2,0,H,14,7,4,0,2018_19,LaLiga
2018-10-27,Celta,Eibar,4,0,H,10,17,6,5,2018_19,LaLiga
2018-10-27,Girona,Vallecano,2,1,H,14,14,6,5,2018_19,LaLiga
2018-10-27,Levante,Leganes,2,0,H,9,21,4,6,2018_19,LaLiga
2018-10-28,Alaves,Villarreal,2,1,H,19,9,6,2,2018_19,LaLiga
2018-10-28,Barcelona,Real Madrid,5,1,H,13,15,8,4,2018_19,LaLiga
2018-10-28,Getafe,Betis,2,0,H,16,7,7,3,2018_19,LaLiga
2018-10-28,Sevilla,Huesca,2,1,H,15,11,4,2,2018_19,LaLiga
2018-11-03,Leganes,Ath Madrid,1,1,D,8,9,3,4,2018_19,LaLiga
2018-11-03,Real Madrid,Valladolid,2,0,H,16,12,7,2,2018_19,LaLiga
2018-11-03,Valencia,Girona,0,1,A,27,5,9,3,2018_19,LaLiga
2018-11-03,Vallecano,Barcelona,2,3,A,11,9,5,5,2018_19,LaLiga
2018-11-04,Betis,Celta,3,3,D,14,14,6,7,2018_19,LaLiga
2018-11-04,Eibar,Alaves,2,1,H,23,9,8,3,2018_19,LaLiga
2018-11-04,Huesca,Getafe,1,1,D,18,8,7,2,2018_19,LaLiga
2018-11-04,Sociedad,Sevilla,0,0,D,10,8,1,1,2018_19,LaLiga
2018-11-04,Villarreal,Levante,1,1,D,23,13,4,2,2018_19,LaLiga
2018-11-05,Espanol,Ath Bilbao,1,0,H,8,10,3,2,2018_19,LaLiga
2018-11-09,Levante,Sociedad,1,3,A,17,15,2,4,2018_19,LaLiga
2018-11-10,Ath Madrid,Ath Bilbao,3,2,H,9,6,3,5,2018_19,LaLiga
2018-11-10,Getafe,Valencia,0,1,A,17,7,3,3,2018_19,LaLiga
2018-11-10,Girona,Leganes,0,0,D,5,10,0,1,2018_19,LaLiga
2018-11-10,Valladolid,Eibar,0,0,D,9,16,1,6,2018_19,LaLiga
2018-11-11,Alaves,Huesca,2,1,H,13,9,5,2,2018_19,LaLiga
2018-11-11,Barcelona,Betis,3,4,A,20,15,5,8,2018_19,LaLiga
2018-11-11,Celta,Real Madrid,2,4,A,15,14,4,5,2018_19,LaLiga
2018-11-11,Sevilla,Espanol,2,1,H,23,15,10,7,2018_19,LaLiga
2018-11-11,Vallecano,Villarreal,2,2,D,15,11,7,5,2018_19,LaLiga
2018-11-23,Leganes,Alaves,1,0,H,13,7,6,2,2018_19,LaLiga
2018-11-24,Ath Madrid,Barcelona,1,1,D,3,8,1,2,2018_19,LaLiga
2018-11-24,Eibar,Real Madrid,3,0,H,14,9,8,3,2018_19,LaLiga
2018-11-24,Huesca,Levante,2,2,D,32,5,12,3,2018_19,LaLiga
2018-11-24,Valencia,Vallecano,3,0,H,13,13,10,3,2018_19,LaLiga
2018-11-25,Ath Bilbao,Getafe,1,1,D,8,15,4,2,2018_19,LaLiga
2018-11-25,Espanol,Girona,1,3,A,18,16,10,11,2018_19,LaLiga
2018-11-25,Sevilla,Valladolid,1,0,H,17,13,9,5,2018_19,LaLiga
2018-11-25,Villarreal,Betis,2,1,H,13,13,8,6,2018_19,LaLiga
2018-11-26,Sociedad,Celta,2,1,H,15,6,8,2,2018_19,LaLiga
2018-11-30,Vallecano,Eibar,1,0,H,5,13,2,5,2018_19,LaLiga
2018-12-01,Celta,Huesca,2,0,H,12,8,5,3,2018_19,LaLiga
2018-12-01,Getafe,Espanol,3,0,H,14,8,5,2,2018_19,LaLiga
2018-12-01,Real Madrid,Valencia,2,0,H,13,7,3,2,2018_19,LaLiga
2018-12-01,Valladolid,Leganes,2,4,A,20,14,6,5,2018_19,LaLiga
2018-12-02,Alaves,Sevilla,1,1,D,11,14,3,3,2018_19,LaLiga
2018-12-02,Barcelona,Villarreal,2,0,H,16,12,7,2,2018_19,LaLiga
2018-12-02,Betis,Sociedad,1,0,H,6,6,4,4,2018_19,LaLiga
2018-12-02,Girona,Ath Madrid,1,1,D,13,17,3,3,2018_19,LaLiga
2018-12-03,Levante,Ath Bilbao,3,0,H,17,12,7,3,2018_19,LaLiga
2018-12-07,Leganes,Getafe,1,1,D,17,6,5,2,2018_19,LaLiga
2018-12-08,Ath Madrid,Alaves,3,0,H,12,13,5,3,2018_19,LaLiga
2018-12-08,Espanol,Barcelona,0,4,A,15,17,3,9,2018_19,LaLiga
2018-12-08,Valencia,Sevilla,1,1,D,16,11,6,3,2018_19,LaLiga
2018-12-08,Villarreal,Celta,2,3,A,13,14,3,7,2018_19,LaLiga
2018-12-09,Betis,Vallecano,2,0,H,8,12,3,3,2018_19,LaLiga
2018-12-09,Eibar,Levante,4,4,D,32,14,7,5,2018_19,LaLiga
2018-12-09,Huesca,Real Madrid,0,1,A,11,5,4,4,2018_19,LaLiga
2018-12-09,Sociedad,Valladolid,1,2,A,23,10,5,6,2018_19,LaLiga
2018-12-10,Ath Bilbao,Girona,1,0,H,25,3,10,1,2018_19,LaLiga
2018-12-14,Celta,Leganes,0,0,D,15,5,2,2,2018_19,LaLiga
2018-12-15,Eibar,Valencia,1,1,D,18,11,6,4,2018_19,LaLiga
2018-12-15,Getafe,Sociedad,1,0,H,9,9,2,4,2018_19,LaLiga
2018-12-15,Real Madrid,Vallecano,1,0,H,9,11,4,3,2018_19,LaLiga
2018-12-15,Valladolid,Ath Madrid,2,3,A,8,14,2,5,2018_19,LaLiga
2018-12-16,Espanol,Betis,1,3,A,10,12,3,5,2018_19,LaLiga
2018-12-16,Huesca,Villarreal,2,2,D,30,10,13,5,2018_19,LaLiga
2018-12-16,Levante,Barcelona,0,5,A,20,16,6,9,2018_19,LaLiga
2018-12-16,Sevilla,Girona,2,0,H,17,8,5,2,2018_19,LaLiga
2018-12-17,Alaves,Ath Bilbao,0,0,D,11,6,2,3,2018_19,LaLiga
2018-12-21,Girona,Getafe,1,1,D,12,5,4,2,2018_19,LaLiga
2018-12-21,Sociedad,Alaves,0,1,A,18,9,4,3,2018_19,LaLiga
2018-12-22,Ath Bilbao,Valladolid,1,1,D,8,5,3,2,2018_19,LaLiga
2018-12-22,Ath Madrid,Espanol,1,0,H,8,18,5,4,2018_19,LaLiga
2018-12-22,Barcelona,Celta,2,0,H,9,11,5,1,2018_19,LaLiga
2018-12-22,Betis,Eibar,1,1,D,4,15,2,4,2018_19,LaLiga
2018-12-23,Leganes,Sevilla,1,1,D,13,8,4,2,2018_19,LaLiga
2018-12-23,Valencia,Huesca,2,1,H,19,11,8,4,2018_19,LaLiga
2018-12-23,Vallecano,Levante,2,1,H,18,12,8,7,2018_19,LaLiga
2019-01-03,Villarreal,Real Madrid,2,2,D,12,14,4,7,2018_19,LaLiga
2019-01-04,Espanol,Leganes,1,0,H,12,10,1,2,2018_19,LaLiga
2019-01-04,Levante,Girona,2,2,D,19,9,8,2,2018_19,LaLiga
2019-01-05,Alaves,Valencia,2,1,H,14,14,5,2,2018_19,LaLiga
2019-01-05,Huesca,Betis,2,1,H,11,7,6,1,2018_19,LaLiga
2019-01-05,Valladolid,Vallecano,0,1,A,12,9,5,5,2018_19,LaLiga
2019-01-06,Eibar,Villarreal,0,0,D,24,7,6,4,2018_19,LaLiga
2019-01-06,Getafe,Barcelona,1,2,A,10,12,2,8,2018_19,LaLiga
2019-01-06,Real Madrid,Sociedad,0,2,A,28,12,8,4,2018_19,LaLiga
2019-01-06,Sevilla,Ath Madrid,1,1,D,15,12,5,7,2018_19,LaLiga
2019-01-07,Celta,Ath Bilbao,1,2,A,17,8,3,4,2018_19,LaLiga
2019-01-11,Vallecano,Celta,4,2,H,11,13,8,4,2018_19,LaLiga
2019-01-12,Girona,Alaves,1,1,D,9,15,4,4,2018_19,LaLiga
2019-01-12,Leganes,Huesca,1,0,H,14,9,7,3,2018_19,LaLiga
2019-01-12,Valencia,Valladolid,1,1,D,17,6,5,1,2018_19,LaLiga
2019-01-12,Villarreal,Getafe,1,2,A,17,9,6,4,2018_19,LaLiga
2019-01-13,Ath Bilbao,Sevilla,2,0,H,10,10,3,4,2018_19,LaLiga
2019-01-13,Ath Madrid,Levante,1,0,H,19,7,5,2,2018_19,LaLiga
2019-01-13,Barcelona,Eibar,3,0,H,7,15,6,2,2018_19,LaLiga
2019-01-13,Betis,Real Madrid,1,2,A,9,14,2,5,2018_19,LaLiga
2019-01-14,Sociedad,Espanol,3,2,H,9,21,4,2,2018_19,LaLiga
2019-01-18,Getafe,Alaves,4,0,H,12,6,5,0,2018_19,LaLiga
2019-01-19,Celta,Valencia,1,2,A,12,13,4,8,2018_19,LaLiga
2019-01-19,Huesca,Ath Madrid,0,3,A,14,15,3,8,2018_19,LaLiga
2019-01-19,Real Madrid,Sevilla,2,0,H,23,4,6,1,2018_19,LaLiga
2019-01-20,Barcelona,Leganes,3,1,H,15,5,7,2,2018_19,LaLiga
2019-01-20,Betis,Girona,3,2,H,12,8,5,5,2018_19,LaLiga
2019-01-20,Levante,Valladolid,2,0,H,13,13,4,3,2018_19,LaLiga
2019-01-20,Vallecano,Sociedad,2,2,D,11,10,4,4,2018_19,LaLiga
2019-01-20,Villarreal,Ath Bilbao,1,1,D,3,9,1,2,2018_19,LaLiga
2019-01-21,Eibar,Espanol,3,0,H,16,6,9,0,2018_19,LaLiga
2019-01-26,Ath Madrid,Getafe,2,0,H,10,6,6,2,2018_19,LaLiga
2019-01-26,Leganes,Eibar,2,2,D,9,5,3,2,2018_19,LaLiga
2019-01-26,Sevilla,Levante,5,0,H,23,7,9,0,2018_19,LaLiga
2019-01-26,Valencia,Villarreal,3,0,H,18,14,9,5,2018_19,LaLiga
2019-01-27,Ath Bilbao,Betis,1,0,H,11,8,2,2,2018_19,LaLiga
2019-01-27,Espanol,Real Madrid,2,4,A,13,16,6,9,2018_19,LaLiga
2019-01-27,Girona,Barcelona,0,2,A,13,15,5,7,2018_19,LaLiga
2019-01-27,Sociedad,Huesca,0,0,D,8,8,1,1,2018_19,LaLiga
2019-01-27,Valladolid,Celta,2,1,H,19,8,7,3,2018_19,LaLiga
2019-01-28,Alaves,Vallecano,0,1,A,16,14,1,3,2018_19,LaLiga
2019-02-01,Huesca,Valladolid,4,0,H,11,9,7,4,2018_19,LaLiga
2019-02-02,Barcelona,Valencia,2,2,D,20,14,8,7,2018_19,LaLiga
2019-02-02,Celta,Sevilla,1,0,H,10,13,4,2,2018_19,LaLiga
2019-02-02,Levante,Getafe,0,0,D,8,9,4,2,2018_19,LaLiga
2019-02-02,Sociedad,Ath Bilbao,2,1,H,6,8,2,5,2018_19,LaLiga
2019-02-03,Betis,Ath Madrid,1,0,H,7,13,3,1,2018_19,LaLiga
2019-02-03,Eibar,Girona,3,0,H,17,6,5,2,2018_19,LaLiga
2019-02-03,Real Madrid,Alaves,3,0,H,22,8,8,1,2018_19,LaLiga
2019-02-03,Villarreal,Espanol,2,2,D,14,17,5,2,2018_19,LaLiga
2019-02-04,Vallecano,Leganes,1,2,A,15,13,6,4,2018_19,LaLiga
2019-02-08,Valladolid,Villarreal,0,0,D,9,7,3,3,2018_19,LaLiga
2019-02-09,Ath Madrid,Real Madrid,1,3,A,11,11,2,4,2018_19,LaLiga
2019-02-09,Espanol,Vallecano,2,1,H,15,9,5,3,2018_19,LaLiga
2019-02-09,Getafe,Celta,3,1,H,12,13,6,3,2018_19,LaLiga
2019-02-09,Girona,Huesca,0,2,A,13,6,7,6,2018_19,LaLiga
2019-02-10,Ath Bilbao,Barcelona,0,0,D,13,10,5,2,2018_19,LaLiga
2019-02-10,Leganes,Betis,3,0,H,16,3,4,1,2018_19,LaLiga
2019-02-10,Sevilla,Eibar,2,2,D,13,8,4,4,2018_19,LaLiga
2019-02-10,Valencia,Sociedad,0,0,D,10,8,4,1,2018_19,LaLiga
2019-02-11,Alaves,Levante,2,0,H,16,8,4,0,2018_19,LaLiga
2019-02-15,Eibar,Getafe,2,2,D,11,7,6,4,2018_19,LaLiga
2019-02-16,Barcelona,Valladolid,1,0,H,20,10,8,0,2018_19,LaLiga
2019-02-16,Celta,Levante,1,4,A,14,14,7,8,2018_19,LaLiga
2019-02-16,Sociedad,Leganes,3,0,H,15,8,6,3,2018_19,LaLiga
2019-02-16,Vallecano,Ath Madrid,0,1,A,12,4,6,3,2018_19,LaLiga
2019-02-17,Betis,Alaves,1,1,D,19,6,10,3,2018_19,LaLiga
2019-02-17,Real Madrid,Girona,1,2,A,19,14,7,6,2018_19,LaLiga
2019-02-17,Valencia,Espanol,0,0,D,21,6,1,1,2018_19,LaLiga
2019-02-17,Villarreal,Sevilla,3,0,H,12,21,6,5,2018_19,LaLiga
2019-02-18,Huesca,Ath Bilbao,0,1,A,12,9,2,4,2018_19,LaLiga
2019-02-22,Espanol,Huesca,1,1,D,13,13,2,4,2018_19,LaLiga
2019-02-23,Alaves,Celta,0,0,D,17,8,4,2,2018_19,LaLiga
2019-02-23,Ath Bilbao,Eibar,1,0,H,9,7,4,2,2018_19,LaLiga
2019-02-23,Getafe,Vallecano,2,1,H,11,7,2,2,2018_19,LaLiga
2019-02-23,Sevilla,Barcelona,2,4,A,13,17,4,8,2018_19,LaLiga
2019-02-24,Ath Madrid,Villarreal,2,0,H,15,14,7,3,2018_19,LaLiga
2019-02-24,Leganes,Valencia,1,1,D,17,6,6,1,2018_19,LaLiga
2019-02-24,Levante,Real Madrid,1,2,A,11,19,2,5,2018_19,LaLiga
2019-02-24,Valladolid,Betis,0,2,A,10,6,2,3,2018_19,LaLiga
2019-02-25,Girona,Sociedad,0,0,D,10,7,3,1,2018_19,LaLiga
2019-03-01,Vallecano,Girona,0,2,A,9,12,3,4,2018_19,LaLiga
2019-03-02,Espanol,Valladolid,3,1,H,15,14,6,3,2018_19,LaLiga
2019-03-02,Huesca,Sevilla,2,1,H,7,12,3,5,2018_19,LaLiga
2019-03-02,Real Madrid,Barcelona,0,1,A,17,10,3,4,2018_19,LaLiga
2019-03-02,Villarreal,Alaves,1,2,A,9,10,2,2,2018_19,LaLiga
2019-03-03,Betis,Getafe,1,2,A,6,11,2,5,2018_19,LaLiga
2019-03-03,Eibar,Celta,1,0,H,15,3,4,1,2018_19,LaLiga
2019-03-03,Sociedad,Ath Madrid,0,2,A,19,8,3,3,2018_19,LaLiga
2019-03-03,Valencia,Ath Bilbao,2,0,H,11,4,3,1,2018_19,LaLiga
2019-03-04,Leganes,Levante,1,0,H,14,15,3,4,2018_19,LaLiga
2019-03-08,Ath Bilbao,Espanol,1,1,D,15,5,6,2,2018_19,LaLiga
2019-03-09,Alaves,Eibar,1,1,D,16,20,3,3,2018_19,LaLiga
2019-03-09,Ath Madrid,Leganes,1,0,H,13,3,4,2,2018_19,LaLiga
2019-03-09,Barcelona,Vallecano,3,1,H,12,8,6,1,2018_19,LaLiga
2019-03-09,Getafe,Huesca,2,1,H,14,8,6,1,2018_19,LaLiga
2019-03-10,Celta,Betis,0,1,A,7,14,1,4,2018_19,LaLiga
2019-03-10,Girona,Valencia,2,3,A,18,11,8,6,2018_19,LaLiga
2019-03-10,Levante,Villarreal,0,2,A,11,13,3,5,2018_19,LaLiga
2019-03-10,Sevilla,Sociedad,5,2,H,22,9,11,2,2018_19,LaLiga
2019-03-10,Valladolid,Real Madrid,1,4,A,10,15,2,6,2018_19,LaLiga
2019-03-15,Sociedad,Levante,1,1,D,22,8,7,3,2018_19,LaLiga
2019-03-16,Ath Bilbao,Ath Madrid,2,0,H,9,9,5,2,2018_19,LaLiga
2019-03-16,Huesca,Alaves,1,3,A,7,12,2,5,2018_19,LaLiga
2019-03-16,Leganes,Girona,0,2,A,12,8,3,4,2018_19,LaLiga
2019-03-16,Real Madrid,Celta,2,0,H,22,6,7,1,2018_19,LaLiga
2019-03-17,Betis,Barcelona,1,4,A,13,16,3,9,2018_19,LaLiga
2019-03-17,Eibar,Valladolid,1,2,A,15,8,3,3,2018_19,LaLiga
2019-03-17,Espanol,Sevilla,0,1,A,13,12,3,3,2018_19,LaLiga
2019-03-17,Valencia,Getafe,0,0,D,8,9,2,1,2018_19,LaLiga
2019-03-17,Villarreal,Vallecano,3,1,H,12,7,4,3,2018_19,LaLiga
2019-03-29,Girona,Ath Bilbao,1,2,A,6,8,2,5,2018_19,LaLiga
2019-03-30,Alaves,Ath Madrid,0,4,A,14,11,4,7,2018_19,LaLiga
2019-03-30,Barcelona,Espanol,2,0,H,13,4,3,2,2018_19,LaLiga
2019-03-30,Celta,Villarreal,3,2,H,15,14,6,5,2018_19,LaLiga
2019-03-30,Getafe,Leganes,0,2,A,9,7,2,3,2018_19,LaLiga
2019-03-31,Levante,Eibar,2,2,D,7,17,2,3,2018_19,LaLiga
2019-03-31,Real Madrid,Huesca,3,2,H,16,16,8,3,2018_19,LaLiga
2019-03-31,Sevilla,Valencia,0,1,A,17,4,5,2,2018_19,LaLiga
2019-03-31,Valladolid,Sociedad,1,1,D,10,10,4,1,2018_19,LaLiga
2019-03-31,Vallecano,Betis,1,1,D,20,7,5,2,2018_19,LaLiga
2019-04-02,Ath Madrid,Girona,2,0,H,17,12,7,4,2018_19,LaLiga
2019-04-02,Espanol,Getafe,1,1,D,9,13,3,3,2018_19,LaLiga
2019-04-02,Villarreal,Barcelona,4,4,D,16,15,9,9,2018_19,LaLiga
2019-04-03,Ath Bilbao,Levante,3,2,H,14,11,7,6,2018_19,LaLiga
2019-04-03,Eibar,Vallecano,2,1,H,12,13,6,2,2018_19,LaLiga
2019-04-03,Huesca,Celta,3,3,D,23,11,7,5,2018_19,LaLiga
2019-04-03,Valencia,Real Madrid,2,1,H,11,15,4,5,2018_19,LaLiga
2019-04-04,Leganes,Valladolid,1,0,H,18,8,2,1,2018_19,LaLiga
2019-04-04,Sevilla,Alaves,2,0,H,18,5,5,2,2018_19,LaLiga
2019-04-04,Sociedad,Betis,2,1,H,15,11,7,6,2018_19,LaLiga
2019-04-06,Barcelona,Ath Madrid,2,0,H,21,9,10,2,2018_19,LaLiga
2019-04-06,Girona,Espanol,1,2,A,14,9,5,2,2018_19,LaLiga
2019-04-06,Real Madrid,Eibar,2,1,H,13,3,7,1,2018_19,LaLiga
2019-04-06,Vallecano,Valencia,2,0,H,15,12,5,3,2018_19,LaLiga
2019-04-07,Alaves,Leganes,1,1,D,6,9,1,5,2018_19,LaLiga
2019-04-07,Betis,Villarreal,2,1,H,17,10,7,4,2018_19,LaLiga
2019-04-07,Celta,Sociedad,3,1,H,11,14,4,7,2018_19,LaLiga
2019-04-07,Getafe,Ath Bilbao,1,0,H,6,9,2,1,2018_19,LaLiga
2019-04-07,Levante,Huesca,2,2,D,14,17,8,4,2018_19,LaLiga
2019-04-07,Valladolid,Sevilla,0,2,A,10,16,5,4,2018_19,LaLiga
2019-04-13,Ath Madrid,Celta,2,0,H,11,10,5,3,2018_19,LaLiga
2019-04-13,Espanol,Alaves,2,1,H,6,14,2,3,2018_19,LaLiga
2019-04-13,Huesca,Barcelona,0,0,D,6,10,1,2,2018_19,LaLiga
2019-04-13,Sevilla,Betis,3,2,H,11,12,5,7,2018_19,LaLiga
2019-04-14,Ath Bilbao,Vallecano,3,2,H,15,8,9,4,2018_19,LaLiga
2019-04-14,Girona,Villarreal,0,1,A,14,17,5,6,2018_19,LaLiga
2019-04-14,Sociedad,Eibar,1,1,D,3,17,2,2,2018_19,LaLiga
2019-04-14,Valencia,Levante,3,1,H,23,6,6,3,2018_19,LaLiga
2019-04-14,Valladolid,Getafe,2,2,D,8,8,4,3,2018_19,LaLiga
2019-04-15,Leganes,Real Madrid,1,1,D,5,13,2,6,2018_19,LaLiga
2019-04-19,Alaves,Valladolid,2,2,D,10,12,4,7,2018_19,LaLiga
2019-04-20,Barcelona,Sociedad,2,1,H,11,9,4,2,2018_19,LaLiga
2019-04-20,Celta,Girona,2,1,H,13,9,8,1,2018_19,LaLiga
2019-04-20,Eibar,Ath Madrid,0,1,A,10,8,2,4,2018_19,LaLiga
2019-04-20,Vallecano,Huesca,0,0,D,16,10,3,3,2018_19,LaLiga
2019-04-21,Betis,Valencia,1,2,A,23,4,7,3,2018_19,LaLiga
2019-04-21,Getafe,Sevilla,3,0,H,10,12,3,2,2018_19,LaLiga
2019-04-21,Levante,Espanol,2,2,D,19,14,5,7,2018_19,LaLiga
2019-04-21,Real Madrid,Ath Bilbao,3,0,H,11,5,4,3,2018_19,LaLiga
2019-04-21,Villarreal,Leganes,2,1,H,11,6,5,2,2018_19,LaLiga
2019-04-23,Alaves,Barcelona,0,2,A,6,17,1,6,2018_19,LaLiga
2019-04-23,Huesca,Eibar,2,0,H,12,7,3,4,2018_19,LaLiga
2019-04-23,Valladolid,Girona,1,0,H,13,6,4,0,2018_19,LaLiga
2019-04-24,Ath Madrid,Valencia,3,2,H,14,12,6,4,2018_19,LaLiga
2019-04-24,Espanol,Celta,1,1,D,9,18,2,6,2018_19,LaLiga
2019-04-24,Leganes,Ath Bilbao,0,1,A,14,3,1,2,2018_19,LaLiga
2019-04-24,Levante,Betis,4,0,H,6,7,4,2,2018_19,LaLiga
2019-04-25,Getafe,Real Madrid,0,0,D,9,12,5,4,2018_19,LaLiga
2019-04-25,Sevilla,Vallecano,5,0,H,20,12,11,3,2018_19,LaLiga
2019-04-25,Sociedad,Villarreal,0,1,A,13,8,2,3,2018_19,LaLiga
2019-04-27,Ath Bilbao,Alaves,1,1,D,14,14,1,3,2018_19,LaLiga
2019-04-27,Ath Madrid,Valladolid,1,0,H,13,13,1,4,2018_19,LaLiga
2019-04-27,Barcelona,Levante,1,0,H,23,7,12,2,2018_19,LaLiga
2019-04-27,Leganes,Celta,0,0,D,10,8,1,2,2018_19,LaLiga
2019-04-28,Girona,Sevilla,1,0,H,15,7,4,3,2018_19,LaLiga
2019-04-28,Sociedad,Getafe,2,1,H,11,12,7,3,2018_19,LaLiga
2019-04-28,Valencia,Eibar,0,1,A,7,13,2,3,2018_19,LaLiga
2019-04-28,Vallecano,Real Madrid,1,0,H,11,9,5,3,2018_19,LaLiga
2019-04-28,Villarreal,Huesca,1,1,D,18,13,5,3,2018_19,LaLiga
2019-04-29,Betis,Espanol,1,1,D,18,10,5,4,2018_19,LaLiga
2019-05-03,Sevilla,Leganes,0,3,A,7,9,3,5,2018_19,LaLiga
2019-05-04,Alaves,Sociedad,0,1,A,17,9,6,2,2018_19,LaLiga
2019-05-04,Celta,Barcelona,2,0,H,14,8,6,1,2018_19,LaLiga
2019-05-04,Espanol,Ath Madrid,3,0,H,11,11,5,3,2018_19,LaLiga
2019-05-04,Levante,Vallecano,4,1,H,12,20,7,3,2018_19,LaLiga
2019-05-05,Eibar,Betis,1,0,H,14,12,6,6,2018_19,LaLiga
2019-05-05,Getafe,Girona,2,0,H,13,4,8,2,2018_19,LaLiga
2019-05-05,Huesca,Valencia,2,6,A,24,10,4,7,2018_19,LaLiga
2019-05-05,Real Madrid,Villarreal,3,2,H,24,15,11,7,2018_19,LaLiga
2019-05-05,Valladolid,Ath Bilbao,1,0,H,10,9,3,1,2018_19,LaLiga
2019-05-12,Ath Bilbao,Celta,3,1,H,8,3,4,2,2018_19,LaLiga
2019-05-12,Ath Madrid,Sevilla,1,1,D,11,11,4,5,2018_19,LaLiga
2019-05-12,Barcelona,Getafe,2,0,H,13,11,8,0,2018_19,LaLiga
2019-05-12,Betis,Huesca,2,1,H,17,9,8,2,2018_19,LaLiga
2019-05-12,Girona,Levante,1,2,A,14,6,6,2,2018_19,LaLiga
2019-05-12,Leganes,Espanol,0,2,A,11,19,4,7,2018_19,LaLiga
2019-05-12,Sociedad,Real Madrid,3,1,H,19,6,7,2,2018_19,LaLiga
2019-05-12,Valencia,Alaves,3,1,H,10,10,4,3,2018_19,LaLiga
2019-05-12,Vallecano,Valladolid,1,2,A,16,9,5,6,2018_19,LaLiga
2019-05-12,Villarreal,Eibar,1,0,H,11,4,3,0,2018_19,LaLiga
2019-05-18,Alaves,Girona,2,1,H,14,13,7,4,2018_19,LaLiga
2019-05-18,Celta,Vallecano,2,2,D,14,11,5,4,2018_19,LaLiga
2019-05-18,Espanol,Sociedad,2,0,H,9,11,4,2,2018_19,LaLiga
2019-05-18,Getafe,Villarreal,2,2,D,17,8,5,4,2018_19,LaLiga
2019-05-18,Huesca,Leganes,2,1,H,15,9,6,1,2018_19,LaLiga
2019-05-18,Levante,Ath Madrid,2,2,D,17,17,7,8,2018_19,LaLiga
2019-05-18,Sevilla,Ath Bilbao,2,0,H,9,9,3,1,2018_19,LaLiga
2019-05-18,Valladolid,Valencia,0,2,A,19,9,4,6,2018_19,LaLiga
2019-05-19,Eibar,Barcelona,2,2,D,15,6,8,3,2018_19,LaLiga
2019-05-19,Real Madrid,Betis,0,2,A,9,9,2,7,2018_19,LaLiga
2019-08-16,Ath Bilbao,Barcelona,1,0,H,11,11,5,2,2019_20,LaLiga
2019-08-17,Celta,Real Madrid,1,3,A,7,17,4,11,2019_20,LaLiga
2019-08-17,Valencia,Sociedad,1,1,D,14,12,6,3,2019_20,LaLiga
2019-08-17,Mallorca,Eibar,2,1,H,16,11,4,5,2019_20,LaLiga
2019-08-17,Leganes,Osasuna,0,1,A,13,4,2,2,2019_20,LaLiga
2019-08-17,Villarreal,Granada,4,4,D,12,14,7,7,2019_20,LaLiga
2019-08-18,Alaves,Levante,1,0,H,9,16,2,4,2019_20,LaLiga
2019-08-18,Espanol,Sevilla,0,2,A,7,12,2,4,2019_20,LaLiga
2019-08-18,Betis,Valladolid,1,2,A,13,14,4,3,2019_20,LaLiga
2019-08-18,Ath Madrid,Getafe,1,0,H,5,6,5,0,2019_20,LaLiga
2019-08-23,Granada,Sevilla,0,1,A,12,11,0,6,2019_20,LaLiga
2019-08-23,Levante,Villarreal,2,1,H,16,23,4,6,2019_20,LaLiga
2019-08-24,Osasuna,Eibar,0,0,D,6,12,2,0,2019_20,LaLiga
2019-08-24,Real Madrid,Valladolid,1,1,D,22,9,4,2,2019_20,LaLiga
2019-08-24,Celta,Valencia,1,0,H,11,9,6,1,2019_20,LaLiga
2019-08-24,Getafe,Ath Bilbao,1,1,D,6,4,2,2,2019_20,LaLiga
2019-08-25,Alaves,Espanol,0,0,D,10,5,2,1,2019_20,LaLiga
2019-08-25,Mallorca,Sociedad,0,1,A,12,12,4,4,2019_20,LaLiga
2019-08-25,Leganes,Ath Madrid,0,1,A,10,6,4,4,2019_20,LaLiga
2019-08-25,Barcelona,Betis,5,2,H,20,4,7,3,2019_20,LaLiga
2019-08-30,Sevilla,Celta,1,1,D,19,2,5,1,2019_20,LaLiga
2019-08-30,Ath Bilbao,Sociedad,2,0,H,15,2,5,2,2019_20,LaLiga
2019-08-31,Osasuna,Barcelona,2,2,D,15,8,5,4,2019_20,LaLiga
2019-08-31,Getafe,Alaves,1,1,D,15,5,1,1,2019_20,LaLiga
2019-08-31,Levante,Valladolid,2,0,H,16,15,3,4,2019_20,LaLiga
2019-08-31,Betis,Leganes,2,1,H,17,19,5,7,2019_20,LaLiga
2019-09-01,Valencia,Mallorca,2,0,H,9,12,4,1,2019_20,LaLiga
2019-09-01,Ath Madrid,Eibar,3,2,H,7,6,3,2,2019_20,LaLiga
2019-09-01,Espanol,Granada,0,3,A,15,14,3,6,2019_20,LaLiga
2019-09-01,Villarreal,Real Madrid,2,2,D,10,17,5,5,2019_20,LaLiga
2019-09-13,Mallorca,Ath Bilbao,0,0,D,10,11,1,5,2019_20,LaLiga
2019-09-14,Real Madrid,Levante,3,2,H,25,8,11,3,2019_20,LaLiga
2019-09-14,Leganes,Villarreal,0,3,A,10,8,4,4,2019_20,LaLiga
2019-09-14,Sociedad,Ath Madrid,2,0,H,14,12,5,2,2019_20,LaLiga
2019-09-14,Barcelona,Valencia,5,2,H,17,9,10,3,2019_20,LaLiga
2019-09-15,Eibar,Espanol,1,2,A,11,7,1,2,2019_20,LaLiga
2019-09-15,Alaves,Sevilla,0,1,A,7,19,0,7,2019_20,LaLiga
2019-09-15,Celta,Granada,0,2,A,4,13,0,3,2019_20,LaLiga
2019-09-15,Valladolid,Osasuna,1,1,D,11,17,1,5,2019_20,LaLiga
2019-09-15,Betis,Getafe,1,1,D,7,12,2,4,2019_20,LaLiga
2019-09-20,Osasuna,Betis,0,0,D,12,7,6,2,2019_20,LaLiga
2019-09-21,Villarreal,Valladolid,2,0,H,18,7,6,3,2019_20,LaLiga
2019-09-21,Levante,Eibar,0,0,D,13,18,4,4,2019_20,LaLiga
2019-09-21,Ath Madrid,Celta,0,0,D,20,6,5,3,2019_20,LaLiga
2019-09-21,Granada,Barcelona,2,0,H,9,8,4,1,2019_20,LaLiga
2019-09-22,Getafe,Mallorca,4,2,H,14,7,5,3,2019_20,LaLiga
2019-09-22,Espanol,Sociedad,1,3,A,17,10,3,5,2019_20,LaLiga
2019-09-22,Valencia,Leganes,1,1,D,13,13,4,4,2019_20,LaLiga
2019-09-22,Ath Bilbao,Alaves,2,0,H,13,5,4,1,2019_20,LaLiga
2019-09-22,Sevilla,Real Madrid,0,1,A,9,7,0,4,2019_20,LaLiga
2019-09-24,Valladolid,Granada,1,1,D,9,6,5,4,2019_20,LaLiga
2019-09-24,Betis,Levante,3,1,H,17,17,5,3,2019_20,LaLiga
2019-09-24,Barcelona,Villarreal,2,1,H,8,11,4,3,2019_20,LaLiga
2019-09-25,Leganes,Ath Bilbao,1,1,D,7,9,3,2,2019_20,LaLiga
2019-09-25,Mallorca,Ath Madrid,0,2,A,9,13,3,3,2019_20,LaLiga
2019-09-25,Valencia,Getafe,3,3,D,8,18,4,5,2019_20,LaLiga
2019-09-25,Real Madrid,Osasuna,2,0,H,15,4,4,0,2019_20,LaLiga
2019-09-26,Eibar,Sevilla,3,2,H,11,7,4,4,2019_20,LaLiga
2019-09-26,Celta,Espanol,1,1,D,14,10,3,4,2019_20,LaLiga
2019-09-26,Sociedad,Alaves,3,0,H,21,5,7,0,2019_20,LaLiga
2019-09-27,Villarreal,Betis,5,1,H,17,11,10,6,2019_20,LaLiga
2019-09-28,Ath Bilbao,Valencia,0,1,A,14,10,3,6,2019_20,LaLiga
2019-09-28,Getafe,Barcelona,0,2,A,8,10,1,6,2019_20,LaLiga
2019-09-28,Granada,Leganes,1,0,H,11,15,4,6,2019_20,LaLiga
2019-09-28,Ath Madrid,Real Madrid,0,0,D,7,14,1,3,2019_20,LaLiga
2019-09-29,Espanol,Valladolid,0,2,A,16,9,2,6,2019_20,LaLiga
2019-09-29,Eibar,Celta,2,0,H,7,3,3,2,2019_20,LaLiga
2019-09-29,Alaves,Mallorca,2,0,H,11,5,6,1,2019_20,LaLiga
2019-09-29,Levante,Osasuna,1,1,D,10,18,5,3,2019_20,LaLiga
2019-09-29,Sevilla,Sociedad,3,2,H,21,5,8,2,2019_20,LaLiga
2019-10-04,Betis,Eibar,1,1,D,12,8,3,2,2019_20,LaLiga
2019-10-05,Leganes,Levante,1,2,A,25,9,10,2,2019_20,LaLiga
2019-10-05,Real Madrid,Granada,4,2,H,17,8,10,5,2019_20,LaLiga
2019-10-05,Valencia,Alaves,2,1,H,11,10,3,4,2019_20,LaLiga
2019-10-05,Osasuna,Villarreal,2,1,H,16,16,4,5,2019_20,LaLiga
2019-10-06,Mallorca,Espanol,2,0,H,9,11,3,3,2019_20,LaLiga
2019-10-06,Celta,Ath Bilbao,1,0,H,13,6,2,2,2019_20,LaLiga
2019-10-06,Valladolid,Ath Madrid,0,0,D,5,9,1,1,2019_20,LaLiga
2019-10-06,Sociedad,Getafe,1,2,A,6,13,3,4,2019_20,LaLiga
2019-10-06,Barcelona,Sevilla,4,0,H,15,16,8,4,2019_20,LaLiga
2019-10-18,Granada,Osasuna,1,0,H,6,9,2,4,2019_20,LaLiga
2019-10-19,Eibar,Barcelona,0,3,A,5,9,0,4,2019_20,LaLiga
2019-10-19,Ath Madrid,Valencia,1,1,D,15,11,4,3,2019_20,LaLiga
2019-10-19,Getafe,Leganes,2,0,H,5,7,2,3,2019_20,LaLiga
2019-10-19,Mallorca,Real Madrid,1,0,H,5,13,1,4,2019_20,LaLiga
2019-10-20,Alaves,Celta,2,0,H,12,14,5,2,2019_20,LaLiga
2019-10-20,Sociedad,Betis,3,1,H,18,12,6,5,2019_20,LaLiga
2019-10-20,Espanol,Villarreal,0,1,A,18,11,3,5,2019_20,LaLiga
2019-10-20,Ath Bilbao,Valladolid,1,1,D,19,9,7,3,2019_20,LaLiga
2019-10-20,Sevilla,Levante,1,0,H,19,12,5,5,2019_20,LaLiga
2019-10-25,Villarreal,Alaves,4,1,H,19,12,8,3,2019_20,LaLiga
2019-10-26,Leganes,Mallorca,1,0,H,9,9,3,1,2019_20,LaLiga
2019-10-26,Valladolid,Eibar,2,0,H,8,13,4,3,2019_20,LaLiga
2019-10-26,Ath Madrid,Ath Bilbao,2,0,H,9,9,2,2,2019_20,LaLiga
2019-10-27,Celta,Sociedad,0,1,A,9,9,1,4,2019_20,LaLiga
2019-10-27,Granada,Betis,1,0,H,13,12,3,0,2019_20,LaLiga
2019-10-27,Levante,Espanol,0,1,A,7,14,3,3,2019_20,LaLiga
2019-10-27,Sevilla,Getafe,2,0,H,15,9,8,4,2019_20,LaLiga
2019-10-27,Osasuna,Valencia,3,1,H,21,2,13,1,2019_20,LaLiga
2019-10-29,Alaves,Ath Madrid,1,1,D,11,9,3,3,2019_20,LaLiga
2019-10-29,Barcelona,Valladolid,5,1,H,18,9,9,1,2019_20,LaLiga
2019-10-30,Sociedad,Levante,1,2,A,17,13,5,4,2019_20,LaLiga
2019-10-30,Valencia,Sevilla,1,1,D,10,10,3,1,2019_20,LaLiga
2019-10-30,Ath Bilbao,Espanol,3,0,H,7,12,5,5,2019_20,LaLiga
2019-10-30,Betis,Celta,2,1,H,11,18,7,5,2019_20,LaLiga
2019-10-30,Real Madrid,Leganes,5,0,H,22,5,11,3,2019_20,LaLiga
2019-10-31,Eibar,Villarreal,2,1,H,25,9,8,2,2019_20,LaLiga
2019-10-31,Mallorca,Osasuna,2,2,D,11,12,3,4,2019_20,LaLiga
2019-10-31,Getafe,Granada,3,1,H,8,10,3,2,2019_20,LaLiga
2019-11-02,Espanol,Valencia,1,2,A,13,11,4,4,2019_20,LaLiga
2019-11-02,Levante,Barcelona,3,1,H,9,9,3,6,2019_20,LaLiga
2019-11-02,Sevilla,Ath Madrid,1,1,D,11,14,4,5,2019_20,LaLiga
2019-11-02,Real Madrid,Betis,0,0,D,22,13,7,3,2019_20,LaLiga
2019-11-03,Valladolid,Mallorca,3,0,H,12,14,6,1,2019_20,LaLiga
2019-11-03,Villarreal,Ath Bilbao,0,0,D,11,12,7,2,2019_20,LaLiga
2019-11-03,Osasuna,Alaves,4,2,H,19,11,6,3,2019_20,LaLiga
2019-11-03,Celta,Getafe,0,1,A,6,9,2,5,2019_20,LaLiga
2019-11-03,Leganes,Eibar,1,2,A,12,7,5,4,2019_20,LaLiga
2019-11-03,Granada,Sociedad,1,2,A,5,9,3,5,2019_20,LaLiga
2019-11-08,Sociedad,Leganes,1,1,D,11,6,5,2,2019_20,LaLiga
2019-11-09,Alaves,Valladolid,3,0,H,14,7,5,1,2019_20,LaLiga
2019-11-09,Valencia,Granada,2,0,H,12,13,4,1,2019_20,LaLiga
2019-11-09,Eibar,Real Madrid,0,4,A,14,10,1,5,2019_20,LaLiga
2019-11-09,Barcelona,Celta,4,1,H,10,6,7,5,2019_20,LaLiga
2019-11-10,Mallorca,Villarreal,3,1,H,5,22,3,6,2019_20,LaLiga
2019-11-10,Ath Bilbao,Levante,2,1,H,23,8,10,2,2019_20,LaLiga
2019-11-10,Ath Madrid,Espanol,3,1,H,18,10,5,1,2019_20,LaLiga
2019-11-10,Getafe,Osasuna,0,0,D,14,4,5,1,2019_20,LaLiga
2019-11-10,Betis,Sevilla,1,2,A,18,10,5,6,2019_20,LaLiga
2019-11-22,Levante,Mallorca,2,1,H,13,14,6,7,2019_20,LaLiga
2019-11-23,Leganes,Barcelona,1,2,A,9,11,4,6,2019_20,LaLiga
2019-11-23,Betis,Valencia,2,1,H,25,9,8,3,2019_20,LaLiga
2019-11-23,Granada,Ath Madrid,1,1,D,9,17,3,6,2019_20,LaLiga
2019-11-23,Real Madrid,Sociedad,3,1,H,18,11,10,6,2019_20,LaLiga
2019-11-24,Espanol,Getafe,1,1,D,6,11,2,2,2019_20,LaLiga
2019-11-24,Osasuna,Ath Bilbao,1,2,A,12,6,7,4,2019_20,LaLiga
2019-11-24,Eibar,Alaves,0,2,A,18,7,7,5,2019_20,LaLiga
2019-11-24,Villarreal,Celta,1,3,A,15,11,1,7,2019_20,LaLiga
2019-11-24,Valladolid,Sevilla,0,1,A,7,4,1,2,2019_20,LaLiga
2019-11-29,Celta,Valladolid,0,0,D,13,9,5,2,2019_20,LaLiga
2019-11-30,Alaves,Real Madrid,1,2,A,8,12,2,6,2019_20,LaLiga
2019-11-30,Sociedad,Eibar,4,1,H,15,10,4,4,2019_20,LaLiga
2019-11-30,Mallorca,Betis,1,2,A,16,15,7,3,2019_20,LaLiga
2019-11-30,Valencia,Villarreal,2,1,H,13,24,7,7,2019_20,LaLiga
2019-12-01,Sevilla,Leganes,1,0,H,16,8,8,4,2019_20,LaLiga
2019-12-01,Ath Bilbao,Granada,2,0,H,14,8,6,1,2019_20,LaLiga
2019-12-01,Espanol,Osasuna,2,4,A,12,14,5,8,2019_20,LaLiga
2019-12-01,Getafe,Levante,4,0,H,13,7,9,2,2019_20,LaLiga
2019-12-01,Ath Madrid,Barcelona,0,1,A,17,13,2,5,2019_20,LaLiga
2019-12-06,Villarreal,Ath Madrid,0,0,D,23,18,3,3,2019_20,LaLiga
2019-12-07,Real Madrid,Espanol,2,0,H,18,6,8,2,2019_20,LaLiga
2019-12-07,Granada,Alaves,3,0,H,13,5,3,1,2019_20,LaLiga
2019-12-07,Levante,Valencia,2,4,A,17,10,6,6,2019_20,LaLiga
2019-12-07,Barcelona,Mallorca,5,2,H,25,9,17,3,2019_20,LaLiga
2019-12-08,Eibar,Getafe,0,1,A,6,6,3,3,2019_20,LaLiga
2019-12-08,Betis,Ath Bilbao,3,2,H,10,8,6,2,2019_20,LaLiga
2019-12-08,Valladolid,Sociedad,0,0,D,4,16,2,2,2019_20,LaLiga
2019-12-08,Leganes,Celta,3,2,H,15,9,8,4,2019_20,LaLiga
2019-12-08,Osasuna,Sevilla,1,1,D,10,13,1,4,2019_20,LaLiga
2019-12-13,Alaves,Leganes,1,1,D,10,3,3,1,2019_20,LaLiga
2019-12-14,Granada,Levante,1,2,A,18,13,4,6,2019_20,LaLiga
2019-12-14,Sociedad,Barcelona,2,2,D,19,9,5,5,2019_20,LaLiga
2019-12-14,Ath Bilbao,Eibar,0,0,D,8,8,3,2,2019_20,LaLiga
2019-12-14,Ath Madrid,Osasuna,2,0,H,19,15,9,3,2019_20,LaLiga
2019-12-15,Getafe,Valladolid,2,0,H,7,10,3,3,2019_20,LaLiga
2019-12-15,Celta,Mallorca,2,2,D,18,8,7,2,2019_20,LaLiga
2019-12-15,Espanol,Betis,2,2,D,16,10,4,5,2019_20,LaLiga
2019-12-15,Sevilla,Villarreal,1,2,A,24,9,5,3,2019_20,LaLiga
2019-12-15,Valencia,Real Madrid,1,1,D,9,19,6,6,2019_20,LaLiga
2019-12-18,Barcelona,Real Madrid,0,0,D,9,17,2,4,2019_20,LaLiga
2019-12-20,Eibar,Granada,3,0,H,21,12,7,1,2019_20,LaLiga
2019-12-21,Mallorca,Sevilla,0,2,A,8,13,1,6,2019_20,LaLiga
2019-12-21,Barcelona,Alaves,4,1,H,8,5,4,3,2019_20,LaLiga
2019-12-21,Villarreal,Getafe,1,0,H,11,7,4,0,2019_20,LaLiga
2019-12-21,Valladolid,Valencia,1,1,D,14,5,6,2,2019_20,LaLiga
2019-12-22,Leganes,Espanol,2,0,H,11,9,5,3,2019_20,LaLiga
2019-12-22,Osasuna,Sociedad,3,4,A,19,13,7,7,2019_20,LaLiga
2019-12-22,Betis,Ath Madrid,1,2,A,15,8,2,5,2019_20,LaLiga
2019-12-22,Levante,Celta,3,1,H,13,12,7,5,2019_20,LaLiga
2019-12-22,Real Madrid,Ath Bilbao,0,0,D,20,8,8,2,2019_20,LaLiga
2020-01-03,Valladolid,Leganes,2,2,D,14,12,5,5,2019_20,LaLiga
2020-01-03,Sevilla,Ath Bilbao,1,1,D,9,6,2,1,2019_20,LaLiga
2020-01-04,Valencia,Eibar,1,0,H,9,10,1,3,2019_20,LaLiga
2020-01-04,Getafe,Real Madrid,0,3,A,15,10,4,8,2019_20,LaLiga
2020-01-04,Ath Madrid,Levante,2,1,H,17,6,8,3,2019_20,LaLiga
2020-01-04,Espanol,Barcelona,2,2,D,8,14,3,7,2019_20,LaLiga
2020-01-05,Granada,Mallorca,1,0,H,7,17,4,5,2019_20,LaLiga
2020-01-05,Sociedad,Villarreal,1,2,A,10,14,2,2,2019_20,LaLiga
2020-01-05,Alaves,Betis,1,1,D,6,10,1,3,2019_20,LaLiga
2020-01-05,Celta,Osasuna,1,1,D,20,8,7,1,2019_20,LaLiga
2020-01-17,Leganes,Getafe,0,3,A,8,8,2,4,2019_20,LaLiga
2020-01-18,Levante,Alaves,0,1,A,20,14,3,6,2019_20,LaLiga
2020-01-18,Real Madrid,Sevilla,2,1,H,13,8,4,3,2019_20,LaLiga
2020-01-18,Osasuna,Valladolid,0,0,D,21,5,5,3,2019_20,LaLiga
2020-01-18,Eibar,Ath Madrid,2,0,H,9,12,4,4,2019_20,LaLiga
2020-01-19,Mallorca,Valencia,4,1,H,13,8,6,1,2019_20,LaLiga
2020-01-19,Betis,Sociedad,3,0,H,14,7,6,0,2019_20,LaLiga
2020-01-19,Villarreal,Espanol,1,2,A,21,16,5,5,2019_20,LaLiga
2020-01-19,Ath Bilbao,Celta,1,1,D,22,7,6,3,2019_20,LaLiga
2020-01-19,Barcelona,Granada,1,0,H,18,5,6,1,2019_20,LaLiga
2020-01-24,Osasuna,Levante,2,0,H,15,6,3,2,2019_20,LaLiga
2020-01-25,Espanol,Ath Bilbao,1,1,D,9,11,3,3,2019_20,LaLiga
2020-01-25,Valencia,Barcelona,2,0,H,8,14,6,5,2019_20,LaLiga
2020-01-25,Alaves,Villarreal,1,2,A,12,11,6,6,2019_20,LaLiga
2020-01-25,Sevilla,Granada,2,0,H,12,8,4,1,2019_20,LaLiga
2020-01-26,Ath Madrid,Leganes,0,0,D,14,10,3,4,2019_20,LaLiga
2020-01-26,Celta,Eibar,0,0,D,18,5,5,3,2019_20,LaLiga
2020-01-26,Getafe,Betis,1,0,H,7,8,3,1,2019_20,LaLiga
2020-01-26,Sociedad,Mallorca,3,0,H,14,8,5,4,2019_20,LaLiga
2020-01-26,Valladolid,Real Madrid,0,1,A,4,12,0,3,2019_20,LaLiga
2020-02-01,Granada,Espanol,2,1,H,8,22,2,4,2019_20,LaLiga
2020-02-01,Real Madrid,Ath Madrid,1,0,H,16,4,5,1,2019_20,LaLiga
2020-02-01,Mallorca,Valladolid,0,1,A,16,15,4,7,2019_20,LaLiga
2020-02-01,Valencia,Celta,1,0,H,9,11,5,4,2019_20,LaLiga
2020-02-02,Leganes,Sociedad,2,1,H,12,2,5,1,2019_20,LaLiga
2020-02-02,Eibar,Betis,1,1,D,8,14,3,6,2019_20,LaLiga
2020-02-02,Ath Bilbao,Getafe,0,2,A,8,9,2,3,2019_20,LaLiga
2020-02-02,Sevilla,Alaves,1,1,D,14,4,3,3,2019_20,LaLiga
2020-02-02,Villarreal,Osasuna,3,1,H,9,17,4,5,2019_20,LaLiga
2020-02-02,Barcelona,Levante,2,1,H,23,10,9,5,2019_20,LaLiga
2020-02-07,Alaves,Eibar,2,1,H,9,5,5,1,2019_20,LaLiga
2020-02-08,Levante,Leganes,2,0,H,9,12,5,4,2019_20,LaLiga
2020-02-08,Getafe,Valencia,3,0,H,22,5,10,0,2019_20,LaLiga
2020-02-08,Valladolid,Villarreal,1,1,D,8,8,1,3,2019_20,LaLiga
2020-02-08,Ath Madrid,Granada,1,0,H,6,10,3,2,2019_20,LaLiga
2020-02-09,Espanol,Mallorca,1,0,H,12,7,7,3,2019_20,LaLiga
2020-02-09,Sociedad,Ath Bilbao,2,1,H,14,6,4,3,2019_20,LaLiga
2020-02-09,Osasuna,Real Madrid,1,4,A,14,17,4,7,2019_20,LaLiga
2020-02-09,Celta,Sevilla,2,1,H,13,12,7,4,2019_20,LaLiga
2020-02-09,Betis,Barcelona,2,3,A,7,10,3,6,2019_20,LaLiga
2020-02-14,Valencia,Ath Madrid,2,2,D,9,8,3,3,2019_20,LaLiga
2020-02-15,Mallorca,Alaves,1,0,H,14,10,6,0,2019_20,LaLiga
2020-02-15,Barcelona,Getafe,2,1,H,12,7,5,2,2019_20,LaLiga
2020-02-15,Villarreal,Levante,2,1,H,14,11,6,2,2019_20,LaLiga
2020-02-15,Granada,Valladolid,2,1,H,11,6,5,4,2019_20,LaLiga
2020-02-16,Sevilla,Espanol,2,2,D,18,5,6,3,2019_20,LaLiga
2020-02-16,Leganes,Betis,0,0,D,11,3,1,2,2019_20,LaLiga
2020-02-16,Ath Bilbao,Osasuna,0,1,A,12,6,2,2,2019_20,LaLiga
2020-02-16,Real Madrid,Celta,2,2,D,15,5,4,3,2019_20,LaLiga
2020-02-21,Betis,Mallorca,3,3,D,19,11,6,4,2019_20,LaLiga
2020-02-22,Celta,Leganes,1,0,H,3,11,1,2,2019_20,LaLiga
2020-02-22,Barcelona,Eibar,5,0,H,13,12,11,5,2019_20,LaLiga
2020-02-22,Sociedad,Valencia,3,0,H,19,6,7,1,2019_20,LaLiga
2020-02-22,Levante,Real Madrid,1,0,H,8,19,2,7,2019_20,LaLiga
2020-02-23,Osasuna,Granada,0,3,A,14,10,1,4,2019_20,LaLiga
2020-02-23,Alaves,Ath Bilbao,2,1,H,4,13,4,5,2019_20,LaLiga
2020-02-23,Valladolid,Espanol,2,1,H,21,6,6,2,2019_20,LaLiga
2020-02-23,Getafe,Sevilla,0,3,A,10,8,2,5,2019_20,LaLiga
2020-02-23,Ath Madrid,Villarreal,3,1,H,16,10,9,4,2019_20,LaLiga
2020-02-28,Sociedad,Valladolid,1,0,H,13,6,4,1,2019_20,LaLiga
2020-02-29,Eibar,Levante,3,0,H,13,11,9,4,2019_20,LaLiga
2020-02-29,Valencia,Betis,2,1,H,10,14,5,5,2019_20,LaLiga
2020-02-29,Leganes,Alaves,1,1,D,19,8,6,4,2019_20,LaLiga
2020-02-29,Granada,Celta,0,0,D,14,6,0,2,2019_20,LaLiga
2020-03-01,Sevilla,Osasuna,3,2,H,12,14,5,4,2019_20,LaLiga
2020-03-01,Ath Bilbao,Villarreal,1,0,H,18,10,6,3,2019_20,LaLiga
2020-03-01,Espanol,Ath Madrid,1,1,D,9,5,3,2,2019_20,LaLiga
2020-03-01,Mallorca,Getafe,0,1,A,4,9,1,5,2019_20,LaLiga
2020-03-01,Real Madrid,Barcelona,2,0,H,13,9,5,4,2019_20,LaLiga
2020-03-06,Alaves,Valencia,1,1,D,13,6,2,2,2019_20,LaLiga
2020-03-07,Eibar,Mallorca,1,2,A,13,10,2,4,2019_20,LaLiga
2020-03-07,Ath Madrid,Sevilla,2,2,D,21,12,3,4,2019_20,LaLiga
2020-03-07,Barcelona,Sociedad,1,0,H,13,9,6,1,2019_20,LaLiga
2020-03-07,Getafe,Celta,0,0,D,19,3,6,2,2019_20,LaLiga
2020-03-08,Osasuna,Espanol,1,0,H,17,8,6,2,2019_20,LaLiga
2020-03-08,Valladolid,Ath Bilbao,1,4,A,19,10,2,5,2019_20,LaLiga
2020-03-08,Levante,Granada,1,1,D,11,10,3,7,2019_20,LaLiga
2020-03-08,Villarreal,Leganes,1,2,A,15,12,5,7,2019_20,LaLiga
2020-03-08,Betis,Real Madrid,2,1,H,14,13,3,4,2019_20,LaLiga
2020-03-10,Eibar,Sociedad,1,2,A,13,6,4,2,2019_20,LaLiga
2020-06-11,Sevilla,Betis,2,0,H,13,12,5,1,2019_20,LaLiga
2020-06-12,Granada,Getafe,2,1,H,10,6,4,2,2019_20,LaLiga
2020-06-12,Valencia,Levante,1,1,D,12,14,3,4,2019_20,LaLiga
2020-06-13,Espanol,Alaves,2,0,H,19,1,9,0,2019_20,LaLiga
2020-06-13,Celta,Villarreal,0,1,A,4,15,0,4,2019_20,LaLiga
2020-06-13,Leganes,Valladolid,1,2,A,11,6,2,2,2019_20,LaLiga
2020-06-13,Mallorca,Barcelona,0,4,A,13,12,3,7,2019_20,LaLiga
2020-06-14,Ath Bilbao,Ath Madrid,1,1,D,10,9,3,2,2019_20,LaLiga
2020-06-14,Real Madrid,Eibar,3,1,H,6,9,5,5,2019_20,LaLiga
2020-06-14,Sociedad,Osasuna,1,1,D,9,8,4,1,2019_20,LaLiga
2020-06-15,Levante,Sevilla,1,1,D,11,10,5,4,2019_20,LaLiga
2020-06-15,Betis,Granada,2,2,D,18,8,6,5,2019_20,LaLiga
2020-06-16,Getafe,Espanol,0,0,D,21,5,4,3,2019_20,LaLiga
2020-06-16,Villarreal,Mallorca,1,0,H,10,15,4,5,2019_20,LaLiga
2020-06-16,Barcelona,Leganes,2,0,H,10,6,5,2,2019_20,LaLiga
2020-06-17,Eibar,Ath Bilbao,2,2,D,12,6,6,3,2019_20,LaLiga
2020-06-17,Valladolid,Celta,0,0,D,6,11,1,4,2019_20,LaLiga
2020-06-17,Osasuna,Ath Madrid,0,5,A,13,10,3,6,2019_20,LaLiga
2020-06-18,Alaves,Sociedad,2,0,H,15,9,7,1,2019_20,LaLiga
2020-06-18,Real Madrid,Valencia,3,0,H,19,4,14,2,2019_20,LaLiga
2020-06-19,Granada,Villarreal,0,1,A,14,5,4,1,2019_20,LaLiga
2020-06-19,Mallorca,Leganes,1,1,D,7,16,3,4,2019_20,LaLiga
2020-06-19,Sevilla,Barcelona,0,0,D,8,10,4,4,2019_20,LaLiga
2020-06-20,Espanol,Levante,1,3,A,10,14,3,8,2019_20,LaLiga
2020-06-20,Ath Bilbao,Betis,1,0,H,12,9,3,5,2019_20,LaLiga
2020-06-20,Getafe,Eibar,1,1,D,9,8,2,2,2019_20,LaLiga
2020-06-20,Ath Madrid,Valladolid,1,0,H,15,6,4,2,2019_20,LaLiga
2020-06-21,Celta,Alaves,6,0,H,15,4,10,2,2019_20,LaLiga
2020-06-21,Valencia,Osasuna,2,0,H,7,13,3,3,2019_20,LaLiga
2020-06-21,Sociedad,Real Madrid,1,2,A,10,10,2,6,2019_20,LaLiga
2020-06-22,Villarreal,Sevilla,2,2,D,7,14,5,6,2019_20,LaLiga
2020-06-22,Leganes,Granada,0,0,D,9,4,3,1,2019_20,LaLiga
2020-06-23,Levante,Ath Madrid,0,1,A,12,12,0,7,2019_20,LaLiga
2020-06-23,Valladolid,Getafe,1,1,D,6,15,2,1,2019_20,LaLiga
2020-06-23,Barcelona,Ath Bilbao,1,0,H,18,6,4,0,2019_20,LaLiga
2020-06-24,Alaves,Osasuna,0,1,A,5,7,0,1,2019_20,LaLiga
2020-06-24,Sociedad,Celta,0,1,A,13,4,6,1,2019_20,LaLiga
2020-06-24,Real Madrid,Mallorca,2,0,H,14,11,6,4,2019_20,LaLiga
2020-06-25,Eibar,Valencia,1,0,H,14,7,5,0,2019_20,LaLiga
2020-06-25,Betis,Espanol,1,0,H,13,9,6,2,2019_20,LaLiga
2020-06-26,Sevilla,Valladolid,1,1,D,15,11,3,5,2019_20,LaLiga
2020-06-27,Ath Bilbao,Mallorca,3,1,H,12,14,6,2,2019_20,LaLiga
2020-06-27,Celta,Barcelona,2,2,D,10,18,6,2,2019_20,LaLiga
2020-06-27,Osasuna,Leganes,2,1,H,6,21,5,7,2019_20,LaLiga
2020-06-27,Ath Madrid,Alaves,2,1,H,14,6,4,2,2019_20,LaLiga
2020-06-28,Levante,Betis,4,2,H,9,17,4,8,2019_20,LaLiga
2020-06-28,Villarreal,Valencia,2,0,H,17,4,4,0,2019_20,LaLiga
2020-06-28,Granada,Eibar,1,2,A,14,13,5,6,2019_20,LaLiga
2020-06-28,Espanol,Real Madrid,0,1,A,8,14,5,6,2019_20,LaLiga
2020-06-29,Getafe,Sociedad,2,1,H,11,5,4,1,2019_20,LaLiga
2020-06-30,Mallorca,Celta,5,1,H,9,12,7,8,2019_20,LaLiga
2020-06-30,Leganes,Sevilla,0,3,A,9,11,3,6,2019_20,LaLiga
2020-06-30,Barcelona,Ath Madrid,2,2,D,12,10,5,3,2019_20,LaLiga
2020-07-01,Alaves,Granada,0,2,A,11,7,4,4,2019_20,LaLiga
2020-07-01,Valencia,Ath Bilbao,0,2,A,10,12,1,4,2019_20,LaLiga
2020-07-01,Betis,Villarreal,0,2,A,9,15,1,6,2019_20,LaLiga
2020-07-01,Valladolid,Levante,0,0,D,15,8,4,3,2019_20,LaLiga
2020-07-02,Eibar,Osasuna,0,2,A,11,9,4,6,2019_20,LaLiga
2020-07-02,Sociedad,Espanol,2,1,H,12,4,4,3,2019_20,LaLiga
2020-07-02,Real Madrid,Getafe,1,0,H,8,10,4,3,2019_20,LaLiga
2020-07-03,Ath Madrid,Mallorca,3,0,H,15,13,3,1,2019_20,LaLiga
2020-07-04,Celta,Betis,1,1,D,5,10,1,3,2019_20,LaLiga
2020-07-04,Valladolid,Alaves,1,0,H,5,7,3,0,2019_20,LaLiga
2020-07-04,Granada,Valencia,2,2,D,17,4,4,3,2019_20,LaLiga
2020-07-05,Ath Bilbao,Real Madrid,0,1,A,7,10,1,4,2019_20,LaLiga
2020-07-05,Espanol,Leganes,0,1,A,7,4,2,2,2019_20,LaLiga
2020-07-05,Osasuna,Getafe,0,0,D,6,6,2,1,2019_20,LaLiga
2020-07-05,Villarreal,Barcelona,1,4,A,11,18,4,12,2019_20,LaLiga
2020-07-06,Levante,Sociedad,1,1,D,9,8,4,3,2019_20,LaLiga
2020-07-06,Sevilla,Eibar,1,0,H,8,19,3,3,2019_20,LaLiga
2020-07-07,Valencia,Valladolid,2,1,H,10,11,4,5,2019_20,LaLiga
2020-07-07,Celta,Ath Madrid,1,1,D,9,10,4,2,2019_20,LaLiga
2020-07-08,Betis,Osasuna,3,0,H,14,8,8,2,2019_20,LaLiga
2020-07-08,Getafe,Villarreal,1,3,A,5,6,2,3,2019_20,LaLiga
2020-07-08,Barcelona,Espanol,1,0,H,9,11,2,2,2019_20,LaLiga
2020-07-09,Eibar,Leganes,0,0,D,4,10,1,1,2019_20,LaLiga
2020-07-09,Mallorca,Levante,2,0,H,15,14,5,2,2019_20,LaLiga
2020-07-09,Ath Bilbao,Sevilla,1,2,A,13,20,4,7,2019_20,LaLiga
2020-07-10,Sociedad,Granada,2,3,A,19,4,5,3,2019_20,LaLiga
2020-07-10,Real Madrid,Alaves,2,0,H,18,10,8,4,2019_20,LaLiga
2020-07-11,Osasuna,Celta,2,1,H,15,12,5,3,2019_20,LaLiga
2020-07-11,Valladolid,Barcelona,0,1,A,13,9,4,6,2019_20,LaLiga
2020-07-11,Ath Madrid,Betis,1,0,H,9,21,4,3,2019_20,LaLiga
2020-07-12,Espanol,Eibar,0,2,A,14,11,3,6,2019_20,LaLiga
2020-07-12,Levante,Ath Bilbao,1,2,A,5,12,1,5,2019_20,LaLiga
2020-07-12,Leganes,Valencia,1,0,H,10,16,1,5,2019_20,LaLiga
2020-07-12,Sevilla,Mallorca,2,0,H,14,14,5,5,2019_20,LaLiga
2020-07-13,Alaves,Getafe,0,0,D,3,14,1,4,2019_20,LaLiga
2020-07-13,Villarreal,Sociedad,1,2,A,9,11,3,6,2019_20,LaLiga
2020-07-13,Granada,Real Madrid,1,2,A,13,11,4,5,2019_20,LaLiga
2020-07-16,Eibar,Valladolid,3,1,H,13,17,7,8,2019_20,LaLiga
2020-07-16,Ath Bilbao,Leganes,0,2,A,10,16,3,4,2019_20,LaLiga
2020-07-16,Barcelona,Osasuna,1,2,A,19,9,3,5,2019_20,LaLiga
2020-07-16,Betis,Alaves,1,2,A,14,9,7,5,2019_20,LaLiga
2020-07-16,Celta,Levante,2,3,A,16,8,6,4,2019_20,LaLiga
2020-07-16,Getafe,Ath Madrid,0,2,A,15,11,6,3,2019_20,LaLiga
2020-07-16,Mallorca,Granada,1,2,A,18,14,5,6,2019_20,LaLiga
2020-07-16,Real Madrid,Villarreal,2,1,H,12,8,7,4,2019_20,LaLiga
2020-07-16,Sociedad,Sevilla,0,0,D,11,8,4,3,2019_20,LaLiga
2020-07-16,Valencia,Espanol,1,0,H,9,18,3,6,2019_20,LaLiga
2020-07-19,Alaves,Barcelona,0,5,A,8,16,0,8,2019_20,LaLiga
2020-07-19,Valladolid,Betis,2,0,H,13,10,4,3,2019_20,LaLiga
2020-07-19,Villarreal,Eibar,4,0,H,12,11,5,3,2019_20,LaLiga
2020-07-19,Ath Madrid,Sociedad,1,1,D,6,10,3,4,2019_20,LaLiga
2020-07-19,Espanol,Celta,0,0,D,8,9,1,3,2019_20,LaLiga
2020-07-19,Granada,Ath Bilbao,4,0,H,11,11,6,3,2019_20,LaLiga
2020-07-19,Leganes,Real Madrid,2,2,D,15,7,7,4,2019_20,LaLiga
2020-07-19,Levante,Getafe,1,0,H,13,13,4,4,2019_20,LaLiga
2020-07-19,Osasuna,Mallorca,2,2,D,12,12,5,4,2019_20,LaLiga
2020-07-19,Sevilla,Valencia,1,0,H,16,8,4,2,2019_20,LaLiga
2020-09-12,Eibar,Celta,0,0,D,8,6,1,3,2020_21,LaLiga
2020-09-12,Granada,Ath Bilbao,2,0,H,4,9,2,2,2020_21,LaLiga
2020-09-12,Cadiz,Osasuna,0,2,A,12,6,3,4,2020_21,LaLiga
2020-09-13,Alaves,Betis,0,1,A,7,11,2,4,2020_21,LaLiga
2020-09-13,Valladolid,Sociedad,1,1,D,8,8,3,2,2020_21,LaLiga
2020-09-13,Villarreal,Huesca,1,1,D,15,10,4,3,2020_21,LaLiga
2020-09-13,Valencia,Levante,4,2,H,14,19,8,8,2020_21,LaLiga
2020-09-19,Villarreal,Eibar,2,1,H,14,12,8,4,2020_21,LaLiga
2020-09-19,Getafe,Osasuna,1,0,H,7,10,1,3,2020_21,LaLiga
2020-09-19,Celta,Valencia,2,1,H,23,9,6,3,2020_21,LaLiga
2020-09-20,Huesca,Cadiz,0,2,A,4,6,0,4,2020_21,LaLiga
2020-09-20,Betis,Valladolid,2,0,H,16,9,6,2,2020_21,LaLiga
2020-09-20,Granada,Alaves,2,1,H,10,5,3,3,2020_21,LaLiga
2020-09-20,Sociedad,Real Madrid,0,0,D,6,16,1,4,2020_21,LaLiga
2020-09-26,Alaves,Getafe,0,0,D,9,11,0,4,2020_21,LaLiga
2020-09-26,Valencia,Huesca,1,1,D,5,17,2,4,2020_21,LaLiga
2020-09-26,Elche,Sociedad,0,3,A,5,27,2,7,2020_21,LaLiga
2020-09-26,Betis,Real Madrid,2,3,A,15,11,5,4,2020_21,LaLiga
2020-09-27,Osasuna,Levante,1,3,A,9,11,4,5,2020_21,LaLiga
2020-09-27,Eibar,Ath Bilbao,1,2,A,7,9,1,5,2020_21,LaLiga
2020-09-27,Ath Madrid,Granada,6,1,H,17,11,10,6,2020_21,LaLiga
2020-09-27,Cadiz,Sevilla,1,3,A,12,14,5,5,2020_21,LaLiga
2020-09-27,Valladolid,Celta,1,1,D,10,5,4,1,2020_21,LaLiga
2020-09-27,Barcelona,Villarreal,4,0,H,17,5,9,1,2020_21,LaLiga
2020-09-29,Sociedad,Valencia,0,1,A,11,9,3,5,2020_21,LaLiga
2020-09-29,Getafe,Betis,3,0,H,8,10,4,2,2020_21,LaLiga
2020-09-30,Huesca,Ath Madrid,0,0,D,9,16,3,2,2020_21,LaLiga
2020-09-30,Villarreal,Alaves,3,1,H,10,8,6,3,2020_21,LaLiga
2020-09-30,Eibar,Elche,0,1,A,12,5,4,2,2020_21,LaLiga
2020-09-30,Real Madrid,Valladolid,1,0,H,15,11,5,5,2020_21,LaLiga
2020-10-01,Ath Bilbao,Cadiz,0,1,A,13,3,4,1,2020_21,LaLiga
2020-10-01,Sevilla,Levante,1,0,H,16,3,2,1,2020_21,LaLiga
2020-10-01,Celta,Barcelona,0,3,A,10,6,3,3,2020_21,LaLiga
2020-10-03,Valladolid,Eibar,1,2,A,9,11,3,5,2020_21,LaLiga
2020-10-03,Ath Madrid,Villarreal,0,0,D,14,6,1,2,2020_21,LaLiga
2020-10-03,Elche,Huesca,0,0,D,2,18,0,4,2020_21,LaLiga
2020-10-03,Sociedad,Getafe,3,0,H,11,5,6,1,2020_21,LaLiga
2020-10-03,Valencia,Betis,0,2,A,5,17,2,8,2020_21,LaLiga
2020-10-04,Osasuna,Celta,2,0,H,14,9,5,3,2020_21,LaLiga
2020-10-04,Alaves,Ath Bilbao,1,0,H,8,8,3,0,2020_21,LaLiga
2020-10-04,Levante,Real Madrid,0,2,A,11,13,4,3,2020_21,LaLiga
2020-10-04,Cadiz,Granada,1,1,D,14,13,4,5,2020_21,LaLiga
2020-10-04,Barcelona,Sevilla,1,1,D,12,13,5,1,2020_21,LaLiga
2020-10-17,Granada,Sevilla,1,0,H,13,8,3,3,2020_21,LaLiga
2020-10-17,Celta,Ath Madrid,0,2,A,15,9,5,4,2020_21,LaLiga
2020-10-17,Real Madrid,Cadiz,0,1,A,14,14,2,5,2020_21,LaLiga
2020-10-17,Getafe,Barcelona,1,0,H,9,7,4,1,2020_21,LaLiga
2020-10-18,Eibar,Osasuna,0,0,D,10,8,6,2,2020_21,LaLiga
2020-10-18,Ath Bilbao,Levante,2,0,H,14,6,5,1,2020_21,LaLiga
2020-10-18,Villarreal,Valencia,2,1,H,16,11,6,3,2020_21,LaLiga
2020-10-18,Alaves,Elche,0,2,A,13,7,2,3,2020_21,LaLiga
2020-10-18,Huesca,Valladolid,2,2,D,12,5,7,3,2020_21,LaLiga
2020-10-18,Betis,Sociedad,0,3,A,7,8,1,5,2020_21,LaLiga
2020-10-23,Elche,Valencia,2,1,H,3,14,2,4,2020_21,LaLiga
2020-10-24,Barcelona,Real Madrid,1,3,A,10,15,4,9,2020_21,LaLiga
2020-10-24,Osasuna,Ath Bilbao,1,0,H,7,13,2,5,2020_21,LaLiga
2020-10-24,Sevilla,Eibar,0,1,A,21,3,3,1,2020_21,LaLiga
2020-10-24,Ath Madrid,Betis,2,0,H,13,12,6,3,2020_21,LaLiga
2020-10-25,Valladolid,Alaves,0,2,A,5,14,1,4,2020_21,LaLiga
2020-10-25,Cadiz,Villarreal,0,0,D,5,7,0,2,2020_21,LaLiga
2020-10-25,Getafe,Granada,0,1,A,10,5,1,2,2020_21,LaLiga
2020-10-25,Sociedad,Huesca,4,1,H,13,6,6,4,2020_21,LaLiga
2020-10-26,Levante,Celta,1,1,D,10,10,3,3,2020_21,LaLiga
2020-10-30,Eibar,Cadiz,0,2,A,9,6,3,4,2020_21,LaLiga
2020-10-31,Real Madrid,Huesca,4,1,H,13,9,6,2,2020_21,LaLiga
2020-10-31,Ath Bilbao,Sevilla,2,1,H,16,7,5,3,2020_21,LaLiga
2020-10-31,Osasuna,Ath Madrid,1,3,A,8,11,3,6,2020_21,LaLiga
2020-10-31,Alaves,Barcelona,1,1,D,4,25,3,9,2020_21,LaLiga
2020-11-01,Betis,Elche,3,1,H,17,4,10,2,2020_21,LaLiga
2020-11-01,Celta,Sociedad,1,4,A,9,9,2,7,2020_21,LaLiga
2020-11-01,Granada,Levante,1,1,D,5,19,2,4,2020_21,LaLiga
2020-11-01,Valencia,Getafe,2,2,D,11,16,5,5,2020_21,LaLiga
2020-11-02,Villarreal,Valladolid,2,0,H,11,11,5,1,2020_21,LaLiga
2020-11-06,Elche,Celta,1,1,D,8,14,1,6,2020_21,LaLiga
2020-11-07,Huesca,Eibar,1,1,D,14,8,6,3,2020_21,LaLiga
2020-11-07,Barcelona,Betis,5,2,H,18,12,9,6,2020_21,LaLiga
2020-11-07,Sevilla,Osasuna,1,0,H,9,10,1,2,2020_21,LaLiga
2020-11-07,Ath Madrid,Cadiz,4,0,H,17,10,7,3,2020_21,LaLiga
2020-11-08,Getafe,Villarreal,1,3,A,13,9,5,5,2020_21,LaLiga
2020-11-08,Sociedad,Granada,2,0,H,22,2,9,1,2020_21,LaLiga
2020-11-08,Levante,Alaves,1,1,D,18,6,5,2,2020_21,LaLiga
2020-11-08,Valladolid,Ath Bilbao,2,1,H,7,17,4,2,2020_21,LaLiga
2020-11-08,Valencia,Real Madrid,4,1,H,7,16,4,6,2020_21,LaLiga
2020-11-20,Osasuna,Huesca,1,1,D,18,6,7,5,2020_21,LaLiga
2020-11-21,Levante,Elche,1,1,D,13,11,5,5,2020_21,LaLiga
2020-11-21,Villarreal,Real Madrid,1,1,D,13,6,1,1,2020_21,LaLiga
2020-11-21,Sevilla,Celta,4,2,H,15,10,10,7,2020_21,LaLiga
2020-11-21,Ath Madrid,Barcelona,1,0,H,9,13,2,4,2020_21,LaLiga
2020-11-22,Eibar,Getafe,0,0,D,15,8,5,3,2020_21,LaLiga
2020-11-22,Cadiz,Sociedad,0,1,A,2,14,0,4,2020_21,LaLiga
2020-11-22,Granada,Valladolid,1,3,A,16,9,6,3,2020_21,LaLiga
2020-11-22,Alaves,Valencia,2,2,D,13,13,3,5,2020_21,LaLiga
2020-11-23,Ath Bilbao,Betis,4,0,H,14,7,9,1,2020_21,LaLiga
2020-11-27,Valladolid,Levante,1,1,D,10,10,4,3,2020_21,LaLiga
2020-11-28,Elche,Cadiz,1,1,D,4,7,3,2,2020_21,LaLiga
2020-11-28,Valencia,Ath Madrid,0,1,A,5,14,2,6,2020_21,LaLiga
2020-11-28,Huesca,Sevilla,0,1,A,5,16,1,4,2020_21,LaLiga
2020-11-28,Real Madrid,Alaves,1,2,A,20,11,9,6,2020_21,LaLiga
2020-11-29,Barcelona,Osasuna,4,0,H,20,10,11,5,2020_21,LaLiga
2020-11-29,Getafe,Ath Bilbao,1,1,D,11,5,3,2,2020_21,LaLiga
2020-11-29,Celta,Granada,3,1,H,17,9,8,2,2020_21,LaLiga
2020-11-29,Sociedad,Villarreal,1,1,D,8,10,4,2,2020_21,LaLiga
2020-11-30,Betis,Eibar,0,2,A,7,11,3,6,2020_21,LaLiga
2020-12-04,Ath Bilbao,Celta,0,2,A,10,6,0,4,2020_21,LaLiga
2020-12-05,Levante,Getafe,3,0,H,12,9,8,0,2020_21,LaLiga
2020-12-05,Sevilla,Real Madrid,0,1,A,12,10,2,3,2020_21,LaLiga
2020-12-05,Ath Madrid,Valladolid,2,0,H,15,13,4,3,2020_21,LaLiga
2020-12-05,Cadiz,Barcelona,2,1,H,7,21,3,8,2020_21,LaLiga
2020-12-06,Granada,Huesca,3,3,D,15,16,6,7,2020_21,LaLiga
2020-12-06,Osasuna,Betis,0,2,A,10,12,0,5,2020_21,LaLiga
2020-12-06,Villarreal,Elche,0,0,D,12,3,3,0,2020_21,LaLiga
2020-12-06,Alaves,Sociedad,0,0,D,5,13,1,5,2020_21,LaLiga
2020-12-07,Eibar,Valencia,0,0,D,19,6,3,4,2020_21,LaLiga
2020-12-11,Valladolid,Osasuna,3,2,H,11,13,6,6,2020_21,LaLiga
2020-12-12,Valencia,Ath Bilbao,2,2,D,11,13,2,5,2020_21,LaLiga
2020-12-12,Getafe,Sevilla,0,1,A,8,8,2,0,2020_21,LaLiga
2020-12-12,Huesca,Alaves,1,0,H,11,3,3,1,2020_21,LaLiga
2020-12-12,Real Madrid,Ath Madrid,2,0,H,11,5,3,1,2020_21,LaLiga
2020-12-13,Sociedad,Eibar,1,1,D,8,16,2,4,2020_21,LaLiga
2020-12-13,Betis,Villarreal,1,1,D,11,7,5,2,2020_21,LaLiga
2020-12-13,Elche,Granada,0,1,A,9,13,1,5,2020_21,LaLiga
2020-12-13,Barcelona,Levante,1,0,H,24,7,13,3,2020_21,LaLiga
2020-12-14,Celta,Cadiz,4,0,H,8,12,5,2,2020_21,LaLiga
2020-12-15,Real Madrid,Ath Bilbao,3,1,H,18,10,5,4,2020_21,LaLiga
2020-12-16,Barcelona,Sociedad,2,1,H,14,12,4,5,2020_21,LaLiga
2020-12-18,Ath Bilbao,Huesca,2,0,H,10,6,3,1,2020_21,LaLiga
2020-12-19,Ath Madrid,Elche,3,1,H,12,8,6,3,2020_21,LaLiga
2020-12-19,Barcelona,Valencia,2,2,D,25,12,9,4,2020_21,LaLiga
2020-12-19,Levante,Sociedad,2,1,H,13,15,5,5,2020_21,LaLiga
2020-12-19,Osasuna,Villarreal,1,3,A,6,13,1,6,2020_21,LaLiga
2020-12-19,Sevilla,Valladolid,1,1,D,14,12,3,5,2020_21,LaLiga
2020-12-20,Celta,Alaves,2,0,H,11,8,3,2,2020_21,LaLiga
2020-12-20,Granada,Betis,2,0,H,8,14,3,1,2020_21,LaLiga
2020-12-20,Cadiz,Getafe,0,2,A,8,6,1,4,2020_21,LaLiga
2020-12-20,Eibar,Real Madrid,1,3,A,10,11,3,5,2020_21,LaLiga
2020-12-22,Elche,Osasuna,2,2,D,7,15,2,6,2020_21,LaLiga
2020-12-22,Valencia,Sevilla,0,1,A,10,19,4,3,2020_21,LaLiga
2020-12-22,Huesca,Levante,1,1,D,11,9,2,1,2020_21,LaLiga
2020-12-22,Sociedad,Ath Madrid,0,2,A,6,8,1,3,2020_21,LaLiga
2020-12-22,Valladolid,Barcelona,0,3,A,12,21,5,10,2020_21,LaLiga
2020-12-22,Villarreal,Ath Bilbao,1,1,D,17,9,6,3,2020_21,LaLiga
2020-12-23,Getafe,Celta,1,1,D,6,2,3,1,2020_21,LaLiga
2020-12-23,Real Madrid,Granada,2,0,H,23,10,6,1,2020_21,LaLiga
2020-12-23,Alaves,Eibar,2,1,H,13,8,3,4,2020_21,LaLiga
2020-12-23,Betis,Cadiz,1,0,H,6,6,1,3,2020_21,LaLiga
2020-12-29,Sevilla,Villarreal,2,0,H,10,6,3,2,2020_21,LaLiga
2020-12-29,Barcelona,Eibar,1,1,D,16,9,5,3,2020_21,LaLiga
2020-12-29,Cadiz,Valladolid,0,0,D,8,7,3,1,2020_21,LaLiga
2020-12-29,Levante,Betis,4,3,H,10,19,5,7,2020_21,LaLiga
2020-12-30,Granada,Valencia,2,1,H,24,16,5,6,2020_21,LaLiga
2020-12-30,Ath Madrid,Getafe,1,0,H,10,10,3,2,2020_21,LaLiga
2020-12-30,Celta,Huesca,2,1,H,15,17,6,6,2020_21,LaLiga
2020-12-30,Elche,Real Madrid,1,1,D,6,14,3,6,2020_21,LaLiga
2020-12-31,Ath Bilbao,Sociedad,0,1,A,4,13,0,3,2020_21,LaLiga
2020-12-31,Osasuna,Alaves,1,1,D,8,15,3,1,2020_21,LaLiga
2021-01-02,Villarreal,Levante,2,1,H,12,9,7,2,2020_21,LaLiga
2021-01-02,Betis,Sevilla,1,1,D,16,6,3,2,2020_21,LaLiga
2021-01-02,Getafe,Valladolid,0,1,A,11,8,4,2,2020_21,LaLiga
2021-01-02,Real Madrid,Celta,2,0,H,9,6,2,1,2020_21,LaLiga
2021-01-03,Ath Bilbao,Elche,1,0,H,13,5,2,2,2020_21,LaLiga
2021-01-03,Alaves,Ath Madrid,1,2,A,4,8,1,4,2020_21,LaLiga
2021-01-03,Eibar,Granada,2,0,H,15,6,7,3,2020_21,LaLiga
2021-01-03,Sociedad,Osasuna,1,1,D,8,6,2,2,2020_21,LaLiga
2021-01-03,Huesca,Barcelona,0,1,A,4,20,4,7,2020_21,LaLiga
2021-01-04,Valencia,Cadiz,1,1,D,11,9,4,2,2020_21,LaLiga
2021-01-06,Ath Bilbao,Barcelona,2,3,A,8,13,3,9,2020_21,LaLiga
2021-01-08,Celta,Villarreal,0,4,A,8,15,3,6,2020_21,LaLiga
2021-01-09,Sevilla,Sociedad,3,2,H,12,10,7,4,2020_21,LaLiga
2021-01-09,Granada,Barcelona,0,4,A,8,13,4,4,2020_21,LaLiga
2021-01-09,Osasuna,Real Madrid,0,0,D,8,9,2,1,2020_21,LaLiga
2021-01-10,Levante,Eibar,2,1,H,4,17,2,4,2020_21,LaLiga
2021-01-10,Cadiz,Alaves,3,1,H,10,5,7,2,2020_21,LaLiga
2021-01-10,Valladolid,Valencia,0,1,A,11,17,4,6,2020_21,LaLiga
2021-01-11,Elche,Getafe,1,3,A,7,14,4,7,2020_21,LaLiga
2021-01-11,Huesca,Betis,0,2,A,10,15,3,5,2020_21,LaLiga
2021-01-12,Granada,Osasuna,2,0,H,9,15,2,3,2020_21,LaLiga
2021-01-12,Ath Madrid,Sevilla,2,0,H,5,13,4,2,2020_21,LaLiga
2021-01-19,Cadiz,Levante,2,2,D,8,8,2,5,2020_21,LaLiga
2021-01-19,Valladolid,Elche,2,2,D,13,9,2,3,2020_21,LaLiga
2021-01-19,Alaves,Sevilla,1,2,A,12,7,3,3,2020_21,LaLiga
2021-01-20,Getafe,Huesca,1,0,H,12,15,5,3,2020_21,LaLiga
2021-01-20,Betis,Celta,2,1,H,12,10,4,3,2020_21,LaLiga
2021-01-20,Villarreal,Granada,2,2,D,9,3,3,2,2020_21,LaLiga
2021-01-21,Valencia,Osasuna,1,1,D,10,14,3,5,2020_21,LaLiga
2021-01-21,Eibar,Ath Madrid,1,2,A,12,9,2,4,2020_21,LaLiga
2021-01-22,Levante,Valladolid,2,2,D,11,7,3,3,2020_21,LaLiga
2021-01-23,Huesca,Villarreal,0,0,D,5,8,1,2,2020_21,LaLiga
2021-01-23,Sevilla,Cadiz,3,0,H,15,9,7,3,2020_21,LaLiga
2021-01-23,Sociedad,Betis,2,2,D,12,7,6,4,2020_21,LaLiga
2021-01-23,Alaves,Real Madrid,1,4,A,14,10,4,7,2020_21,LaLiga
2021-01-24,Osasuna,Granada,3,1,H,7,12,4,1,2020_21,LaLiga
2021-01-24,Elche,Barcelona,0,2,A,4,15,2,8,2020_21,LaLiga
2021-01-24,Celta,Eibar,1,1,D,7,9,4,2,2020_21,LaLiga
2021-01-24,Ath Madrid,Valencia,3,1,H,14,8,5,4,2020_21,LaLiga
2021-01-25,Ath Bilbao,Getafe,5,1,H,11,6,8,2,2020_21,LaLiga
2021-01-29,Valladolid,Huesca,1,3,A,14,11,4,5,2020_21,LaLiga
2021-01-30,Eibar,Sevilla,0,2,A,17,7,6,4,2020_21,LaLiga
2021-01-30,Real Madrid,Levante,1,2,A,8,14,2,8,2020_21,LaLiga
2021-01-30,Valencia,Elche,1,0,H,14,10,4,1,2020_21,LaLiga
2021-01-30,Villarreal,Sociedad,1,1,D,4,12,2,3,2020_21,LaLiga
2021-01-31,Getafe,Alaves,0,0,D,5,5,1,1,2020_21,LaLiga
2021-01-31,Cadiz,Ath Madrid,2,4,A,11,9,6,4,2020_21,LaLiga
2021-01-31,Granada,Celta,0,0,D,10,7,5,1,2020_21,LaLiga
2021-01-31,Barcelona,Ath Bilbao,2,1,H,12,7,6,2,2020_21,LaLiga
2021-02-01,Betis,Osasuna,1,0,H,8,15,4,5,2020_21,LaLiga
2021-02-05,Alaves,Valladolid,1,0,H,20,3,5,1,2020_21,LaLiga
2021-02-06,Levante,Granada,2,2,D,11,11,7,5,2020_21,LaLiga
2021-02-06,Huesca,Real Madrid,1,2,A,13,18,2,7,2020_21,LaLiga
2021-02-06,Elche,Villarreal,2,2,D,8,9,2,4,2020_21,LaLiga
2021-02-06,Sevilla,Getafe,3,0,H,17,5,5,1,2020_21,LaLiga
2021-02-07,Sociedad,Cadiz,4,1,H,17,2,6,1,2020_21,LaLiga
2021-02-07,Ath Bilbao,Valencia,1,1,D,11,15,2,2,2020_21,LaLiga
2021-02-07,Osasuna,Eibar,2,1,H,12,12,4,3,2020_21,LaLiga
2021-02-07,Betis,Barcelona,2,3,A,8,12,5,4,2020_21,LaLiga
2021-02-08,Ath Madrid,Celta,2,2,D,9,7,2,2,2020_21,LaLiga
2021-02-09,Real Madrid,Getafe,2,0,H,14,1,4,0,2020_21,LaLiga
2021-02-12,Celta,Elche,3,1,H,9,7,6,2,2020_21,LaLiga
2021-02-13,Granada,Ath Madrid,1,2,A,6,10,1,4,2020_21,LaLiga
2021-02-13,Sevilla,Huesca,1,0,H,14,9,4,5,2020_21,LaLiga
2021-02-13,Eibar,Valladolid,1,1,D,14,5,2,1,2020_21,LaLiga
2021-02-13,Barcelona,Alaves,5,1,H,17,6,9,2,2020_21,LaLiga
2021-02-14,Getafe,Sociedad,0,1,A,4,3,0,2,2020_21,LaLiga
2021-02-14,Real Madrid,Valencia,2,0,H,16,4,7,1,2020_21,LaLiga
2021-02-14,Levante,Osasuna,0,1,A,13,7,4,2,2020_21,LaLiga
2021-02-14,Villarreal,Betis,1,2,A,9,15,5,4,2020_21,LaLiga
2021-02-15,Cadiz,Ath Bilbao,0,4,A,11,13,2,8,2020_21,LaLiga
2021-02-17,Levante,Ath Madrid,1,1,D,7,14,4,6,2020_21,LaLiga
2021-02-19,Betis,Getafe,1,0,H,12,6,5,1,2020_21,LaLiga
2021-02-20,Elche,Eibar,1,0,H,6,13,2,3,2020_21,LaLiga
2021-02-20,Ath Madrid,Levante,0,2,A,28,6,11,1,2020_21,LaLiga
2021-02-20,Valencia,Celta,2,0,H,10,5,3,2,2020_21,LaLiga
2021-02-20,Valladolid,Real Madrid,0,1,A,9,10,5,2,2020_21,LaLiga
2021-02-21,Barcelona,Cadiz,1,1,D,20,3,4,1,2020_21,LaLiga
2021-02-21,Sociedad,Alaves,4,0,H,8,7,4,2,2020_21,LaLiga
2021-02-21,Huesca,Granada,3,2,H,15,8,6,5,2020_21,LaLiga
2021-02-21,Ath Bilbao,Villarreal,1,1,D,18,3,8,2,2020_21,LaLiga
2021-02-22,Osasuna,Sevilla,0,2,A,6,10,0,5,2020_21,LaLiga
2021-02-24,Barcelona,Elche,3,0,H,9,6,5,1,2020_21,LaLiga
2021-02-26,Levante,Ath Bilbao,1,1,D,10,11,4,5,2020_21,LaLiga
2021-02-27,Eibar,Huesca,1,1,D,17,4,3,1,2020_21,LaLiga
2021-02-27,Sevilla,Barcelona,0,2,A,4,9,2,5,2020_21,LaLiga
2021-02-27,Alaves,Osasuna,0,1,A,4,6,1,3,2020_21,LaLiga
2021-02-27,Getafe,Valencia,3,0,H,15,5,4,0,2020_21,LaLiga
2021-02-28,Celta,Valladolid,1,1,D,11,7,2,3,2020_21,LaLiga
2021-02-28,Cadiz,Betis,0,1,A,5,9,3,4,2020_21,LaLiga
2021-02-28,Granada,Elche,2,1,H,13,12,4,4,2020_21,LaLiga
2021-02-28,Villarreal,Ath Madrid,0,2,A,19,6,6,5,2020_21,LaLiga
2021-03-01,Real Madrid,Sociedad,1,1,D,21,6,2,2,2020_21,LaLiga
2021-03-05,Valencia,Villarreal,2,1,H,25,10,4,5,2020_21,LaLiga
2021-03-06,Valladolid,Getafe,2,1,H,4,9,3,2,2020_21,LaLiga
2021-03-06,Elche,Sevilla,2,1,H,6,11,3,3,2020_21,LaLiga
2021-03-06,Cadiz,Eibar,1,0,H,6,16,2,1,2020_21,LaLiga
2021-03-06,Osasuna,Barcelona,0,2,A,10,13,3,6,2020_21,LaLiga
2021-03-07,Huesca,Celta,3,4,A,19,10,7,7,2020_21,LaLiga
2021-03-07,Ath Madrid,Real Madrid,1,1,D,11,18,5,8,2020_21,LaLiga
2021-03-07,Sociedad,Levante,1,0,H,25,6,8,1,2020_21,LaLiga
2021-03-07,Ath Bilbao,Granada,2,1,H,7,13,5,3,2020_21,LaLiga
2021-03-08,Betis,Alaves,3,2,H,23,4,8,3,2020_21,LaLiga
2021-03-10,Ath Madrid,Ath Bilbao,2,1,H,11,4,5,2,2020_21,LaLiga
2021-03-12,Levante,Valencia,1,0,H,11,11,3,2,2020_21,LaLiga
2021-03-13,Alaves,Cadiz,1,1,D,9,9,3,1,2020_21,LaLiga
2021-03-13,Real Madrid,Elche,2,1,H,17,3,4,2,2020_21,LaLiga
2021-03-13,Osasuna,Valladolid,0,0,D,14,12,2,2,2020_21,LaLiga
2021-03-13,Getafe,Ath Madrid,0,0,D,11,15,2,7,2020_21,LaLiga
2021-03-14,Celta,Ath Bilbao,0,0,D,13,6,3,1,2020_21,LaLiga
2021-03-14,Granada,Sociedad,1,0,H,7,7,2,1,2020_21,LaLiga
2021-03-14,Eibar,Villarreal,1,3,A,16,13,7,8,2020_21,LaLiga
2021-03-14,Sevilla,Betis,1,0,H,9,13,3,3,2020_21,LaLiga
2021-03-15,Barcelona,Huesca,4,1,H,12,8,5,4,2020_21,LaLiga
2021-03-17,Sevilla,Elche,2,0,H,13,11,8,5,2020_21,LaLiga
2021-03-19,Betis,Levante,2,0,H,15,7,6,1,2020_21,LaLiga
2021-03-20,Ath Bilbao,Eibar,1,1,D,18,4,4,2,2020_21,LaLiga
2021-03-20,Celta,Real Madrid,1,3,A,8,16,3,4,2020_21,LaLiga
2021-03-20,Huesca,Osasuna,0,0,D,15,7,3,2,2020_21,LaLiga
2021-03-20,Valladolid,Sevilla,1,1,D,3,12,2,4,2020_21,LaLiga
2021-03-21,Getafe,Elche,1,1,D,12,6,5,2,2020_21,LaLiga
2021-03-21,Valencia,Granada,2,1,H,18,15,9,3,2020_21,LaLiga
2021-03-21,Villarreal,Cadiz,2,1,H,13,9,4,3,2020_21,LaLiga
2021-03-21,Ath Madrid,Alaves,1,0,H,8,9,4,3,2020_21,LaLiga
2021-03-21,Sociedad,Barcelona,1,6,A,10,14,5,10,2020_21,LaLiga
2021-04-02,Levante,Huesca,0,2,A,13,6,3,2,2020_21,LaLiga
2021-04-03,Granada,Villarreal,0,3,A,6,15,2,6,2020_21,LaLiga
2021-04-03,Real Madrid,Eibar,2,0,H,21,10,8,4,2020_21,LaLiga
2021-04-03,Osasuna,Getafe,0,0,D,4,6,1,2,2020_21,LaLiga
2021-04-04,Alaves,Celta,1,3,A,17,8,7,6,2020_21,LaLiga
2021-04-04,Elche,Betis,1,1,D,7,13,3,3,2020_21,LaLiga
2021-04-04,Cadiz,Valencia,2,1,H,6,12,2,6,2020_21,LaLiga
2021-04-04,Sevilla,Ath Madrid,1,0,H,18,9,5,4,2020_21,LaLiga
2021-04-05,Barcelona,Valladolid,1,0,H,25,7,10,2,2020_21,LaLiga
2021-04-07,Sociedad,Ath Bilbao,1,1,D,12,11,2,2,2020_21,LaLiga
2021-04-09,Huesca,Elche,3,1,H,8,8,5,2,2020_21,LaLiga
2021-04-10,Getafe,Cadiz,0,1,A,19,8,4,3,2020_21,LaLiga
2021-04-10,Ath Bilbao,Alaves,0,0,D,11,9,4,0,2020_21,LaLiga
2021-04-10,Eibar,Levante,0,1,A,10,6,4,1,2020_21,LaLiga
2021-04-10,Real Madrid,Barcelona,2,1,H,14,18,3,4,2020_21,LaLiga
2021-04-11,Villarreal,Osasuna,1,2,A,15,12,6,4,2020_21,LaLiga
2021-04-11,Valencia,Sociedad,2,2,D,9,16,2,5,2020_21,LaLiga
2021-04-11,Valladolid,Granada,1,2,A,7,12,3,6,2020_21,LaLiga
2021-04-11,Betis,Ath Madrid,1,1,D,8,10,4,4,2020_21,LaLiga
2021-04-12,Celta,Sevilla,3,4,A,12,13,5,6,2020_21,LaLiga
2021-04-18,Osasuna,Elche,2,0,H,9,8,3,2,2020_21,LaLiga
2021-04-18,Sociedad,Sevilla,1,2,A,5,15,2,7,2020_21,LaLiga
2021-04-18,Alaves,Huesca,1,0,H,10,9,2,1,2020_21,LaLiga
2021-04-18,Ath Madrid,Eibar,5,0,H,10,0,7,0,2020_21,LaLiga
2021-04-18,Betis,Valencia,2,2,D,9,9,5,3,2020_21,LaLiga
2021-04-18,Cadiz,Celta,0,0,D,5,11,2,4,2020_21,LaLiga
2021-04-18,Getafe,Real Madrid,0,0,D,19,10,6,2,2020_21,LaLiga
2021-04-18,Levante,Villarreal,1,5,A,12,14,3,7,2020_21,LaLiga
2021-04-21,Levante,Sevilla,0,1,A,6,10,1,3,2020_21,LaLiga
2021-04-21,Osasuna,Valencia,3,1,H,18,10,9,5,2020_21,LaLiga
2021-04-21,Betis,Ath Bilbao,0,0,D,6,16,2,4,2020_21,LaLiga
2021-04-21,Alaves,Villarreal,2,1,H,9,10,4,5,2020_21,LaLiga
2021-04-21,Elche,Valladolid,1,1,D,9,12,3,4,2020_21,LaLiga
2021-04-21,Cadiz,Real Madrid,0,3,A,14,14,3,4,2020_21,LaLiga
2021-04-22,Ath Madrid,Huesca,2,0,H,18,5,12,2,2020_21,LaLiga
2021-04-22,Granada,Eibar,4,1,H,8,16,4,3,2020_21,LaLiga
2021-04-22,Sociedad,Celta,2,1,H,7,10,3,3,2020_21,LaLiga
2021-04-22,Barcelona,Getafe,5,2,H,9,5,6,1,2020_21,LaLiga
2021-04-24,Elche,Levante,1,0,H,8,6,3,1,2020_21,LaLiga
2021-04-24,Valladolid,Cadiz,1,1,D,13,6,6,2,2020_21,LaLiga
2021-04-24,Valencia,Alaves,1,1,D,9,6,2,2,2020_21,LaLiga
2021-04-24,Real Madrid,Betis,0,0,D,17,6,5,2,2020_21,LaLiga
2021-04-25,Huesca,Getafe,0,2,A,8,6,1,4,2020_21,LaLiga
2021-04-25,Villarreal,Barcelona,1,2,A,10,15,4,5,2020_21,LaLiga
2021-04-25,Celta,Osasuna,2,1,H,7,12,2,3,2020_21,LaLiga
2021-04-25,Sevilla,Granada,2,1,H,10,4,4,2,2020_21,LaLiga
2021-04-25,Ath Bilbao,Ath Madrid,2,1,H,11,14,3,3,2020_21,LaLiga
2021-04-26,Eibar,Sociedad,0,1,A,14,5,5,2,2020_21,LaLiga
2021-04-28,Ath Bilbao,Valladolid,2,2,D,13,14,7,4,2020_21,LaLiga
2021-04-29,Barcelona,Granada,1,2,A,16,6,4,2,2020_21,LaLiga
2021-04-30,Celta,Levante,2,0,H,8,10,5,2,2020_21,LaLiga
2021-05-01,Eibar,Alaves,3,0,H,15,6,4,2,2020_21,LaLiga
2021-05-01,Elche,Ath Madrid,0,1,A,6,11,1,4,2020_21,LaLiga
2021-05-01,Huesca,Sociedad,1,0,H,10,7,3,3,2020_21,LaLiga
2021-05-01,Real Madrid,Osasuna,2,0,H,22,3,6,2,2020_21,LaLiga
2021-05-02,Valladolid,Betis,1,1,D,10,11,2,4,2020_21,LaLiga
2021-05-02,Villarreal,Getafe,1,0,H,4,15,3,3,2020_21,LaLiga
2021-05-02,Granada,Cadiz,0,1,A,9,8,2,4,2020_21,LaLiga
2021-05-02,Valencia,Barcelona,2,3,A,9,14,4,7,2020_21,LaLiga
2021-05-03,Sevilla,Ath Bilbao,0,1,A,18,8,3,2,2020_21,LaLiga
2021-05-07,Sociedad,Elche,2,0,H,16,1,3,0,2020_21,LaLiga
2021-05-08,Alaves,Levante,2,2,D,15,6,5,3,2020_21,LaLiga
2021-05-08,Barcelona,Ath Madrid,0,0,D,12,11,7,6,2020_21,LaLiga
2021-05-08,Cadiz,Huesca,2,1,H,11,13,1,5,2020_21,LaLiga
2021-05-08,Ath Bilbao,Osasuna,2,2,D,13,13,3,4,2020_21,LaLiga
2021-05-09,Getafe,Eibar,0,1,A,10,7,2,3,2020_21,LaLiga
2021-05-09,Valencia,Valladolid,3,0,H,6,19,3,2,2020_21,LaLiga
2021-05-09,Villarreal,Celta,2,4,A,16,11,7,6,2020_21,LaLiga
2021-05-09,Real Madrid,Sevilla,2,2,D,16,7,6,3,2020_21,LaLiga
2021-05-10,Betis,Granada,2,1,H,14,11,6,5,2020_21,LaLiga
2021-05-11,Osasuna,Cadiz,3,2,H,14,10,4,4,2020_21,LaLiga
2021-05-11,Elche,Alaves,0,2,A,11,9,4,2,2020_21,LaLiga
2021-05-11,Levante,Barcelona,3,3,D,16,17,6,5,2020_21,LaLiga
2021-05-12,Sevilla,Valencia,1,0,H,10,6,4,2,2020_21,LaLiga
2021-05-12,Celta,Getafe,1,0,H,4,13,1,4,2020_21,LaLiga
2021-05-12,Huesca,Ath Bilbao,1,0,H,18,4,6,3,2020_21,LaLiga
2021-05-12,Ath Madrid,Sociedad,2,1,H,12,14,4,7,2020_21,LaLiga
2021-05-13,Valladolid,Villarreal,0,2,A,11,9,2,3,2020_21,LaLiga
2021-05-13,Eibar,Betis,1,1,D,14,9,4,4,2020_21,LaLiga
2021-05-13,Granada,Real Madrid,1,4,A,10,16,5,7,2020_21,LaLiga
2021-05-16,Alaves,Granada,4,2,H,14,5,9,2,2020_21,LaLiga
2021-05-16,Ath Bilbao,Real Madrid,0,1,A,8,11,1,2,2020_21,LaLiga
2021-05-16,Ath Madrid,Osasuna,2,1,H,26,5,9,2,2020_21,LaLiga
2021-05-16,Barcelona,Celta,1,2,A,20,4,4,4,2020_21,LaLiga
2021-05-16,Betis,Huesca,1,0,H,10,7,2,0,2020_21,LaLiga
2021-05-16,Cadiz,Elche,1,3,A,7,20,3,5,2020_21,LaLiga
2021-05-16,Getafe,Levante,2,1,H,9,5,3,1,2020_21,LaLiga
2021-05-16,Sociedad,Valladolid,4,1,H,13,19,8,5,2020_21,LaLiga
2021-05-16,Valencia,Eibar,4,1,H,9,20,5,8,2020_21,LaLiga
2021-05-16,Villarreal,Sevilla,4,0,H,12,17,5,5,2020_21,LaLiga
2021-05-21,Levante,Cadiz,2,2,D,17,6,4,2,2020_21,LaLiga
2021-05-22,Celta,Betis,2,3,A,11,11,4,5,2020_21,LaLiga
2021-05-22,Eibar,Barcelona,0,1,A,17,7,3,3,2020_21,LaLiga
2021-05-22,Elche,Ath Bilbao,2,0,H,8,8,3,2,2020_21,LaLiga
2021-05-22,Huesca,Valencia,0,0,D,23,11,8,4,2020_21,LaLiga
2021-05-22,Osasuna,Sociedad,0,1,A,7,11,1,1,2020_21,LaLiga
2021-05-22,Real Madrid,Villarreal,2,1,H,14,6,4,2,2020_21,LaLiga
2021-05-22,Valladolid,Ath Madrid,1,2,A,10,14,4,3,2020_21,LaLiga
2021-05-23,Granada,Getafe,0,0,D,9,11,3,2,2020_21,LaLiga
2021-05-23,Sevilla,Alaves,1,0,H,11,11,2,2,2020_21,LaLiga
2021-08-13,Valencia,Getafe,1,0,H,4,22,2,4,2021_22,LaLiga
2021-08-14,Cadiz,Levante,1,1,D,7,12,2,3,2021_22,LaLiga
2021-08-14,Mallorca,Betis,1,1,D,6,10,2,1,2021_22,LaLiga
2021-08-14,Alaves,Real Madrid,1,4,A,11,19,4,7,2021_22,LaLiga
2021-08-14,Osasuna,Espanol,0,0,D,14,10,1,3,2021_22,LaLiga
2021-08-15,Celta,Ath Madrid,1,2,A,10,13,2,4,2021_22,LaLiga
2021-08-15,Barcelona,Sociedad,4,2,H,13,11,8,3,2021_22,LaLiga
2021-08-15,Sevilla,Vallecano,3,0,H,21,4,8,3,2021_22,LaLiga
2021-08-16,Villarreal,Granada,0,0,D,14,6,4,1,2021_22,LaLiga
2021-08-16,Elche,Ath Bilbao,0,0,D,8,9,2,3,2021_22,LaLiga
2021-08-20,Betis,Cadiz,1,1,D,16,8,7,3,2021_22,LaLiga
2021-08-21,Alaves,Mallorca,0,1,A,9,12,4,2,2021_22,LaLiga
2021-08-21,Espanol,Villarreal,0,0,D,14,12,3,2,2021_22,LaLiga
2021-08-21,Granada,Valencia,1,1,D,9,18,2,7,2021_22,LaLiga
2021-08-21,Ath Bilbao,Barcelona,1,1,D,16,9,7,3,2021_22,LaLiga
2021-08-22,Sociedad,Vallecano,1,0,H,13,9,8,1,2021_22,LaLiga
2021-08-22,Ath Madrid,Elche,1,0,H,8,4,4,2,2021_22,LaLiga
2021-08-22,Levante,Real Madrid,3,3,D,8,19,4,5,2021_22,LaLiga
2021-08-23,Getafe,Sevilla,0,1,A,12,9,0,3,2021_22,LaLiga
2021-08-23,Osasuna,Celta,0,0,D,15,4,7,0,2021_22,LaLiga
2021-08-27,Mallorca,Espanol,1,0,H,12,8,6,3,2021_22,LaLiga
2021-08-27,Valencia,Alaves,3,0,H,9,10,4,3,2021_22,LaLiga
2021-08-28,Celta,Ath Bilbao,0,1,A,13,6,0,2,2021_22,LaLiga
2021-08-28,Elche,Sevilla,1,1,D,7,18,4,5,2021_22,LaLiga
2021-08-28,Sociedad,Levante,1,0,H,7,6,2,0,2021_22,LaLiga
2021-08-28,Betis,Real Madrid,0,1,A,11,13,6,3,2021_22,LaLiga
2021-08-29,Barcelona,Getafe,2,1,H,7,8,3,3,2021_22,LaLiga
2021-08-29,Cadiz,Osasuna,2,3,A,7,14,3,4,2021_22,LaLiga
2021-08-29,Vallecano,Granada,4,0,H,19,9,6,3,2021_22,LaLiga
2021-08-29,Ath Madrid,Villarreal,2,2,D,24,2,5,2,2021_22,LaLiga
2021-09-11,Levante,Vallecano,1,1,D,7,22,2,6,2021_22,LaLiga
2021-09-11,Ath Bilbao,Mallorca,2,0,H,19,7,5,1,2021_22,LaLiga
2021-09-12,Espanol,Ath Madrid,1,2,A,9,13,3,3,2021_22,LaLiga
2021-09-12,Osasuna,Valencia,1,4,A,11,10,2,4,2021_22,LaLiga
2021-09-12,Cadiz,Sociedad,0,2,A,6,16,1,4,2021_22,LaLiga
2021-09-12,Real Madrid,Celta,5,2,H,15,11,11,4,2021_22,LaLiga
2021-09-13,Getafe,Elche,0,1,A,10,8,1,3,2021_22,LaLiga
2021-09-13,Granada,Betis,1,2,A,11,19,2,9,2021_22,LaLiga
2021-09-17,Celta,Cadiz,1,2,A,14,7,4,3,2021_22,LaLiga
2021-09-18,Vallecano,Getafe,3,0,H,11,13,5,3,2021_22,LaLiga
2021-09-18,Ath Madrid,Ath Bilbao,0,0,D,14,6,2,0,2021_22,LaLiga
2021-09-18,Elche,Levante,1,1,D,9,11,2,6,2021_22,LaLiga
2021-09-18,Alaves,Osasuna,0,2,A,8,13,3,5,2021_22,LaLiga
2021-09-19,Mallorca,Villarreal,0,0,D,10,11,1,3,2021_22,LaLiga
2021-09-19,Sociedad,Sevilla,0,0,D,11,11,4,4,2021_22,LaLiga
2021-09-19,Betis,Espanol,2,2,D,23,11,9,4,2021_22,LaLiga
2021-09-19,Valencia,Real Madrid,1,2,A,12,18,4,10,2021_22,LaLiga
2021-09-20,Barcelona,Granada,1,1,D,17,5,6,2,2021_22,LaLiga
2021-09-21,Getafe,Ath Madrid,1,2,A,7,12,2,4,2021_22,LaLiga
2021-09-21,Ath Bilbao,Vallecano,1,2,A,8,8,1,3,2021_22,LaLiga
2021-09-21,Levante,Celta,0,2,A,6,4,2,2,2021_22,LaLiga
2021-09-22,Espanol,Alaves,1,0,H,10,8,2,2,2021_22,LaLiga
2021-09-22,Sevilla,Valencia,3,1,H,11,8,5,3,2021_22,LaLiga
2021-09-22,Real Madrid,Mallorca,6,1,H,18,17,12,5,2021_22,LaLiga
2021-09-22,Villarreal,Elche,4,1,H,14,9,9,3,2021_22,LaLiga
2021-09-23,Granada,Sociedad,2,3,A,10,20,2,11,2021_22,LaLiga
2021-09-23,Osasuna,Betis,1,3,A,11,16,3,9,2021_22,LaLiga
2021-09-23,Cadiz,Barcelona,0,0,D,13,6,3,2,2021_22,LaLiga
2021-09-25,Alaves,Ath Madrid,1,0,H,7,13,1,1,2021_22,LaLiga
2021-09-25,Valencia,Ath Bilbao,1,1,D,13,12,6,4,2021_22,LaLiga
2021-09-25,Sevilla,Espanol,2,0,H,12,13,5,2,2021_22,LaLiga
2021-09-25,Real Madrid,Villarreal,0,0,D,15,6,2,2,2021_22,LaLiga
2021-09-26,Mallorca,Osasuna,2,3,A,17,12,8,6,2021_22,LaLiga
2021-09-26,Barcelona,Levante,3,0,H,20,6,12,2,2021_22,LaLiga
2021-09-26,Sociedad,Elche,1,0,H,17,5,5,2,2021_22,LaLiga
2021-09-26,Vallecano,Cadiz,3,1,H,13,6,6,1,2021_22,LaLiga
2021-09-26,Betis,Getafe,2,0,H,20,8,5,3,2021_22,LaLiga
2021-09-27,Celta,Granada,1,0,H,14,7,5,4,2021_22,LaLiga
2021-10-01,Ath Bilbao,Alaves,1,0,H,16,17,5,5,2021_22,LaLiga
2021-10-02,Osasuna,Vallecano,1,0,H,7,7,3,0,2021_22,LaLiga
2021-10-02,Mallorca,Levante,1,0,H,9,6,7,2,2021_22,LaLiga
2021-10-02,Cadiz,Valencia,0,0,D,2,16,1,4,2021_22,LaLiga
2021-10-02,Ath Madrid,Barcelona,2,0,H,6,9,3,2,2021_22,LaLiga
2021-10-03,Elche,Celta,1,0,H,12,10,5,1,2021_22,LaLiga
2021-10-03,Espanol,Real Madrid,2,1,H,8,18,4,4,2021_22,LaLiga
2021-10-03,Getafe,Sociedad,1,1,D,9,10,2,5,2021_22,LaLiga
2021-10-03,Villarreal,Betis,2,0,H,11,10,5,3,2021_22,LaLiga
2021-10-03,Granada,Sevilla,1,0,H,3,14,1,3,2021_22,LaLiga
2021-10-16,Levante,Getafe,0,0,D,6,14,2,4,2021_22,LaLiga
2021-10-16,Sociedad,Mallorca,1,0,H,10,7,2,1,2021_22,LaLiga
2021-10-17,Vallecano,Elche,2,1,H,10,7,4,3,2021_22,LaLiga
2021-10-17,Celta,Sevilla,0,1,A,14,8,3,2,2021_22,LaLiga
2021-10-17,Villarreal,Osasuna,1,2,A,11,6,6,2,2021_22,LaLiga
2021-10-17,Barcelona,Valencia,3,1,H,12,9,5,3,2021_22,LaLiga
2021-10-18,Alaves,Betis,0,1,A,14,19,2,4,2021_22,LaLiga
2021-10-18,Espanol,Cadiz,2,0,H,14,13,6,2,2021_22,LaLiga
2021-10-22,Osasuna,Granada,1,1,D,17,9,6,4,2021_22,LaLiga
2021-10-23,Valencia,Mallorca,2,2,D,20,9,6,4,2021_22,LaLiga
2021-10-23,Cadiz,Alaves,0,2,A,23,8,4,4,2021_22,LaLiga
2021-10-23,Elche,Espanol,2,2,D,12,20,7,7,2021_22,LaLiga
2021-10-23,Ath Bilbao,Villarreal,2,1,H,14,11,7,3,2021_22,LaLiga
2021-10-24,Sevilla,Levante,5,3,H,18,12,11,7,2021_22,LaLiga
2021-10-24,Barcelona,Real Madrid,1,2,A,12,10,2,5,2021_22,LaLiga
2021-10-24,Betis,Vallecano,3,2,H,11,14,5,3,2021_22,LaLiga
2021-10-24,Ath Madrid,Sociedad,2,2,D,17,8,4,4,2021_22,LaLiga
2021-10-25,Getafe,Celta,0,3,A,11,16,2,8,2021_22,LaLiga
2021-10-26,Alaves,Elche,1,0,H,16,4,5,1,2021_22,LaLiga
2021-10-26,Espanol,Ath Bilbao,1,1,D,14,23,3,7,2021_22,LaLiga
2021-10-26,Villarreal,Cadiz,3,3,D,14,9,5,4,2021_22,LaLiga
2021-10-27,Mallorca,Sevilla,1,1,D,11,10,4,3,2021_22,LaLiga
2021-10-27,Vallecano,Barcelona,1,0,H,13,16,3,1,2021_22,LaLiga
2021-10-27,Betis,Valencia,4,1,H,14,10,9,4,2021_22,LaLiga
2021-10-27,Real Madrid,Osasuna,0,0,D,17,7,3,0,2021_22,LaLiga
2021-10-28,Celta,Sociedad,0,2,A,14,11,6,4,2021_22,LaLiga
2021-10-28,Granada,Getafe,1,1,D,18,6,3,4,2021_22,LaLiga
2021-10-28,Levante,Ath Madrid,2,2,D,10,7,3,3,2021_22,LaLiga
2021-10-30,Elche,Real Madrid,1,2,A,13,17,4,5,2021_22,LaLiga
2021-10-30,Sevilla,Osasuna,2,0,H,16,10,4,3,2021_22,LaLiga
2021-10-30,Valencia,Villarreal,2,0,H,9,11,3,1,2021_22,LaLiga
2021-10-30,Barcelona,Alaves,1,1,D,16,3,5,2,2021_22,LaLiga
2021-10-31,Cadiz,Mallorca,1,1,D,13,11,2,5,2021_22,LaLiga
2021-10-31,Ath Madrid,Betis,3,0,H,18,8,9,1,2021_22,LaLiga
2021-10-31,Getafe,Espanol,2,1,H,12,10,7,3,2021_22,LaLiga
2021-10-31,Sociedad,Ath Bilbao,1,1,D,8,11,3,5,2021_22,LaLiga
2021-11-01,Vallecano,Celta,0,0,D,11,10,5,4,2021_22,LaLiga
2021-11-01,Levante,Granada,0,3,A,12,12,3,6,2021_22,LaLiga
2021-11-05,Ath Bilbao,Cadiz,0,1,A,15,8,5,4,2021_22,LaLiga
2021-11-06,Espanol,Granada,2,0,H,17,18,6,5,2021_22,LaLiga
2021-11-06,Celta,Barcelona,3,3,D,18,10,4,6,2021_22,LaLiga
2021-11-06,Alaves,Levante,2,1,H,10,12,3,7,2021_22,LaLiga
2021-11-06,Real Madrid,Vallecano,2,1,H,15,19,7,7,2021_22,LaLiga
2021-11-07,Villarreal,Getafe,1,0,H,10,5,4,2,2021_22,LaLiga
2021-11-07,Valencia,Ath Madrid,3,3,D,11,13,5,7,2021_22,LaLiga
2021-11-07,Mallorca,Elche,2,2,D,18,7,6,2,2021_22,LaLiga
2021-11-07,Osasuna,Sociedad,0,2,A,6,9,2,4,2021_22,LaLiga
2021-11-07,Betis,Sevilla,0,2,A,8,11,1,2,2021_22,LaLiga
2021-11-19,Levante,Ath Bilbao,0,0,D,15,7,2,2,2021_22,LaLiga
2021-11-20,Celta,Villarreal,1,1,D,12,18,3,6,2021_22,LaLiga
2021-11-20,Sevilla,Alaves,2,2,D,16,8,6,3,2021_22,LaLiga
2021-11-20,Ath Madrid,Osasuna,1,0,H,15,9,2,3,2021_22,LaLiga
2021-11-20,Barcelona,Espanol,1,0,H,16,12,6,2,2021_22,LaLiga
2021-11-21,Getafe,Cadiz,4,0,H,17,10,8,2,2021_22,LaLiga
2021-11-21,Granada,Real Madrid,1,4,A,11,21,3,10,2021_22,LaLiga
2021-11-21,Elche,Betis,0,3,A,14,9,4,4,2021_22,LaLiga
2021-11-21,Sociedad,Valencia,0,0,D,9,8,2,3,2021_22,LaLiga
2021-11-22,Vallecano,Mallorca,3,1,H,15,11,6,5,2021_22,LaLiga
2021-11-26,Ath Bilbao,Granada,2,2,D,17,8,5,4,2021_22,LaLiga
2021-11-27,Alaves,Celta,1,2,A,13,8,5,5,2021_22,LaLiga
2021-11-27,Valencia,Vallecano,1,1,D,8,12,4,6,2021_22,LaLiga
2021-11-27,Mallorca,Getafe,0,0,D,12,11,2,0,2021_22,LaLiga
2021-11-27,Villarreal,Barcelona,1,3,A,14,12,2,6,2021_22,LaLiga
2021-11-28,Betis,Levante,3,1,H,26,8,8,2,2021_22,LaLiga
2021-11-28,Espanol,Sociedad,1,0,H,8,10,2,4,2021_22,LaLiga
2021-11-28,Cadiz,Ath Madrid,1,4,A,8,17,0,7,2021_22,LaLiga
2021-11-28,Real Madrid,Sevilla,2,1,H,14,11,4,6,2021_22,LaLiga
2021-11-29,Osasuna,Elche,1,1,D,17,10,4,4,2021_22,LaLiga
2021-12-01,Real Madrid,Ath Bilbao,1,0,H,17,18,7,2,2021_22,LaLiga
2021-12-03,Granada,Alaves,2,1,H,9,14,2,2,2021_22,LaLiga
2021-12-04,Sevilla,Villarreal,1,0,H,8,16,3,2,2021_22,LaLiga
2021-12-04,Barcelona,Betis,0,1,A,12,8,3,2,2021_22,LaLiga
2021-12-04,Ath Madrid,Mallorca,1,2,A,14,10,6,3,2021_22,LaLiga
2021-12-04,Sociedad,Real Madrid,0,2,A,11,13,0,8,2021_22,LaLiga
2021-12-05,Vallecano,Espanol,1,0,H,7,10,0,3,2021_22,LaLiga
2021-12-05,Elche,Cadiz,3,1,H,8,15,3,6,2021_22,LaLiga
2021-12-05,Levante,Osasuna,0,0,D,11,11,3,1,2021_22,LaLiga
2021-12-05,Celta,Valencia,1,2,A,11,8,5,5,2021_22,LaLiga
2021-12-06,Getafe,Ath Bilbao,0,0,D,17,9,5,3,2021_22,LaLiga
2021-12-10,Mallorca,Celta,0,0,D,12,14,1,5,2021_22,LaLiga
2021-12-11,Espanol,Levante,4,3,H,17,14,8,5,2021_22,LaLiga
2021-12-11,Alaves,Getafe,1,1,D,9,11,1,2,2021_22,LaLiga
2021-12-11,Valencia,Elche,2,1,H,21,8,8,4,2021_22,LaLiga
2021-12-11,Ath Bilbao,Sevilla,0,1,A,13,6,2,1,2021_22,LaLiga
2021-12-12,Villarreal,Vallecano,2,0,H,13,19,5,7,2021_22,LaLiga
2021-12-12,Osasuna,Barcelona,2,2,D,8,10,3,2,2021_22,LaLiga
2021-12-12,Betis,Sociedad,4,0,H,11,15,5,5,2021_22,LaLiga
2021-12-12,Real Madrid,Ath Madrid,2,0,H,7,9,3,6,2021_22,LaLiga
2021-12-13,Cadiz,Granada,1,1,D,13,16,3,5,2021_22,LaLiga
2021-12-17,Celta,Espanol,3,1,H,12,6,5,3,2021_22,LaLiga
2021-12-18,Vallecano,Alaves,2,0,H,20,6,5,4,2021_22,LaLiga
2021-12-18,Sociedad,Villarreal,1,3,A,8,15,4,8,2021_22,LaLiga
2021-12-18,Barcelona,Elche,3,2,H,19,5,8,3,2021_22,LaLiga
2021-12-18,Sevilla,Ath Madrid,2,1,H,6,15,2,3,2021_22,LaLiga
2021-12-19,Granada,Mallorca,4,1,H,15,8,6,5,2021_22,LaLiga
2021-12-19,Ath Bilbao,Betis,3,2,H,9,16,6,8,2021_22,LaLiga
2021-12-19,Getafe,Osasuna,1,0,H,18,11,4,2,2021_22,LaLiga
2021-12-19,Real Madrid,Cadiz,0,0,D,36,4,9,0,2021_22,LaLiga
2021-12-20,Levante,Valencia,3,4,A,15,15,9,8,2021_22,LaLiga
2021-12-21,Villarreal,Alaves,5,2,H,24,4,10,2,2021_22,LaLiga
2021-12-21,Sevilla,Barcelona,1,1,D,5,23,1,7,2021_22,LaLiga
2021-12-22,Granada,Ath Madrid,2,1,H,6,15,4,3,2021_22,LaLiga
2021-12-22,Ath Bilbao,Real Madrid,1,2,A,15,12,2,7,2021_22,LaLiga
2021-12-31,Valencia,Espanol,1,2,A,12,15,2,4,2021_22,LaLiga
2022-01-02,Getafe,Real Madrid,1,0,H,6,14,3,4,2021_22,LaLiga
2022-01-02,Ath Madrid,Vallecano,2,0,H,15,5,5,0,2021_22,LaLiga
2022-01-02,Elche,Granada,0,0,D,18,10,2,5,2021_22,LaLiga
2022-01-02,Alaves,Sociedad,1,1,D,19,10,5,4,2021_22,LaLiga
2022-01-02,Betis,Celta,0,2,A,18,7,7,5,2021_22,LaLiga
2022-01-02,Mallorca,Barcelona,0,1,A,13,13,3,4,2021_22,LaLiga
2022-01-03,Villarreal,Levante,5,0,H,17,7,7,3,2021_22,LaLiga
2022-01-03,Osasuna,Ath Bilbao,1,3,A,15,17,4,5,2021_22,LaLiga
2022-01-03,Cadiz,Sevilla,0,1,A,9,14,2,4,2021_22,LaLiga
2022-01-08,Levante,Mallorca,2,0,H,16,15,8,8,2021_22,LaLiga
2022-01-08,Sociedad,Celta,1,0,H,12,4,3,0,2021_22,LaLiga
2022-01-08,Granada,Barcelona,1,1,D,14,13,4,1,2021_22,LaLiga
2022-01-08,Real Madrid,Valencia,4,1,H,23,12,8,7,2021_22,LaLiga
2022-01-09,Vallecano,Betis,1,1,D,17,9,7,5,2021_22,LaLiga
2022-01-09,Sevilla,Getafe,1,0,H,10,4,1,2,2021_22,LaLiga
2022-01-09,Alaves,Ath Bilbao,0,0,D,12,10,1,2,2021_22,LaLiga
2022-01-09,Osasuna,Cadiz,2,0,H,15,6,5,1,2021_22,LaLiga
2022-01-09,Villarreal,Ath Madrid,2,2,D,13,7,3,5,2021_22,LaLiga
2022-01-10,Espanol,Elche,1,2,A,8,3,3,2,2021_22,LaLiga
2022-01-16,Elche,Villarreal,1,0,H,5,9,2,4,2021_22,LaLiga
2022-01-18,Betis,Alaves,4,0,H,18,9,5,2,2021_22,LaLiga
2022-01-18,Cadiz,Espanol,2,2,D,10,14,4,7,2021_22,LaLiga
2022-01-19,Celta,Osasuna,2,0,H,5,9,3,0,2021_22,LaLiga
2022-01-19,Valencia,Sevilla,1,1,D,10,12,2,3,2021_22,LaLiga
2022-01-20,Getafe,Granada,4,2,H,12,7,4,4,2021_22,LaLiga
2022-01-21,Espanol,Betis,1,4,A,12,15,4,8,2021_22,LaLiga
2022-01-22,Levante,Cadiz,0,2,A,15,8,8,2,2021_22,LaLiga
2022-01-22,Villarreal,Mallorca,3,0,H,12,8,6,2,2021_22,LaLiga
2022-01-22,Sevilla,Celta,2,2,D,16,6,5,4,2021_22,LaLiga
2022-01-22,Ath Madrid,Valencia,3,2,H,16,7,6,3,2021_22,LaLiga
2022-01-23,Granada,Osasuna,0,2,A,6,16,2,7,2021_22,LaLiga
2022-01-23,Real Madrid,Elche,2,2,D,23,3,8,2,2021_22,LaLiga
2022-01-23,Sociedad,Getafe,0,0,D,9,9,3,2,2021_22,LaLiga
2022-01-23,Vallecano,Ath Bilbao,0,1,A,29,9,3,3,2021_22,LaLiga
2022-01-23,Alaves,Barcelona,0,1,A,6,10,2,4,2021_22,LaLiga
2022-02-04,Getafe,Levante,3,0,H,14,11,8,2,2021_22,LaLiga
2022-02-05,Elche,Alaves,3,1,H,14,6,4,2,2021_22,LaLiga
2022-02-05,Mallorca,Cadiz,2,1,H,17,12,5,5,2021_22,LaLiga
2022-02-05,Celta,Vallecano,2,0,H,13,11,3,0,2021_22,LaLiga
2022-02-05,Osasuna,Sevilla,0,0,D,9,9,3,4,2021_22,LaLiga
2022-02-06,Valencia,Sociedad,0,0,D,14,8,3,2,2021_22,LaLiga
2022-02-06,Barcelona,Ath Madrid,4,2,H,9,10,4,4,2021_22,LaLiga
2022-02-06,Betis,Villarreal,0,2,A,9,9,3,3,2021_22,LaLiga
2022-02-06,Real Madrid,Granada,1,0,H,24,7,11,3,2021_22,LaLiga
2022-02-07,Ath Bilbao,Espanol,2,1,H,7,7,4,3,2021_22,LaLiga
2022-02-11,Sevilla,Elche,2,0,H,14,7,6,1,2021_22,LaLiga
2022-02-12,Cadiz,Celta,0,0,D,8,6,2,1,2021_22,LaLiga
2022-02-12,Villarreal,Real Madrid,0,0,D,9,17,2,6,2021_22,LaLiga
2022-02-12,Vallecano,Osasuna,0,3,A,10,12,3,5,2021_22,LaLiga
2022-02-12,Ath Madrid,Getafe,4,3,H,11,10,7,4,2021_22,LaLiga
2022-02-13,Alaves,Valencia,2,1,H,9,9,5,4,2021_22,LaLiga
2022-02-13,Levante,Betis,2,4,A,12,19,4,11,2021_22,LaLiga
2022-02-13,Sociedad,Granada,2,0,H,18,15,8,2,2021_22,LaLiga
2022-02-13,Espanol,Barcelona,2,2,D,10,12,4,4,2021_22,LaLiga
2022-02-14,Mallorca,Ath Bilbao,3,2,H,16,7,5,2,2021_22,LaLiga
2022-02-16,Ath Madrid,Levante,0,1,A,10,8,1,5,2021_22,LaLiga
2022-02-18,Elche,Vallecano,2,1,H,9,13,5,2,2021_22,LaLiga
2022-02-19,Granada,Villarreal,1,4,A,20,15,5,7,2021_22,LaLiga
2022-02-19,Osasuna,Ath Madrid,0,3,A,14,5,4,4,2021_22,LaLiga
2022-02-19,Cadiz,Getafe,1,1,D,9,6,2,1,2021_22,LaLiga
2022-02-19,Real Madrid,Alaves,3,0,H,22,7,9,2,2021_22,LaLiga
2022-02-20,Espanol,Sevilla,1,1,D,11,7,4,2,2021_22,LaLiga
2022-02-20,Valencia,Barcelona,1,4,A,11,6,5,6,2021_22,LaLiga
2022-02-20,Betis,Mallorca,2,1,H,14,10,5,1,2021_22,LaLiga
2022-02-20,Ath Bilbao,Sociedad,4,0,H,18,9,8,2,2021_22,LaLiga
2022-02-21,Celta,Levante,1,1,D,8,13,4,3,2021_22,LaLiga
2022-02-25,Levante,Elche,3,0,H,11,8,4,3,2021_22,LaLiga
2022-02-26,Mallorca,Valencia,0,1,A,23,8,3,4,2021_22,LaLiga
2022-02-26,Getafe,Alaves,2,2,D,12,7,3,3,2021_22,LaLiga
2022-02-26,Vallecano,Real Madrid,0,1,A,19,13,5,6,2021_22,LaLiga
2022-02-26,Ath Madrid,Celta,2,0,H,13,16,6,2,2021_22,LaLiga
2022-02-27,Villarreal,Espanol,5,1,H,19,7,11,2,2021_22,LaLiga
2022-02-27,Sevilla,Betis,2,1,H,12,10,3,2,2021_22,LaLiga
2022-02-27,Sociedad,Osasuna,1,0,H,11,11,5,1,2021_22,LaLiga
2022-02-27,Barcelona,Ath Bilbao,4,0,H,17,6,7,3,2021_22,LaLiga
2022-02-28,Granada,Cadiz,0,0,D,6,12,1,4,2021_22,LaLiga
2022-03-02,Mallorca,Sociedad,0,2,A,13,13,1,3,2021_22,LaLiga
2022-03-04,Alaves,Sevilla,0,0,D,14,13,2,4,2021_22,LaLiga
2022-03-05,Osasuna,Villarreal,1,0,H,12,10,3,1,2021_22,LaLiga
2022-03-05,Espanol,Getafe,2,0,H,4,12,1,3,2021_22,LaLiga
2022-03-05,Valencia,Granada,3,1,H,12,7,4,0,2021_22,LaLiga
2022-03-05,Real Madrid,Sociedad,4,1,H,18,1,8,1,2021_22,LaLiga
2022-03-06,Cadiz,Vallecano,2,0,H,13,14,7,3,2021_22,LaLiga
2022-03-06,Elche,Barcelona,1,2,A,13,20,3,9,2021_22,LaLiga
2022-03-06,Celta,Mallorca,4,3,H,16,12,8,3,2021_22,LaLiga
2022-03-06,Betis,Ath Madrid,1,3,A,18,8,6,6,2021_22,LaLiga
2022-03-07,Ath Bilbao,Levante,3,1,H,17,5,9,2,2021_22,LaLiga
2022-03-11,Ath Madrid,Cadiz,2,1,H,6,14,5,3,2021_22,LaLiga
2022-03-12,Levante,Espanol,1,1,D,14,6,3,1,2021_22,LaLiga
2022-03-12,Granada,Elche,0,1,A,15,13,4,2,2021_22,LaLiga
2022-03-12,Villarreal,Celta,1,0,H,10,12,3,2,2021_22,LaLiga
2022-03-12,Getafe,Valencia,0,0,D,16,6,6,0,2021_22,LaLiga
2022-03-13,Vallecano,Sevilla,1,1,D,10,3,2,2,2021_22,LaLiga
2022-03-13,Betis,Ath Bilbao,1,0,H,8,11,5,2,2021_22,LaLiga
2022-03-13,Sociedad,Alaves,1,0,H,15,13,6,4,2021_22,LaLiga
2022-03-13,Barcelona,Osasuna,4,0,H,24,4,9,3,2021_22,LaLiga
2022-03-14,Mallorca,Real Madrid,0,3,A,14,11,3,5,2021_22,LaLiga
2022-03-18,Ath Bilbao,Getafe,1,1,D,22,7,11,2,2021_22,LaLiga
2022-03-19,Alaves,Granada,2,3,A,11,12,6,3,2021_22,LaLiga
2022-03-19,Elche,Valencia,0,1,A,8,8,2,3,2021_22,LaLiga
2022-03-19,Osasuna,Levante,3,1,H,20,13,7,4,2021_22,LaLiga
2022-03-19,Vallecano,Ath Madrid,0,1,A,15,11,3,3,2021_22,LaLiga
2022-03-20,Espanol,Mallorca,1,0,H,12,9,3,3,2021_22,LaLiga
2022-03-20,Cadiz,Villarreal,1,0,H,16,3,7,1,2021_22,LaLiga
2022-03-20,Celta,Betis,0,0,D,9,7,3,1,2021_22,LaLiga
2022-03-20,Sevilla,Sociedad,0,0,D,10,13,0,2,2021_22,LaLiga
2022-03-20,Real Madrid,Barcelona,0,4,A,14,18,4,10,2021_22,LaLiga
2022-04-02,Getafe,Mallorca,1,0,H,16,7,3,1,2021_22,LaLiga
2022-04-02,Levante,Villarreal,2,0,H,13,13,4,2,2021_22,LaLiga
2022-04-02,Celta,Real Madrid,1,2,A,10,12,4,6,2021_22,LaLiga
2022-04-02,Ath Madrid,Alaves,4,1,H,14,7,8,1,2021_22,LaLiga
2022-04-03,Ath Bilbao,Elche,2,1,H,16,6,6,2,2021_22,LaLiga
2022-04-03,Betis,Osasuna,4,1,H,24,10,8,3,2021_22,LaLiga
2022-04-03,Granada,Vallecano,2,2,D,17,10,9,4,2021_22,LaLiga
2022-04-03,Valencia,Cadiz,0,0,D,5,4,1,3,2021_22,LaLiga
2022-04-03,Barcelona,Sevilla,1,0,H,19,8,6,3,2021_22,LaLiga
2022-04-04,Sociedad,Espanol,1,0,H,17,8,6,2,2021_22,LaLiga
2022-04-08,Sevilla,Granada,4,2,H,16,15,8,5,2021_22,LaLiga
2022-04-09,Cadiz,Betis,1,2,A,10,10,4,3,2021_22,LaLiga
2022-04-09,Mallorca,Ath Madrid,1,0,H,10,9,3,1,2021_22,LaLiga
2022-04-09,Villarreal,Ath Bilbao,1,1,D,11,12,5,6,2021_22,LaLiga
2022-04-09,Real Madrid,Getafe,2,0,H,26,8,8,0,2021_22,LaLiga
2022-04-10,Osasuna,Alaves,1,0,H,15,8,4,2,2021_22,LaLiga
2022-04-10,Espanol,Celta,1,0,H,11,10,2,5,2021_22,LaLiga
2022-04-10,Elche,Sociedad,1,2,A,10,17,1,6,2021_22,LaLiga
2022-04-10,Levante,Barcelona,2,3,A,11,14,6,7,2021_22,LaLiga
2022-04-11,Vallecano,Valencia,1,1,D,11,6,4,2,2021_22,LaLiga
2022-04-15,Sociedad,Betis,0,0,D,9,9,2,2,2021_22,LaLiga
2022-04-16,Elche,Mallorca,3,0,H,6,13,2,2,2021_22,LaLiga
2022-04-16,Alaves,Vallecano,1,0,H,11,20,5,3,2021_22,LaLiga
2022-04-16,Valencia,Osasuna,1,2,A,11,9,4,3,2021_22,LaLiga
2022-04-16,Getafe,Villarreal,1,2,A,12,11,5,6,2021_22,LaLiga
2022-04-17,Granada,Levante,1,4,A,16,17,4,8,2021_22,LaLiga
2022-04-17,Ath Madrid,Espanol,2,1,H,10,11,3,5,2021_22,LaLiga
2022-04-17,Ath Bilbao,Celta,0,2,A,10,6,2,4,2021_22,LaLiga
2022-04-17,Sevilla,Real Madrid,2,3,A,7,15,2,6,2021_22,LaLiga
2022-04-18,Barcelona,Cadiz,0,1,A,18,6,6,4,2021_22,LaLiga
2022-04-19,Mallorca,Alaves,2,1,H,5,12,3,4,2021_22,LaLiga
2022-04-19,Betis,Elche,0,1,A,18,9,3,1,2021_22,LaLiga
2022-04-19,Villarreal,Valencia,2,0,H,12,5,5,1,2021_22,LaLiga
2022-04-20,Ath Madrid,Granada,0,0,D,22,7,1,2,2021_22,LaLiga
2022-04-20,Celta,Getafe,0,2,A,9,6,2,3,2021_22,LaLiga
2022-04-20,Osasuna,Real Madrid,1,3,A,12,23,3,11,2021_22,LaLiga
2022-04-21,Espanol,Vallecano,0,1,A,6,13,2,2,2021_22,LaLiga
2022-04-21,Levante,Sevilla,2,3,A,15,13,6,6,2021_22,LaLiga
2022-04-21,Cadiz,Ath Bilbao,2,3,A,27,9,8,7,2021_22,LaLiga
2022-04-21,Sociedad,Barcelona,0,1,A,8,11,5,1,2021_22,LaLiga
2022-04-24,Barcelona,Vallecano,0,1,A,18,3,5,1,2021_22,LaLiga
2022-04-29,Sevilla,Cadiz,1,1,D,11,10,6,4,2021_22,LaLiga
2022-04-30,Alaves,Villarreal,2,1,H,11,16,5,6,2021_22,LaLiga
2022-04-30,Real Madrid,Espanol,4,0,H,11,20,5,6,2021_22,LaLiga
2022-04-30,Valencia,Levante,1,1,D,6,24,1,6,2021_22,LaLiga
2022-04-30,Ath Bilbao,Ath Madrid,2,0,H,11,9,4,3,2021_22,LaLiga
2022-05-01,Elche,Osasuna,1,1,D,11,9,4,3,2021_22,LaLiga
2022-05-01,Granada,Celta,1,1,D,15,13,6,6,2021_22,LaLiga
2022-05-01,Vallecano,Sociedad,1,1,D,13,8,7,3,2021_22,LaLiga
2022-05-01,Barcelona,Mallorca,2,1,H,17,6,5,2,2021_22,LaLiga
2022-05-02,Getafe,Betis,0,0,D,13,9,2,4,2021_22,LaLiga
2022-05-06,Levante,Sociedad,2,1,H,16,21,7,6,2021_22,LaLiga
2022-05-07,Mallorca,Granada,2,6,A,18,14,8,7,2021_22,LaLiga
2022-05-07,Ath Bilbao,Valencia,0,0,D,10,4,5,1,2021_22,LaLiga
2022-05-07,Cadiz,Elche,3,0,H,17,4,7,2,2021_22,LaLiga
2022-05-07,Celta,Alaves,4,0,H,15,3,7,1,2021_22,LaLiga
2022-05-07,Betis,Barcelona,1,2,A,14,11,5,5,2021_22,LaLiga
2022-05-08,Getafe,Vallecano,0,0,D,12,12,6,1,2021_22,LaLiga
2022-05-08,Villarreal,Sevilla,1,1,D,14,7,6,2,2021_22,LaLiga
2022-05-08,Espanol,Osasuna,1,1,D,12,12,3,5,2021_22,LaLiga
2022-05-08,Ath Madrid,Real Madrid,1,0,H,16,15,2,6,2021_22,LaLiga
2022-05-10,Valencia,Betis,0,3,A,19,9,5,5,2021_22,LaLiga
2022-05-10,Granada,Ath Bilbao,1,0,H,12,8,2,1,2021_22,LaLiga
2022-05-10,Barcelona,Celta,3,1,H,10,13,4,5,2021_22,LaLiga
2022-05-11,Alaves,Espanol,2,1,H,27,5,9,3,2021_22,LaLiga
2022-05-11,Osasuna,Getafe,1,1,D,12,6,1,0,2021_22,LaLiga
2022-05-11,Sevilla,Mallorca,0,0,D,18,10,4,2,2021_22,LaLiga
2022-05-11,Elche,Ath Madrid,0,2,A,9,11,0,6,2021_22,LaLiga
2022-05-12,Sociedad,Cadiz,3,0,H,13,14,7,1,2021_22,LaLiga
2022-05-12,Vallecano,Villarreal,1,5,A,17,11,3,8,2021_22,LaLiga
2022-05-12,Real Madrid,Levante,6,0,H,27,16,16,1,2021_22,LaLiga
2022-05-14,Espanol,Valencia,1,1,D,5,18,3,5,2021_22,LaLiga
2022-05-15,Ath Bilbao,Osasuna,2,0,H,14,8,8,1,2021_22,LaLiga
2022-05-15,Ath Madrid,Sevilla,1,1,D,12,8,3,4,2021_22,LaLiga
2022-05-15,Betis,Granada,2,0,H,11,14,4,4,2021_22,LaLiga
2022-05-15,Cadiz,Real Madrid,1,1,D,21,16,7,7,2021_22,LaLiga
2022-05-15,Celta,Elche,1,0,H,14,10,5,1,2021_22,LaLiga
2022-05-15,Getafe,Barcelona,0,0,D,9,5,3,1,2021_22,LaLiga
2022-05-15,Levante,Alaves,3,1,H,15,6,5,2,2021_22,LaLiga
2022-05-15,Mallorca,Vallecano,2,1,H,12,11,5,4,2021_22,LaLiga
2022-05-15,Villarreal,Sociedad,1,2,A,10,11,4,6,2021_22,LaLiga
2022-05-20,Real Madrid,Betis,0,0,D,17,11,3,2,2021_22,LaLiga
2022-05-20,Vallecano,Levante,2,4,A,19,14,8,7,2021_22,LaLiga
2022-05-21,Valencia,Celta,2,0,H,10,9,3,3,2021_22,LaLiga
2022-05-22,Elche,Getafe,3,1,H,19,7,9,2,2021_22,LaLiga
2022-05-22,Alaves,Cadiz,0,1,A,9,13,2,6,2021_22,LaLiga
2022-05-22,Granada,Espanol,0,0,D,15,10,5,5,2021_22,LaLiga
2022-05-22,Osasuna,Mallorca,0,2,A,11,14,1,6,2021_22,LaLiga
2022-05-22,Barcelona,Villarreal,0,2,A,14,4,3,3,2021_22,LaLiga
2022-05-22,Sevilla,Ath Bilbao,1,0,H,13,9,3,1,2021_22,LaLiga
2022-05-22,Sociedad,Ath Madrid,1,2,A,12,6,3,5,2021_22,LaLiga
2022-08-12,Osasuna,Sevilla,2,1,H,12,10,5,3,2022_23,LaLiga
2022-08-13,Celta,Espanol,2,2,D,8,10,3,2,2022_23,LaLiga
2022-08-13,Valladolid,Villarreal,0,3,A,12,10,6,4,2022_23,LaLiga
2022-08-13,Barcelona,Vallecano,0,0,D,21,4,6,2,2022_23,LaLiga
2022-08-14,Cadiz,Sociedad,0,1,A,7,15,2,7,2022_23,LaLiga
2022-08-14,Valencia,Girona,1,0,H,17,5,2,1,2022_23,LaLiga
2022-08-14,Almeria,Real Madrid,1,2,A,10,29,6,15,2022_23,LaLiga
2022-08-15,Ath Bilbao,Mallorca,0,0,D,23,6,6,2,2022_23,LaLiga
2022-08-15,Getafe,Ath Madrid,0,3,A,10,12,0,5,2022_23,LaLiga
2022-08-15,Betis,Elche,3,0,H,17,4,8,2,2022_23,LaLiga
2022-08-19,Espanol,Vallecano,0,2,A,13,8,1,3,2022_23,LaLiga
2022-08-19,Sevilla,Valladolid,1,1,D,18,6,2,3,2022_23,LaLiga
2022-08-20,Osasuna,Cadiz,2,0,H,16,9,3,2,2022_23,LaLiga
2022-08-20,Mallorca,Betis,1,2,A,13,8,7,3,2022_23,LaLiga
2022-08-20,Celta,Real Madrid,1,4,A,15,16,2,7,2022_23,LaLiga
2022-08-21,Ath Bilbao,Valencia,1,0,H,12,10,2,0,2022_23,LaLiga
2022-08-21,Ath Madrid,Villarreal,0,2,A,13,19,5,5,2022_23,LaLiga
2022-08-21,Sociedad,Barcelona,1,4,A,10,15,5,7,2022_23,LaLiga
2022-08-22,Elche,Almeria,1,1,D,13,12,3,7,2022_23,LaLiga
2022-08-22,Girona,Getafe,3,1,H,12,7,6,3,2022_23,LaLiga
2022-08-26,Girona,Celta,0,1,A,11,11,3,6,2022_23,LaLiga
2022-08-26,Betis,Osasuna,1,0,H,7,12,1,2,2022_23,LaLiga
2022-08-27,Elche,Sociedad,0,1,A,12,9,5,5,2022_23,LaLiga
2022-08-27,Vallecano,Mallorca,0,2,A,15,9,0,4,2022_23,LaLiga
2022-08-27,Almeria,Sevilla,2,1,H,11,13,5,5,2022_23,LaLiga
2022-08-28,Getafe,Villarreal,0,0,D,8,11,2,6,2022_23,LaLiga
2022-08-28,Barcelona,Valladolid,4,0,H,24,8,9,3,2022_23,LaLiga
2022-08-28,Espanol,Real Madrid,1,3,A,15,19,4,6,2022_23,LaLiga
2022-08-29,Cadiz,Ath Bilbao,0,4,A,9,20,3,8,2022_23,LaLiga
2022-08-29,Valencia,Ath Madrid,0,1,A,12,13,2,7,2022_23,LaLiga
2022-09-02,Celta,Cadiz,3,0,H,9,7,5,0,2022_23,LaLiga
2022-09-03,Mallorca,Girona,1,1,D,10,10,4,4,2022_23,LaLiga
2022-09-03,Real Madrid,Betis,2,1,H,22,8,4,4,2022_23,LaLiga
2022-09-03,Sociedad,Ath Madrid,1,1,D,12,15,5,7,2022_23,LaLiga
2022-09-03,Sevilla,Barcelona,0,3,A,9,18,4,7,2022_23,LaLiga
2022-09-04,Osasuna,Vallecano,2,1,H,13,5,6,3,2022_23,LaLiga
2022-09-04,Ath Bilbao,Espanol,0,1,A,17,9,2,2,2022_23,LaLiga
2022-09-04,Villarreal,Elche,4,0,H,18,7,10,0,2022_23,LaLiga
2022-09-04,Valencia,Getafe,5,1,H,24,7,9,4,2022_23,LaLiga
2022-09-05,Valladolid,Almeria,1,0,H,14,12,6,1,2022_23,LaLiga
2022-09-09,Girona,Valladolid,2,1,H,14,14,5,4,2022_23,LaLiga
2022-09-10,Vallecano,Valencia,2,1,H,14,17,6,4,2022_23,LaLiga
2022-09-10,Espanol,Sevilla,2,3,A,19,11,5,7,2022_23,LaLiga
2022-09-10,Cadiz,Barcelona,0,4,A,6,16,0,8,2022_23,LaLiga
2022-09-10,Ath Madrid,Celta,4,1,H,10,14,4,3,2022_23,LaLiga
2022-09-11,Real Madrid,Mallorca,4,1,H,22,5,7,2,2022_23,LaLiga
2022-09-11,Elche,Ath Bilbao,1,4,A,9,16,2,8,2022_23,LaLiga
2022-09-11,Getafe,Sociedad,2,1,H,8,13,3,6,2022_23,LaLiga
2022-09-11,Betis,Villarreal,1,0,H,16,14,5,3,2022_23,LaLiga
2022-09-12,Almeria,Osasuna,0,1,A,7,15,2,4,2022_23,LaLiga
2022-09-16,Valladolid,Cadiz,0,1,A,18,7,6,1,2022_23,LaLiga
2022-09-17,Mallorca,Almeria,1,0,H,5,9,2,3,2022_23,LaLiga
2022-09-17,Barcelona,Elche,3,0,H,25,1,9,1,2022_23,LaLiga
2022-09-17,Valencia,Celta,3,0,H,14,6,7,2,2022_23,LaLiga
2022-09-17,Ath Bilbao,Vallecano,3,2,H,14,11,7,2,2022_23,LaLiga
2022-09-18,Osasuna,Getafe,0,2,A,12,10,4,4,2022_23,LaLiga
2022-09-18,Villarreal,Sevilla,1,1,D,17,12,7,1,2022_23,LaLiga
2022-09-18,Betis,Girona,2,1,H,9,8,3,3,2022_23,LaLiga
2022-09-18,Sociedad,Espanol,2,1,H,14,14,6,4,2022_23,LaLiga
2022-09-18,Ath Madrid,Real Madrid,1,2,A,12,6,5,3,2022_23,LaLiga
2022-09-30,Ath Bilbao,Almeria,4,0,H,17,8,4,2,2022_23,LaLiga
2022-10-01,Cadiz,Villarreal,0,0,D,10,14,2,6,2022_23,LaLiga
2022-10-01,Getafe,Valladolid,2,3,A,14,14,6,7,2022_23,LaLiga
2022-10-01,Sevilla,Ath Madrid,0,2,A,14,20,3,6,2022_23,LaLiga
2022-10-01,Mallorca,Barcelona,0,1,A,13,11,3,3,2022_23,LaLiga
2022-10-02,Espanol,Valencia,2,2,D,10,12,5,5,2022_23,LaLiga
2022-10-02,Celta,Betis,1,0,H,11,9,4,4,2022_23,LaLiga
2022-10-02,Girona,Sociedad,3,5,A,16,11,8,5,2022_23,LaLiga
2022-10-02,Real Madrid,Osasuna,1,1,D,22,8,4,2,2022_23,LaLiga
2022-10-03,Vallecano,Elche,2,1,H,15,5,6,2,2022_23,LaLiga
2022-10-07,Osasuna,Valencia,1,2,A,11,15,2,7,2022_23,LaLiga
2022-10-08,Almeria,Vallecano,3,1,H,10,12,4,4,2022_23,LaLiga
2022-10-08,Ath Madrid,Girona,2,1,H,13,11,7,4,2022_23,LaLiga
2022-10-08,Sevilla,Ath Bilbao,1,1,D,10,21,3,4,2022_23,LaLiga
2022-10-08,Getafe,Real Madrid,0,1,A,9,19,2,4,2022_23,LaLiga
2022-10-09,Valladolid,Betis,0,0,D,12,4,3,1,2022_23,LaLiga
2022-10-09,Cadiz,Espanol,2,2,D,8,9,3,6,2022_23,LaLiga
2022-10-09,Sociedad,Villarreal,1,0,H,17,5,5,1,2022_23,LaLiga
2022-10-09,Barcelona,Celta,1,0,H,13,14,5,3,2022_23,LaLiga
2022-10-10,Elche,Mallorca,1,1,D,7,11,2,4,2022_23,LaLiga
2022-10-14,Vallecano,Getafe,0,0,D,16,6,3,3,2022_23,LaLiga
2022-10-15,Girona,Cadiz,1,1,D,23,9,6,2,2022_23,LaLiga
2022-10-15,Valencia,Elche,2,2,D,20,8,8,6,2022_23,LaLiga
2022-10-15,Mallorca,Sevilla,0,1,A,9,4,5,1,2022_23,LaLiga
2022-10-15,Ath Bilbao,Ath Madrid,0,1,A,13,3,3,1,2022_23,LaLiga
2022-10-16,Celta,Sociedad,1,2,A,10,8,3,6,2022_23,LaLiga
2022-10-16,Real Madrid,Barcelona,3,1,H,8,18,4,5,2022_23,LaLiga
2022-10-16,Espanol,Valladolid,1,0,H,15,14,3,2,2022_23,LaLiga
2022-10-16,Betis,Almeria,3,1,H,15,12,6,5,2022_23,LaLiga
2022-10-17,Villarreal,Osasuna,2,0,H,12,14,9,3,2022_23,LaLiga
2022-10-18,Sevilla,Valencia,1,1,D,18,13,5,5,2022_23,LaLiga
2022-10-18,Getafe,Ath Bilbao,2,2,D,11,14,4,4,2022_23,LaLiga
2022-10-18,Ath Madrid,Vallecano,1,1,D,12,14,4,4,2022_23,LaLiga
2022-10-19,Cadiz,Betis,0,0,D,13,12,3,3,2022_23,LaLiga
2022-10-19,Valladolid,Celta,4,1,H,9,22,7,5,2022_23,LaLiga
2022-10-19,Sociedad,Mallorca,1,0,H,14,12,7,3,2022_23,LaLiga
2022-10-19,Elche,Real Madrid,0,3,A,10,10,3,7,2022_23,LaLiga
2022-10-20,Almeria,Girona,3,2,H,13,14,7,5,2022_23,LaLiga
2022-10-20,Osasuna,Espanol,1,0,H,17,5,5,3,2022_23,LaLiga
2022-10-20,Barcelona,Villarreal,3,0,H,16,5,5,1,2022_23,LaLiga
2022-10-22,Vallecano,Cadiz,5,1,H,28,3,11,0,2022_23,LaLiga
2022-10-22,Valladolid,Sociedad,1,0,H,9,20,2,2,2022_23,LaLiga
2022-10-22,Valencia,Mallorca,1,2,A,13,10,3,5,2022_23,LaLiga
2022-10-22,Real Madrid,Sevilla,3,1,H,18,9,6,2,2022_23,LaLiga
2022-10-23,Espanol,Elche,2,2,D,13,9,5,4,2022_23,LaLiga
2022-10-23,Betis,Ath Madrid,1,2,A,17,9,4,3,2022_23,LaLiga
2022-10-23,Girona,Osasuna,1,1,D,7,9,1,2,2022_23,LaLiga
2022-10-23,Villarreal,Almeria,2,1,H,11,15,5,4,2022_23,LaLiga
2022-10-23,Barcelona,Ath Bilbao,4,0,H,10,5,7,3,2022_23,LaLiga
2022-10-24,Celta,Getafe,1,1,D,17,4,5,1,2022_23,LaLiga
2022-10-28,Mallorca,Espanol,1,1,D,12,7,5,2,2022_23,LaLiga
2022-10-29,Almeria,Celta,3,1,H,19,8,5,3,2022_23,LaLiga
2022-10-29,Cadiz,Ath Madrid,3,2,H,10,15,7,7,2022_23,LaLiga
2022-10-29,Sevilla,Vallecano,0,1,A,10,15,4,5,2022_23,LaLiga
2022-10-29,Valencia,Barcelona,0,1,A,3,13,2,2,2022_23,LaLiga
2022-10-30,Osasuna,Valladolid,2,0,H,20,7,10,2,2022_23,LaLiga
2022-10-30,Real Madrid,Girona,1,1,D,19,8,6,2,2022_23,LaLiga
2022-10-30,Ath Bilbao,Villarreal,1,0,H,19,6,7,3,2022_23,LaLiga
2022-10-30,Sociedad,Betis,0,2,A,14,10,7,4,2022_23,LaLiga
2022-10-31,Elche,Getafe,0,1,A,12,8,5,3,2022_23,LaLiga
2022-11-04,Girona,Ath Bilbao,2,1,H,19,11,10,7,2022_23,LaLiga
2022-11-05,Getafe,Cadiz,0,0,D,13,15,2,4,2022_23,LaLiga
2022-11-05,Valladolid,Elche,2,1,H,16,4,11,2,2022_23,LaLiga
2022-11-05,Celta,Osasuna,1,2,A,13,8,5,4,2022_23,LaLiga
2022-11-05,Barcelona,Almeria,2,0,H,27,4,13,1,2022_23,LaLiga
2022-11-06,Ath Madrid,Espanol,1,1,D,27,6,7,2,2022_23,LaLiga
2022-11-06,Sociedad,Valencia,1,1,D,9,14,4,3,2022_23,LaLiga
2022-11-06,Villarreal,Mallorca,0,2,A,9,7,2,5,2022_23,LaLiga
2022-11-06,Betis,Sevilla,1,1,D,9,22,4,6,2022_23,LaLiga
2022-11-07,Vallecano,Real Madrid,3,2,H,15,16,7,2,2022_23,LaLiga
2022-11-08,Elche,Girona,1,2,A,11,21,2,3,2022_23,LaLiga
2022-11-08,Ath Bilbao,Valladolid,3,0,H,19,8,6,0,2022_23,LaLiga
2022-11-08,Osasuna,Barcelona,1,2,A,15,9,3,3,2022_23,LaLiga
2022-11-09,Almeria,Getafe,1,0,H,8,11,3,3,2022_23,LaLiga
2022-11-09,Sevilla,Sociedad,1,2,A,6,17,3,9,2022_23,LaLiga
2022-11-09,Espanol,Villarreal,0,1,A,14,10,6,3,2022_23,LaLiga
2022-11-09,Mallorca,Ath Madrid,1,0,H,9,17,3,5,2022_23,LaLiga
2022-11-10,Vallecano,Celta,0,0,D,10,11,3,3,2022_23,LaLiga
2022-11-10,Valencia,Betis,3,0,H,15,5,7,1,2022_23,LaLiga
2022-11-10,Real Madrid,Cadiz,2,1,H,18,10,5,5,2022_23,LaLiga
2022-12-29,Girona,Vallecano,2,2,D,16,12,7,4,2022_23,LaLiga
2022-12-29,Betis,Ath Bilbao,0,0,D,9,10,5,0,2022_23,LaLiga
2022-12-29,Ath Madrid,Elche,2,0,H,18,5,4,1,2022_23,LaLiga
2022-12-30,Getafe,Mallorca,2,0,H,14,3,6,0,2022_23,LaLiga
2022-12-30,Cadiz,Almeria,1,1,D,12,18,6,9,2022_23,LaLiga
2022-12-30,Celta,Sevilla,1,1,D,17,7,5,5,2022_23,LaLiga
2022-12-30,Valladolid,Real Madrid,0,2,A,14,19,4,8,2022_23,LaLiga
2022-12-31,Barcelona,Espanol,1,1,D,21,4,6,1,2022_23,LaLiga
2022-12-31,Sociedad,Osasuna,2,0,H,9,11,2,3,2022_23,LaLiga
2022-12-31,Villarreal,Valencia,2,1,H,14,13,8,4,2022_23,LaLiga
2023-01-06,Elche,Celta,0,1,A,13,14,5,7,2022_23,LaLiga
2023-01-06,Valencia,Cadiz,0,1,A,11,6,2,2,2022_23,LaLiga
2023-01-07,Villarreal,Real Madrid,2,1,H,17,13,5,3,2022_23,LaLiga
2023-01-07,Mallorca,Valladolid,1,0,H,13,9,4,1,2022_23,LaLiga
2023-01-07,Espanol,Girona,2,2,D,12,12,6,5,2022_23,LaLiga
2023-01-08,Almeria,Sociedad,0,2,A,6,9,1,6,2022_23,LaLiga
2023-01-08,Vallecano,Betis,1,2,A,15,14,3,3,2022_23,LaLiga
2023-01-08,Sevilla,Getafe,2,1,H,11,11,5,2,2022_23,LaLiga
2023-01-08,Ath Madrid,Barcelona,0,1,A,20,10,5,2,2022_23,LaLiga
2023-01-09,Ath Bilbao,Osasuna,0,0,D,17,3,3,1,2022_23,LaLiga
2023-01-13,Celta,Villarreal,1,1,D,21,3,8,1,2022_23,LaLiga
2023-01-14,Valladolid,Vallecano,0,1,A,9,13,2,6,2022_23,LaLiga
2023-01-14,Girona,Sevilla,2,1,H,19,10,7,2,2022_23,LaLiga
2023-01-14,Osasuna,Mallorca,1,0,H,15,6,4,2,2022_23,LaLiga
2023-01-14,Sociedad,Ath Bilbao,3,1,H,11,6,5,2,2022_23,LaLiga
2023-01-15,Getafe,Espanol,1,2,A,10,10,2,4,2022_23,LaLiga
2023-01-15,Almeria,Ath Madrid,1,1,D,14,12,3,6,2022_23,LaLiga
2023-01-16,Cadiz,Elche,1,1,D,16,12,3,5,2022_23,LaLiga
2023-01-20,Mallorca,Celta,1,0,H,8,10,3,3,2022_23,LaLiga
2023-01-21,Vallecano,Sociedad,0,2,A,14,12,2,7,2022_23,LaLiga
2023-01-21,Espanol,Betis,1,0,H,8,13,2,4,2022_23,LaLiga
2023-01-21,Ath Madrid,Valladolid,3,0,H,18,7,8,1,2022_23,LaLiga
2023-01-21,Sevilla,Cadiz,1,0,H,17,4,9,1,2022_23,LaLiga
2023-01-22,Villarreal,Girona,1,0,H,19,8,9,1,2022_23,LaLiga
2023-01-22,Elche,Osasuna,1,1,D,13,8,4,4,2022_23,LaLiga
2023-01-22,Barcelona,Getafe,1,0,H,8,7,4,3,2022_23,LaLiga
2023-01-22,Ath Bilbao,Real Madrid,0,2,A,18,10,3,4,2022_23,LaLiga
2023-01-23,Valencia,Almeria,2,2,D,16,14,6,3,2022_23,LaLiga
2023-01-27,Almeria,Espanol,3,1,H,19,6,7,3,2022_23,LaLiga
2023-01-28,Cadiz,Mallorca,2,0,H,11,9,4,2,2022_23,LaLiga
2023-01-28,Girona,Barcelona,0,1,A,8,8,2,3,2022_23,LaLiga
2023-01-28,Sevilla,Elche,3,0,H,22,6,8,1,2022_23,LaLiga
2023-01-28,Getafe,Betis,0,1,A,6,13,1,2,2022_23,LaLiga
2023-01-29,Valladolid,Valencia,1,0,H,13,15,6,2,2022_23,LaLiga
2023-01-29,Osasuna,Ath Madrid,0,1,A,14,13,4,5,2022_23,LaLiga
2023-01-29,Celta,Ath Bilbao,1,0,H,9,5,3,0,2022_23,LaLiga
2023-01-29,Real Madrid,Sociedad,0,0,D,20,8,7,3,2022_23,LaLiga
2023-01-30,Villarreal,Vallecano,0,1,A,12,11,3,3,2022_23,LaLiga
2023-02-01,Betis,Barcelona,1,2,A,5,13,1,3,2022_23,LaLiga
2023-02-02,Real Madrid,Valencia,2,0,H,19,4,7,0,2022_23,LaLiga
2023-02-03,Ath Bilbao,Cadiz,4,1,H,17,15,9,3,2022_23,LaLiga
2023-02-04,Espanol,Osasuna,1,1,D,9,9,4,3,2022_23,LaLiga
2023-02-04,Elche,Villarreal,3,1,H,18,14,7,2,2022_23,LaLiga
2023-02-04,Ath Madrid,Getafe,1,1,D,12,9,4,1,2022_23,LaLiga
2023-02-04,Betis,Celta,3,4,A,15,9,7,7,2022_23,LaLiga
2023-02-05,Mallorca,Real Madrid,1,0,H,4,20,1,1,2022_23,LaLiga
2023-02-05,Girona,Valencia,1,0,H,20,8,8,4,2022_23,LaLiga
2023-02-05,Sociedad,Valladolid,0,1,A,15,7,4,2,2022_23,LaLiga
2023-02-05,Barcelona,Sevilla,3,0,H,16,3,7,1,2022_23,LaLiga
2023-02-06,Vallecano,Almeria,2,0,H,15,14,11,5,2022_23,LaLiga
2023-02-10,Cadiz,Girona,2,0,H,12,7,3,1,2022_23,LaLiga
2023-02-11,Almeria,Betis,2,3,A,16,12,9,7,2022_23,LaLiga
2023-02-11,Sevilla,Mallorca,2,0,H,15,6,6,0,2022_23,LaLiga
2023-02-11,Valencia,Ath Bilbao,1,2,A,18,11,8,3,2022_23,LaLiga
2023-02-12,Getafe,Vallecano,1,1,D,13,19,4,4,2022_23,LaLiga
2023-02-12,Celta,Ath Madrid,0,1,A,14,10,3,2,2022_23,LaLiga
2023-02-12,Valladolid,Osasuna,0,0,D,18,15,5,4,2022_23,LaLiga
2023-02-12,Villarreal,Barcelona,0,1,A,11,7,2,4,2022_23,LaLiga
2023-02-13,Espanol,Sociedad,2,3,A,10,11,6,5,2022_23,LaLiga
2023-02-15,Real Madrid,Elche,4,0,H,26,7,13,0,2022_23,LaLiga
2023-02-17,Girona,Almeria,6,2,H,14,16,8,4,2022_23,LaLiga
2023-02-18,Sociedad,Celta,1,1,D,9,18,3,4,2022_23,LaLiga
2023-02-18,Betis,Valladolid,2,1,H,16,17,10,3,2022_23,LaLiga
2023-02-18,Mallorca,Villarreal,4,2,H,13,8,5,4,2022_23,LaLiga
2023-02-18,Osasuna,Real Madrid,0,2,A,11,11,4,6,2022_23,LaLiga
2023-02-19,Elche,Espanol,0,1,A,19,11,5,4,2022_23,LaLiga
2023-02-19,Vallecano,Sevilla,1,1,D,18,7,5,2,2022_23,LaLiga
2023-02-19,Ath Madrid,Ath Bilbao,1,0,H,17,8,5,2,2022_23,LaLiga
2023-02-19,Barcelona,Cadiz,2,0,H,16,14,5,4,2022_23,LaLiga
2023-02-20,Getafe,Valencia,1,0,H,15,8,6,3,2022_23,LaLiga
2023-02-24,Elche,Betis,2,3,A,4,21,2,9,2022_23,LaLiga
2023-02-25,Espanol,Mallorca,2,1,H,9,15,3,4,2022_23,LaLiga
2023-02-25,Cadiz,Vallecano,1,0,H,5,11,3,2,2022_23,LaLiga
2023-02-25,Real Madrid,Ath Madrid,1,1,D,18,7,7,2,2022_23,LaLiga
2023-02-25,Valencia,Sociedad,1,0,H,8,11,3,3,2022_23,LaLiga
2023-02-26,Ath Bilbao,Girona,2,3,A,17,8,3,4,2022_23,LaLiga
2023-02-26,Celta,Valladolid,3,0,H,18,6,4,3,2022_23,LaLiga
2023-02-26,Almeria,Barcelona,1,0,H,7,14,4,1,2022_23,LaLiga
2023-02-26,Sevilla,Osasuna,2,3,A,22,11,8,4,2022_23,LaLiga
2023-02-27,Villarreal,Getafe,2,1,H,11,8,5,3,2022_23,LaLiga
2023-03-03,Sociedad,Cadiz,0,0,D,15,6,3,2,2022_23,LaLiga
2023-03-04,Getafe,Girona,3,2,H,10,9,6,7,2022_23,LaLiga
2023-03-04,Almeria,Villarreal,0,2,A,6,16,0,6,2022_23,LaLiga
2023-03-04,Mallorca,Elche,0,1,A,14,15,3,6,2022_23,LaLiga
2023-03-04,Ath Madrid,Sevilla,6,1,H,18,8,8,1,2022_23,LaLiga
2023-03-05,Valladolid,Espanol,2,1,H,15,12,5,2,2022_23,LaLiga
2023-03-05,Barcelona,Valencia,1,0,H,13,13,4,1,2022_23,LaLiga
2023-03-05,Vallecano,Ath Bilbao,0,0,D,18,16,2,3,2022_23,LaLiga
2023-03-05,Betis,Real Madrid,0,0,D,8,15,4,5,2022_23,LaLiga
2023-03-06,Osasuna,Celta,0,0,D,10,6,5,0,2022_23,LaLiga
2023-03-10,Cadiz,Getafe,2,2,D,11,16,4,10,2022_23,LaLiga
2023-03-11,Real Madrid,Espanol,3,1,H,22,10,7,3,2022_23,LaLiga
2023-03-11,Elche,Valladolid,1,1,D,24,5,10,1,2022_23,LaLiga
2023-03-11,Celta,Vallecano,3,0,H,15,12,6,3,2022_23,LaLiga
2023-03-11,Valencia,Osasuna,1,0,H,8,7,4,0,2022_23,LaLiga
2023-03-12,Mallorca,Sociedad,1,1,D,8,8,2,2,2022_23,LaLiga
2023-03-12,Sevilla,Almeria,2,1,H,27,13,5,5,2022_23,LaLiga
2023-03-12,Villarreal,Betis,1,1,D,15,6,4,3,2022_23,LaLiga
2023-03-12,Ath Bilbao,Barcelona,0,1,A,15,10,5,2,2022_23,LaLiga
2023-03-13,Girona,Ath Madrid,0,1,A,6,14,4,4,2022_23,LaLiga
2023-03-17,Valladolid,Ath Bilbao,1,3,A,15,15,3,6,2022_23,LaLiga
2023-03-18,Almeria,Cadiz,1,1,D,17,10,5,4,2022_23,LaLiga
2023-03-18,Vallecano,Girona,2,2,D,15,12,3,4,2022_23,LaLiga
2023-03-18,Espanol,Celta,1,3,A,11,8,3,4,2022_23,LaLiga
2023-03-18,Ath Madrid,Valencia,3,0,H,14,9,6,1,2022_23,LaLiga
2023-03-19,Betis,Mallorca,1,0,H,10,5,3,1,2022_23,LaLiga
2023-03-19,Osasuna,Villarreal,0,3,A,10,12,2,6,2022_23,LaLiga
2023-03-19,Sociedad,Elche,2,0,H,17,4,4,3,2022_23,LaLiga
2023-03-19,Getafe,Sevilla,2,0,H,15,11,4,4,2022_23,LaLiga
2023-03-19,Barcelona,Real Madrid,2,1,H,17,11,7,3,2022_23,LaLiga
2023-03-31,Mallorca,Osasuna,0,0,D,10,11,1,2,2022_23,LaLiga
2023-04-01,Girona,Espanol,2,1,H,14,5,4,1,2022_23,LaLiga
2023-04-01,Ath Bilbao,Getafe,0,0,D,17,9,3,1,2022_23,LaLiga
2023-04-01,Cadiz,Sevilla,0,2,A,14,11,3,5,2022_23,LaLiga
2023-04-01,Elche,Barcelona,0,4,A,15,12,2,6,2022_23,LaLiga
2023-04-02,Celta,Almeria,2,2,D,21,8,5,3,2022_23,LaLiga
2023-04-02,Real Madrid,Valladolid,6,0,H,30,12,17,2,2022_23,LaLiga
2023-04-02,Villarreal,Sociedad,2,0,H,16,16,4,3,2022_23,LaLiga
2023-04-02,Ath Madrid,Betis,1,0,H,13,6,7,2,2022_23,LaLiga
2023-04-03,Valencia,Vallecano,1,1,D,18,7,4,2,2022_23,LaLiga
2023-04-07,Sevilla,Celta,2,2,D,7,9,2,4,2022_23,LaLiga
2023-04-08,Osasuna,Elche,2,1,H,22,7,6,1,2022_23,LaLiga
2023-04-08,Espanol,Ath Bilbao,1,2,A,9,12,2,7,2022_23,LaLiga
2023-04-08,Sociedad,Getafe,2,0,H,11,6,6,4,2022_23,LaLiga
2023-04-08,Real Madrid,Villarreal,2,3,A,18,17,4,8,2022_23,LaLiga
2023-04-09,Valladolid,Mallorca,3,3,D,10,14,6,6,2022_23,LaLiga
2023-04-09,Betis,Cadiz,0,2,A,9,15,3,4,2022_23,LaLiga
2023-04-09,Almeria,Valencia,2,1,H,10,11,4,4,2022_23,LaLiga
2023-04-09,Vallecano,Ath Madrid,1,2,A,15,14,3,4,2022_23,LaLiga
2023-04-10,Barcelona,Girona,0,0,D,18,5,3,0,2022_23,LaLiga
2023-04-14,Vallecano,Osasuna,2,1,H,12,8,3,4,2022_23,LaLiga
2023-04-15,Villarreal,Valladolid,1,2,A,22,14,7,7,2022_23,LaLiga
2023-04-15,Ath Bilbao,Sociedad,2,0,H,13,13,5,4,2022_23,LaLiga
2023-04-15,Betis,Espanol,3,1,H,15,13,8,4,2022_23,LaLiga
2023-04-15,Cadiz,Real Madrid,0,2,A,12,35,3,11,2022_23,LaLiga
2023-04-16,Girona,Elche,2,0,H,14,13,4,5,2022_23,LaLiga
2023-04-16,Getafe,Barcelona,0,0,D,5,15,1,3,2022_23,LaLiga
2023-04-16,Ath Madrid,Almeria,2,1,H,19,2,7,0,2022_23,LaLiga
2023-04-16,Valencia,Sevilla,0,2,A,13,6,3,3,2022_23,LaLiga
2023-04-17,Celta,Mallorca,0,1,A,12,8,3,2,2022_23,LaLiga
2023-04-21,Espanol,Cadiz,0,0,D,14,11,5,2,2022_23,LaLiga
2023-04-22,Osasuna,Betis,3,2,H,10,21,5,6,2022_23,LaLiga
2023-04-22,Almeria,Ath Bilbao,1,2,A,12,14,4,3,2022_23,LaLiga
2023-04-22,Sociedad,Vallecano,2,1,H,7,7,1,2,2022_23,LaLiga
2023-04-22,Valladolid,Girona,1,0,H,15,12,6,6,2022_23,LaLiga
2023-04-22,Real Madrid,Celta,2,0,H,17,12,5,2,2022_23,LaLiga
2023-04-23,Elche,Valencia,0,2,A,7,5,1,3,2022_23,LaLiga
2023-04-23,Barcelona,Ath Madrid,1,0,H,13,13,4,3,2022_23,LaLiga
2023-04-23,Mallorca,Getafe,3,1,H,8,3,4,1,2022_23,LaLiga
2023-04-23,Sevilla,Villarreal,2,1,H,17,17,4,5,2022_23,LaLiga
2023-04-25,Cadiz,Osasuna,0,1,A,20,6,4,4,2022_23,LaLiga
2023-04-25,Girona,Real Madrid,4,2,H,13,18,5,3,2022_23,LaLiga
2023-04-25,Betis,Sociedad,0,0,D,10,10,1,3,2022_23,LaLiga
2023-04-26,Ath Madrid,Mallorca,3,1,H,24,6,9,2,2022_23,LaLiga
2023-04-26,Getafe,Almeria,1,2,A,21,23,9,11,2022_23,LaLiga
2023-04-26,Celta,Elche,1,0,H,17,16,9,1,2022_23,LaLiga
2023-04-26,Vallecano,Barcelona,2,1,H,9,10,6,5,2022_23,LaLiga
2023-04-27,Valencia,Valladolid,2,1,H,18,8,5,2,2022_23,LaLiga
2023-04-27,Villarreal,Espanol,4,2,H,31,13,13,4,2022_23,LaLiga
2023-04-27,Ath Bilbao,Sevilla,0,1,A,7,4,2,1,2022_23,LaLiga
2023-04-28,Osasuna,Sociedad,0,2,A,13,12,1,8,2022_23,LaLiga
2023-04-29,Elche,Vallecano,4,0,H,18,14,9,3,2022_23,LaLiga
2023-04-29,Real Madrid,Almeria,4,2,H,15,9,12,3,2022_23,LaLiga
2023-04-29,Barcelona,Betis,4,0,H,15,4,8,1,2022_23,LaLiga
2023-04-30,Cadiz,Valencia,2,1,H,8,16,4,4,2022_23,LaLiga
2023-04-30,Villarreal,Celta,3,1,H,9,14,3,5,2022_23,LaLiga
2023-04-30,Espanol,Getafe,1,0,H,17,7,8,2,2022_23,LaLiga
2023-04-30,Valladolid,Ath Madrid,2,5,A,19,9,6,6,2022_23,LaLiga
2023-05-01,Mallorca,Ath Bilbao,1,1,D,9,16,2,6,2022_23,LaLiga
2023-05-01,Sevilla,Girona,0,2,A,23,9,5,3,2022_23,LaLiga
2023-05-02,Almeria,Elche,2,1,H,10,14,4,1,2022_23,LaLiga
2023-05-02,Barcelona,Osasuna,1,0,H,21,7,4,2,2022_23,LaLiga
2023-05-02,Sociedad,Real Madrid,2,0,H,9,10,4,5,2022_23,LaLiga
2023-05-03,Valencia,Villarreal,1,1,D,8,11,1,4,2022_23,LaLiga
2023-05-03,Ath Madrid,Cadiz,5,1,H,18,2,8,1,2022_23,LaLiga
2023-05-03,Getafe,Celta,1,0,H,14,7,4,1,2022_23,LaLiga
2023-05-04,Girona,Mallorca,2,1,H,17,8,7,2,2022_23,LaLiga
2023-05-04,Sevilla,Espanol,3,2,H,18,7,6,3,2022_23,LaLiga
2023-05-04,Ath Bilbao,Betis,0,1,A,21,12,6,2,2022_23,LaLiga
2023-05-04,Vallecano,Valladolid,2,1,H,16,7,6,4,2022_23,LaLiga
2023-05-12,Mallorca,Cadiz,1,0,H,8,14,3,4,2022_23,LaLiga
2023-05-13,Sociedad,Girona,2,2,D,18,13,6,6,2022_23,LaLiga
2023-05-13,Osasuna,Almeria,3,1,H,18,8,7,3,2022_23,LaLiga
2023-05-13,Villarreal,Ath Bilbao,5,1,H,17,11,11,5,2022_23,LaLiga
2023-05-13,Real Madrid,Getafe,1,0,H,16,9,3,2,2022_23,LaLiga
2023-05-14,Celta,Valencia,1,2,A,10,12,6,5,2022_23,LaLiga
2023-05-14,Elche,Ath Madrid,1,0,H,15,13,4,4,2022_23,LaLiga
2023-05-14,Valladolid,Sevilla,0,3,A,28,17,6,5,2022_23,LaLiga
2023-05-14,Espanol,Barcelona,2,4,A,15,15,7,5,2022_23,LaLiga
2023-05-15,Betis,Vallecano,3,1,H,11,16,5,4,2022_23,LaLiga
2023-05-19,Cadiz,Valladolid,2,0,H,11,6,4,2,2022_23,LaLiga
2023-05-20,Girona,Villarreal,1,2,A,9,10,3,5,2022_23,LaLiga
2023-05-20,Ath Bilbao,Celta,2,1,H,10,8,3,3,2022_23,LaLiga
2023-05-20,Almeria,Mallorca,3,0,H,12,7,3,3,2022_23,LaLiga
2023-05-20,Getafe,Elche,1,1,D,9,13,5,4,2022_23,LaLiga
2023-05-20,Barcelona,Sociedad,1,2,A,13,13,4,6,2022_23,LaLiga
2023-05-21,Vallecano,Espanol,1,2,A,15,10,5,6,2022_23,LaLiga
2023-05-21,Ath Madrid,Osasuna,3,0,H,15,12,5,2,2022_23,LaLiga
2023-05-21,Valencia,Real Madrid,1,0,H,12,13,6,5,2022_23,LaLiga
2023-05-21,Sevilla,Betis,0,0,D,10,5,4,0,2022_23,LaLiga
2023-05-23,Celta,Girona,1,1,D,16,11,7,4,2022_23,LaLiga
2023-05-23,Sociedad,Almeria,1,0,H,15,2,2,2,2022_23,LaLiga
2023-05-23,Valladolid,Barcelona,3,1,H,8,16,4,6,2022_23,LaLiga
2023-05-24,Elche,Sevilla,1,1,D,20,9,7,3,2022_23,LaLiga
2023-05-24,Real Madrid,Vallecano,2,1,H,12,15,3,6,2022_23,LaLiga
2023-05-24,Villarreal,Cadiz,2,0,H,13,16,7,8,2022_23,LaLiga
2023-05-24,Betis,Getafe,0,1,A,11,9,4,2,2022_23,LaLiga
2023-05-24,Espanol,Ath Madrid,3,3,D,26,16,13,7,2022_23,LaLiga
2023-05-25,Mallorca,Valencia,1,0,H,4,15,3,5,2022_23,LaLiga
2023-05-25,Osasuna,Ath Bilbao,2,0,H,9,10,3,5,2022_23,LaLiga
2023-05-27,Sevilla,Real Madrid,1,2,A,11,6,1,3,2022_23,LaLiga
2023-05-28,Almeria,Valladolid,0,0,D,23,8,7,2,2022_23,LaLiga
2023-05-28,Ath Bilbao,Elche,0,1,A,27,6,8,2,2022_23,LaLiga
2023-05-28,Ath Madrid,Sociedad,2,1,H,11,10,5,5,2022_23,LaLiga
2023-05-28,Barcelona,Mallorca,3,0,H,28,3,9,1,2022_23,LaLiga
2023-05-28,Cadiz,Celta,1,0,H,13,9,3,4,2022_23,LaLiga
2023-05-28,Getafe,Osasuna,2,1,H,16,10,6,2,2022_23,LaLiga
2023-05-28,Girona,Betis,1,2,A,9,18,3,7,2022_23,LaLiga
2023-05-28,Valencia,Espanol,2,2,D,19,9,4,5,2022_23,LaLiga
2023-05-28,Vallecano,Villarreal,2,1,H,15,7,4,2,2022_23,LaLiga
2023-06-04,Mallorca,Vallecano,3,0,H,8,20,4,4,2022_23,LaLiga
2023-06-04,Osasuna,Girona,2,1,H,14,11,7,6,2022_23,LaLiga
2023-06-04,Real Madrid,Ath Bilbao,1,1,D,9,15,2,9,2022_23,LaLiga
2023-06-04,Sociedad,Sevilla,2,1,H,17,9,6,4,2022_23,LaLiga
2023-06-04,Villarreal,Ath Madrid,2,2,D,22,9,7,3,2022_23,LaLiga
2023-06-04,Betis,Valencia,1,1,D,8,10,3,3,2022_23,LaLiga
2023-06-04,Celta,Barcelona,2,1,H,12,9,9,2,2022_23,LaLiga
2023-06-04,Elche,Cadiz,1,1,D,12,14,5,3,2022_23,LaLiga
2023-06-04,Espanol,Almeria,3,3,D,12,11,8,4,2022_23,LaLiga
2023-06-04,Valladolid,Getafe,0,0,D,15,4,0,1,2022_23,LaLiga
2023-08-11,Almeria,Vallecano,0,2,A,19,10,5,4,2023_24,LaLiga
2023-08-11,Sevilla,Valencia,1,2,A,9,10,3,3,2023_24,LaLiga
2023-08-12,Sociedad,Girona,1,1,D,15,6,2,1,2023_24,LaLiga
2023-08-12,Las Palmas,Mallorca,1,1,D,5,12,2,2,2023_24,LaLiga
2023-08-12,Ath Bilbao,Real Madrid,0,2,A,7,14,1,8,2023_24,LaLiga
2023-08-13,Celta,Osasuna,0,2,A,11,11,1,5,2023_24,LaLiga
2023-08-13,Villarreal,Betis,1,2,A,18,12,5,5,2023_24,LaLiga
2023-08-13,Getafe,Barcelona,0,0,D,5,14,2,4,2023_24,LaLiga
2023-08-14,Cadiz,Alaves,1,0,H,12,10,3,2,2023_24,LaLiga
2023-08-14,Ath Madrid,Granada,3,1,H,14,7,6,4,2023_24,LaLiga
2023-08-18,Mallorca,Villarreal,0,1,A,8,15,1,3,2023_24,LaLiga
2023-08-18,Valencia,Las Palmas,1,0,H,9,7,4,1,2023_24,LaLiga
2023-08-19,Sociedad,Celta,1,1,D,11,17,2,6,2023_24,LaLiga
2023-08-19,Almeria,Real Madrid,1,3,A,20,24,8,9,2023_24,LaLiga
2023-08-19,Osasuna,Ath Bilbao,0,2,A,18,8,7,2,2023_24,LaLiga
2023-08-20,Girona,Getafe,3,0,H,7,9,6,2,2023_24,LaLiga
2023-08-20,Barcelona,Cadiz,2,0,H,23,10,10,1,2023_24,LaLiga
2023-08-20,Betis,Ath Madrid,0,0,D,14,5,0,1,2023_24,LaLiga
2023-08-21,Alaves,Sevilla,4,3,H,14,12,7,2,2023_24,LaLiga
2023-08-21,Granada,Vallecano,0,2,A,14,17,7,9,2023_24,LaLiga
2023-08-25,Las Palmas,Sociedad,0,0,D,11,8,5,1,2023_24,LaLiga
2023-08-25,Celta,Real Madrid,0,1,A,13,10,4,3,2023_24,LaLiga
2023-08-26,Cadiz,Almeria,1,1,D,11,5,3,2,2023_24,LaLiga
2023-08-26,Granada,Mallorca,3,2,H,10,10,4,5,2023_24,LaLiga
2023-08-26,Sevilla,Girona,1,2,A,21,8,4,3,2023_24,LaLiga
2023-08-27,Villarreal,Barcelona,3,4,A,13,21,6,11,2023_24,LaLiga
2023-08-27,Valencia,Osasuna,1,2,A,16,7,4,2,2023_24,LaLiga
2023-08-27,Ath Bilbao,Betis,4,2,H,14,7,6,3,2023_24,LaLiga
2023-08-28,Getafe,Alaves,1,0,H,15,16,4,2,2023_24,LaLiga
2023-08-28,Vallecano,Ath Madrid,0,7,A,12,17,3,10,2023_24,LaLiga
2023-09-01,Cadiz,Villarreal,3,1,H,18,7,4,3,2023_24,LaLiga
2023-09-01,Almeria,Celta,2,3,A,16,14,5,8,2023_24,LaLiga
2023-09-02,Sociedad,Granada,5,3,H,15,8,6,5,2023_24,LaLiga
2023-09-02,Real Madrid,Getafe,2,1,H,26,6,12,2,2023_24,LaLiga
2023-09-02,Alaves,Valencia,1,0,H,7,9,1,4,2023_24,LaLiga
2023-09-02,Betis,Vallecano,1,0,H,14,15,5,6,2023_24,LaLiga
2023-09-03,Girona,Las Palmas,1,0,H,11,10,6,5,2023_24,LaLiga
2023-09-03,Mallorca,Ath Bilbao,0,0,D,8,11,2,3,2023_24,LaLiga
2023-09-03,Osasuna,Barcelona,1,2,A,11,9,3,4,2023_24,LaLiga
2023-09-15,Vallecano,Alaves,2,0,H,20,9,11,1,2023_24,LaLiga
2023-09-16,Ath Bilbao,Cadiz,3,0,H,20,5,9,4,2023_24,LaLiga
2023-09-16,Valencia,Ath Madrid,3,0,H,12,11,8,3,2023_24,LaLiga
2023-09-16,Celta,Mallorca,0,1,A,16,7,4,4,2023_24,LaLiga
2023-09-16,Barcelona,Betis,5,0,H,17,11,9,2,2023_24,LaLiga
2023-09-17,Getafe,Osasuna,3,2,H,11,8,6,3,2023_24,LaLiga
2023-09-17,Villarreal,Almeria,2,1,H,10,17,4,7,2023_24,LaLiga
2023-09-17,Sevilla,Las Palmas,1,0,H,26,12,9,2,2023_24,LaLiga
2023-09-17,Real Madrid,Sociedad,2,1,H,17,15,8,5,2023_24,LaLiga
2023-09-18,Granada,Girona,2,4,A,12,13,5,7,2023_24,LaLiga
2023-09-22,Alaves,Ath Bilbao,0,2,A,15,11,5,3,2023_24,LaLiga
2023-09-23,Girona,Mallorca,5,3,H,23,15,10,5,2023_24,LaLiga
2023-09-23,Osasuna,Sevilla,0,0,D,16,15,2,3,2023_24,LaLiga
2023-09-23,Barcelona,Celta,3,2,H,15,13,6,7,2023_24,LaLiga
2023-09-23,Almeria,Valencia,2,2,D,17,7,10,5,2023_24,LaLiga
2023-09-24,Sociedad,Getafe,4,3,H,10,10,6,7,2023_24,LaLiga
2023-09-24,Vallecano,Villarreal,1,1,D,11,13,6,6,2023_24,LaLiga
2023-09-24,Betis,Cadiz,1,1,D,21,5,7,1,2023_24,LaLiga
2023-09-24,Las Palmas,Granada,1,0,H,10,2,3,1,2023_24,LaLiga
2023-09-24,Ath Madrid,Real Madrid,3,1,H,10,20,4,5,2023_24,LaLiga
2023-09-26,Sevilla,Almeria,5,1,H,18,10,9,1,2023_24,LaLiga
2023-09-26,Mallorca,Barcelona,2,2,D,10,10,5,4,2023_24,LaLiga
2023-09-27,Ath Bilbao,Getafe,2,2,D,9,13,4,5,2023_24,LaLiga
2023-09-27,Real Madrid,Las Palmas,2,0,H,21,16,9,2,2023_24,LaLiga
2023-09-27,Villarreal,Girona,1,2,A,14,17,3,5,2023_24,LaLiga
2023-09-27,Cadiz,Vallecano,0,0,D,9,9,2,4,2023_24,LaLiga
2023-09-27,Valencia,Sociedad,0,1,A,9,2,2,1,2023_24,LaLiga
2023-09-28,Celta,Alaves,1,1,D,8,21,0,11,2023_24,LaLiga
2023-09-28,Granada,Betis,1,1,D,19,13,7,3,2023_24,LaLiga
2023-09-28,Osasuna,Ath Madrid,0,2,A,13,4,2,3,2023_24,LaLiga
2023-09-29,Barcelona,Sevilla,1,0,H,18,12,5,3,2023_24,LaLiga
2023-09-30,Getafe,Villarreal,0,0,D,22,3,9,0,2023_24,LaLiga
2023-09-30,Vallecano,Mallorca,2,2,D,19,9,5,4,2023_24,LaLiga
2023-09-30,Girona,Real Madrid,0,3,A,13,14,3,7,2023_24,LaLiga
2023-09-30,Sociedad,Ath Bilbao,3,0,H,8,18,5,3,2023_24,LaLiga
2023-10-01,Almeria,Granada,3,3,D,17,19,5,4,2023_24,LaLiga
2023-10-01,Alaves,Osasuna,0,2,A,17,10,3,3,2023_24,LaLiga
2023-10-01,Ath Madrid,Cadiz,3,2,H,18,8,9,4,2023_24,LaLiga
2023-10-01,Betis,Valencia,3,0,H,15,9,7,2,2023_24,LaLiga
2023-10-02,Las Palmas,Celta,2,1,H,16,11,5,3,2023_24,LaLiga
2023-10-06,Ath Bilbao,Almeria,3,0,H,23,4,9,1,2023_24,LaLiga
2023-10-07,Cadiz,Girona,0,1,A,8,20,2,5,2023_24,LaLiga
2023-10-07,Real Madrid,Osasuna,4,0,H,19,7,9,1,2023_24,LaLiga
2023-10-07,Mallorca,Valencia,1,1,D,9,11,5,3,2023_24,LaLiga
2023-10-07,Sevilla,Vallecano,2,2,D,22,7,6,4,2023_24,LaLiga
2023-10-08,Villarreal,Las Palmas,1,2,A,9,8,4,5,2023_24,LaLiga
2023-10-08,Ath Madrid,Sociedad,2,1,H,14,13,5,4,2023_24,LaLiga
2023-10-08,Alaves,Betis,1,1,D,15,6,5,2,2023_24,LaLiga
2023-10-08,Celta,Getafe,2,2,D,26,3,11,2,2023_24,LaLiga
2023-10-08,Granada,Barcelona,2,2,D,7,22,2,10,2023_24,LaLiga
2023-10-20,Osasuna,Granada,2,0,H,12,13,6,3,2023_24,LaLiga
2023-10-21,Sociedad,Mallorca,1,0,H,14,18,6,7,2023_24,LaLiga
2023-10-21,Getafe,Betis,1,1,D,14,13,4,3,2023_24,LaLiga
2023-10-21,Sevilla,Real Madrid,1,1,D,17,14,7,5,2023_24,LaLiga
2023-10-21,Celta,Ath Madrid,0,3,A,16,12,3,7,2023_24,LaLiga
2023-10-22,Las Palmas,Vallecano,0,1,A,12,12,6,4,2023_24,LaLiga
2023-10-22,Girona,Almeria,5,2,H,19,9,8,5,2023_24,LaLiga
2023-10-22,Villarreal,Alaves,1,1,D,12,16,3,7,2023_24,LaLiga
2023-10-22,Barcelona,Ath Bilbao,1,0,H,12,10,7,3,2023_24,LaLiga
2023-10-23,Valencia,Cadiz,2,0,H,12,5,4,4,2023_24,LaLiga
2023-10-27,Girona,Celta,1,0,H,12,4,2,2,2023_24,LaLiga
2023-10-28,Almeria,Las Palmas,1,2,A,10,10,4,3,2023_24,LaLiga
2023-10-28,Barcelona,Real Madrid,1,2,A,15,13,3,4,2023_24,LaLiga
2023-10-28,Mallorca,Getafe,0,0,D,15,8,4,0,2023_24,LaLiga
2023-10-28,Cadiz,Sevilla,2,2,D,10,20,5,10,2023_24,LaLiga
2023-10-29,Betis,Osasuna,2,1,H,9,7,2,1,2023_24,LaLiga
2023-10-29,Vallecano,Sociedad,2,2,D,16,15,7,3,2023_24,LaLiga
2023-10-29,Ath Bilbao,Valencia,2,2,D,12,11,7,5,2023_24,LaLiga
2023-10-29,Ath Madrid,Alaves,2,1,H,11,8,7,1,2023_24,LaLiga
2023-10-30,Granada,Villarreal,2,3,A,18,6,8,5,2023_24,LaLiga
2023-11-03,Las Palmas,Ath Madrid,2,1,H,9,13,3,5,2023_24,LaLiga
2023-11-04,Osasuna,Girona,2,4,A,15,11,3,4,2023_24,LaLiga
2023-11-04,Betis,Mallorca,2,0,H,22,8,3,1,2023_24,LaLiga
2023-11-04,Celta,Sevilla,1,1,D,15,13,3,5,2023_24,LaLiga
2023-11-04,Sociedad,Barcelona,0,1,A,13,12,6,4,2023_24,LaLiga
2023-11-05,Alaves,Almeria,1,0,H,23,9,3,3,2023_24,LaLiga
2023-11-05,Valencia,Granada,1,0,H,11,6,2,1,2023_24,LaLiga
2023-11-05,Villarreal,Ath Bilbao,2,3,A,17,17,6,7,2023_24,LaLiga
2023-11-05,Real Madrid,Vallecano,0,0,D,22,4,5,0,2023_24,LaLiga
2023-11-06,Getafe,Cadiz,1,0,H,13,6,3,2,2023_24,LaLiga
2023-11-10,Ath Bilbao,Celta,4,3,H,21,13,12,5,2023_24,LaLiga
2023-11-11,Vallecano,Girona,1,2,A,22,19,9,7,2023_24,LaLiga
2023-11-11,Almeria,Sociedad,1,3,A,7,18,2,6,2023_24,LaLiga
2023-11-11,Granada,Getafe,1,1,D,12,10,6,6,2023_24,LaLiga
2023-11-11,Osasuna,Las Palmas,1,1,D,11,6,3,1,2023_24,LaLiga
2023-11-11,Real Madrid,Valencia,5,1,H,16,10,7,4,2023_24,LaLiga
2023-11-12,Barcelona,Alaves,2,1,H,11,8,6,1,2023_24,LaLiga
2023-11-12,Sevilla,Betis,1,1,D,13,14,4,6,2023_24,LaLiga
2023-11-12,Ath Madrid,Villarreal,3,1,H,25,11,10,7,2023_24,LaLiga
2023-11-24,Alaves,Granada,3,1,H,8,11,5,4,2023_24,LaLiga
2023-11-25,Vallecano,Barcelona,1,1,D,10,15,4,4,2023_24,LaLiga
2023-11-25,Valencia,Celta,0,0,D,8,13,0,1,2023_24,LaLiga
2023-11-25,Getafe,Almeria,2,1,H,18,13,5,4,2023_24,LaLiga
2023-11-25,Ath Madrid,Mallorca,1,0,H,20,8,3,1,2023_24,LaLiga
2023-11-26,Villarreal,Osasuna,3,1,H,10,15,3,7,2023_24,LaLiga
2023-11-26,Sociedad,Sevilla,2,1,H,11,8,8,2,2023_24,LaLiga
2023-11-26,Cadiz,Real Madrid,0,3,A,13,14,4,5,2023_24,LaLiga
2023-11-26,Betis,Las Palmas,1,0,H,12,15,6,4,2023_24,LaLiga
2023-11-27,Girona,Ath Bilbao,1,1,D,12,13,2,6,2023_24,LaLiga
2023-11-29,Mallorca,Cadiz,1,1,D,16,6,3,3,2023_24,LaLiga
2023-12-01,Las Palmas,Getafe,2,0,H,11,12,6,4,2023_24,LaLiga
2023-12-02,Girona,Valencia,2,1,H,9,9,5,3,2023_24,LaLiga
2023-12-02,Ath Bilbao,Vallecano,4,0,H,9,11,4,3,2023_24,LaLiga
2023-12-02,Real Madrid,Granada,2,0,H,11,1,4,0,2023_24,LaLiga
2023-12-02,Osasuna,Sociedad,1,1,D,9,17,3,5,2023_24,LaLiga
2023-12-03,Mallorca,Alaves,0,0,D,7,7,3,4,2023_24,LaLiga
2023-12-03,Almeria,Betis,0,0,D,20,6,8,2,2023_24,LaLiga
2023-12-03,Sevilla,Villarreal,1,1,D,18,5,4,4,2023_24,LaLiga
2023-12-03,Barcelona,Ath Madrid,1,0,H,13,9,2,4,2023_24,LaLiga
2023-12-04,Celta,Cadiz,1,1,D,26,2,7,1,2023_24,LaLiga
2023-12-08,Getafe,Valencia,1,0,H,8,3,6,0,2023_24,LaLiga
2023-12-09,Alaves,Las Palmas,0,1,A,19,9,5,2,2023_24,LaLiga
2023-12-09,Betis,Real Madrid,1,1,D,14,12,6,2,2023_24,LaLiga
2023-12-09,Villarreal,Sociedad,0,3,A,20,16,4,5,2023_24,LaLiga
2023-12-09,Mallorca,Sevilla,1,0,H,6,19,3,5,2023_24,LaLiga
2023-12-10,Ath Madrid,Almeria,2,1,H,13,19,4,5,2023_24,LaLiga
2023-12-10,Cadiz,Osasuna,1,1,D,12,13,5,5,2023_24,LaLiga
2023-12-10,Barcelona,Girona,2,4,A,31,15,11,7,2023_24,LaLiga
2023-12-11,Granada,Ath Bilbao,1,1,D,7,19,4,4,2023_24,LaLiga
2023-12-11,Vallecano,Celta,0,0,D,17,4,4,2,2023_24,LaLiga
2023-12-15,Osasuna,Vallecano,1,0,H,10,9,4,3,2023_24,LaLiga
2023-12-16,Celta,Granada,1,0,H,11,7,4,2,2023_24,LaLiga
2023-12-16,Ath Bilbao,Ath Madrid,2,0,H,16,7,7,3,2023_24,LaLiga
2023-12-16,Sevilla,Getafe,0,3,A,12,14,4,7,2023_24,LaLiga
2023-12-16,Valencia,Barcelona,1,1,D,11,16,4,8,2023_24,LaLiga
2023-12-17,Almeria,Mallorca,0,0,D,7,20,1,2,2023_24,LaLiga
2023-12-17,Sociedad,Betis,0,0,D,12,12,4,3,2023_24,LaLiga
2023-12-17,Las Palmas,Cadiz,1,1,D,7,13,2,5,2023_24,LaLiga
2023-12-17,Real Madrid,Villarreal,4,1,H,22,3,9,1,2023_24,LaLiga
2023-12-18,Girona,Alaves,3,0,H,9,12,4,2,2023_24,LaLiga
2023-12-19,Vallecano,Valencia,0,1,A,7,8,1,3,2023_24,LaLiga
2023-12-19,Ath Madrid,Getafe,3,3,D,8,29,4,9,2023_24,LaLiga
2023-12-19,Granada,Sevilla,0,3,A,12,12,3,5,2023_24,LaLiga
2023-12-20,Barcelona,Almeria,3,2,H,30,10,11,5,2023_24,LaLiga
2023-12-20,Ath Bilbao,Las Palmas,1,0,H,19,5,10,1,2023_24,LaLiga
2023-12-20,Villarreal,Celta,3,2,H,12,15,8,5,2023_24,LaLiga
2023-12-21,Betis,Girona,1,1,D,21,12,4,4,2023_24,LaLiga
2023-12-21,Cadiz,Sociedad,0,0,D,10,8,2,1,2023_24,LaLiga
2023-12-21,Alaves,Real Madrid,0,1,A,8,9,2,4,2023_24,LaLiga
2023-12-21,Mallorca,Osasuna,3,2,H,15,12,8,7,2023_24,LaLiga
2023-12-23,Ath Madrid,Sevilla,1,0,H,12,8,4,2,2023_24,LaLiga
2024-01-02,Getafe,Vallecano,0,2,A,5,12,0,8,2023_24,LaLiga
2024-01-02,Sociedad,Alaves,1,1,D,16,7,6,2,2023_24,LaLiga
2024-01-02,Valencia,Villarreal,3,1,H,11,8,8,4,2023_24,LaLiga
2024-01-03,Granada,Cadiz,2,0,H,15,15,8,2,2023_24,LaLiga
2024-01-03,Celta,Betis,2,1,H,19,14,6,3,2023_24,LaLiga
2024-01-03,Real Madrid,Mallorca,1,0,H,17,7,5,0,2023_24,LaLiga
2024-01-03,Girona,Ath Madrid,4,3,H,17,18,9,12,2023_24,LaLiga
2024-01-04,Osasuna,Almeria,1,0,H,14,4,2,0,2023_24,LaLiga
2024-01-04,Sevilla,Ath Bilbao,0,2,A,11,15,2,6,2023_24,LaLiga
2024-01-04,Las Palmas,Barcelona,1,2,A,12,15,3,5,2023_24,LaLiga
2024-01-12,Sevilla,Alaves,2,3,A,19,16,4,8,2023_24,LaLiga
2024-01-13,Las Palmas,Villarreal,3,0,H,8,17,3,3,2023_24,LaLiga
2024-01-13,Mallorca,Celta,1,1,D,17,6,6,2,2023_24,LaLiga
2024-01-13,Ath Bilbao,Sociedad,2,1,H,10,9,3,1,2023_24,LaLiga
2024-01-13,Betis,Granada,1,0,H,25,6,6,2,2023_24,LaLiga
2024-01-14,Almeria,Girona,0,0,D,20,5,3,1,2023_24,LaLiga
2024-01-14,Cadiz,Valencia,1,4,A,10,9,2,5,2023_24,LaLiga
2024-01-19,Alaves,Cadiz,1,0,H,13,9,3,1,2023_24,LaLiga
2024-01-20,Vallecano,Las Palmas,0,2,A,16,10,3,5,2023_24,LaLiga
2024-01-20,Villarreal,Mallorca,1,1,D,18,8,5,2,2023_24,LaLiga
2024-01-20,Valencia,Ath Bilbao,1,0,H,6,6,1,3,2023_24,LaLiga
2024-01-20,Celta,Sociedad,0,1,A,6,6,2,2,2023_24,LaLiga
2024-01-21,Osasuna,Getafe,3,2,H,13,10,7,7,2023_24,LaLiga
2024-01-21,Real Madrid,Almeria,3,2,H,18,10,6,2,2023_24,LaLiga
2024-01-21,Betis,Barcelona,2,4,A,14,11,5,4,2023_24,LaLiga
2024-01-21,Girona,Sevilla,5,1,H,12,9,8,3,2023_24,LaLiga
2024-01-22,Granada,Ath Madrid,0,1,A,17,10,2,5,2023_24,LaLiga
2024-01-26,Almeria,Alaves,0,3,A,19,11,7,3,2023_24,LaLiga
2024-01-27,Sociedad,Vallecano,0,0,D,6,5,3,0,2023_24,LaLiga
2024-01-27,Las Palmas,Real Madrid,1,2,A,7,13,2,5,2023_24,LaLiga
2024-01-27,Barcelona,Villarreal,3,5,A,22,9,10,6,2023_24,LaLiga
2024-01-27,Mallorca,Betis,0,1,A,14,8,1,2,2023_24,LaLiga
2024-01-28,Celta,Girona,0,1,A,10,15,5,6,2023_24,LaLiga
2024-01-28,Cadiz,Ath Bilbao,0,0,D,9,8,2,0,2023_24,LaLiga
2024-01-28,Sevilla,Osasuna,1,1,D,10,11,5,4,2023_24,LaLiga
2024-01-28,Ath Madrid,Valencia,2,0,H,12,10,8,3,2023_24,LaLiga
2024-01-29,Getafe,Granada,2,0,H,7,16,4,3,2023_24,LaLiga
2024-01-31,Barcelona,Osasuna,1,0,H,16,9,4,1,2023_24,LaLiga
2024-01-31,Ath Madrid,Vallecano,2,1,H,8,10,3,2,2023_24,LaLiga
2024-02-01,Getafe,Real Madrid,0,2,A,10,16,2,9,2023_24,LaLiga
2024-02-02,Ath Bilbao,Mallorca,4,0,H,13,6,6,2,2023_24,LaLiga
2024-02-03,Valencia,Almeria,2,1,H,7,15,2,5,2023_24,LaLiga
2024-02-03,Granada,Las Palmas,1,1,D,3,16,1,6,2023_24,LaLiga
2024-02-03,Alaves,Barcelona,1,3,A,13,8,2,5,2023_24,LaLiga
2024-02-03,Girona,Sociedad,0,0,D,11,11,3,2,2023_24,LaLiga
2024-02-04,Villarreal,Cadiz,0,0,D,19,8,4,2,2023_24,LaLiga
2024-02-04,Osasuna,Celta,0,3,A,18,6,1,5,2023_24,LaLiga
2024-02-04,Betis,Getafe,1,1,D,9,11,3,2,2023_24,LaLiga
2024-02-04,Real Madrid,Ath Madrid,1,1,D,17,10,4,5,2023_24,LaLiga
2024-02-05,Vallecano,Sevilla,1,2,A,22,10,5,6,2023_24,LaLiga
2024-02-09,Cadiz,Betis,0,2,A,14,13,5,5,2023_24,LaLiga
2024-02-10,Alaves,Villarreal,1,1,D,17,12,4,4,2023_24,LaLiga
2024-02-10,Sociedad,Osasuna,0,1,A,21,9,3,2,2023_24,LaLiga
2024-02-10,Real Madrid,Girona,4,0,H,16,5,6,0,2023_24,LaLiga
2024-02-10,Las Palmas,Valencia,2,0,H,8,7,3,1,2023_24,LaLiga
2024-02-11,Getafe,Celta,3,2,H,11,9,4,4,2023_24,LaLiga
2024-02-11,Mallorca,Vallecano,2,1,H,8,11,5,4,2023_24,LaLiga
2024-02-11,Sevilla,Ath Madrid,1,0,H,10,16,6,5,2023_24,LaLiga
2024-02-11,Barcelona,Granada,3,3,D,11,11,6,5,2023_24,LaLiga
2024-02-12,Almeria,Ath Bilbao,0,0,D,10,12,4,4,2023_24,LaLiga
2024-02-16,Villarreal,Getafe,1,1,D,20,11,7,2,2023_24,LaLiga
2024-02-17,Ath Madrid,Las Palmas,5,0,H,13,11,7,2,2023_24,LaLiga
2024-02-17,Osasuna,Cadiz,2,0,H,11,5,4,1,2023_24,LaLiga
2024-02-17,Celta,Barcelona,1,2,A,13,14,4,4,2023_24,LaLiga
2024-02-17,Valencia,Sevilla,0,0,D,14,1,4,1,2023_24,LaLiga
2024-02-18,Vallecano,Real Madrid,1,1,D,8,11,3,4,2023_24,LaLiga
2024-02-18,Granada,Almeria,1,1,D,19,13,7,3,2023_24,LaLiga
2024-02-18,Mallorca,Sociedad,1,2,A,4,19,1,5,2023_24,LaLiga
2024-02-18,Betis,Alaves,0,0,D,13,13,2,4,2023_24,LaLiga
2024-02-19,Ath Bilbao,Girona,3,2,H,14,12,7,6,2023_24,LaLiga
2024-02-23,Sociedad,Villarreal,1,3,A,21,6,8,4,2023_24,LaLiga
2024-02-24,Barcelona,Getafe,4,0,H,17,10,9,4,2023_24,LaLiga
2024-02-24,Alaves,Mallorca,1,1,D,9,15,1,8,2023_24,LaLiga
2024-02-24,Almeria,Ath Madrid,2,2,D,9,18,4,9,2023_24,LaLiga
2024-02-25,Cadiz,Celta,2,2,D,19,7,6,3,2023_24,LaLiga
2024-02-25,Betis,Ath Bilbao,3,1,H,13,3,5,1,2023_24,LaLiga
2024-02-25,Las Palmas,Osasuna,1,1,D,9,6,3,2,2023_24,LaLiga
2024-02-25,Real Madrid,Sevilla,1,0,H,16,4,6,1,2023_24,LaLiga
2024-02-26,Girona,Vallecano,3,0,H,14,7,8,1,2023_24,LaLiga
2024-03-01,Celta,Almeria,1,0,H,15,3,6,0,2023_24,LaLiga
2024-03-02,Sevilla,Sociedad,3,2,H,12,13,5,4,2023_24,LaLiga
2024-03-02,Vallecano,Cadiz,1,1,D,9,16,5,5,2023_24,LaLiga
2024-03-02,Getafe,Las Palmas,3,3,D,16,14,5,5,2023_24,LaLiga
2024-03-02,Valencia,Real Madrid,2,2,D,12,10,5,5,2023_24,LaLiga
2024-03-03,Villarreal,Granada,5,1,H,16,9,10,3,2023_24,LaLiga
2024-03-03,Ath Madrid,Betis,2,1,H,17,12,12,6,2023_24,LaLiga
2024-03-03,Mallorca,Girona,1,0,H,16,15,2,4,2023_24,LaLiga
2024-03-03,Ath Bilbao,Barcelona,0,0,D,8,8,2,2,2023_24,LaLiga
2024-03-04,Osasuna,Alaves,1,0,H,15,10,4,4,2023_24,LaLiga
2024-03-08,Barcelona,Mallorca,1,0,H,20,9,6,3,2023_24,LaLiga
2024-03-09,Valencia,Getafe,1,0,H,10,15,3,5,2023_24,LaLiga
2024-03-09,Cadiz,Ath Madrid,2,0,H,7,8,3,4,2023_24,LaLiga
2024-03-09,Granada,Sociedad,2,3,A,13,11,6,8,2023_24,LaLiga
2024-03-09,Girona,Osasuna,2,0,H,11,7,6,1,2023_24,LaLiga
2024-03-10,Alaves,Vallecano,1,0,H,12,9,4,3,2023_24,LaLiga
2024-03-10,Las Palmas,Ath Bilbao,0,2,A,14,7,2,2,2023_24,LaLiga
2024-03-10,Real Madrid,Celta,4,0,H,24,11,13,1,2023_24,LaLiga
2024-03-10,Betis,Villarreal,2,3,A,13,6,4,4,2023_24,LaLiga
2024-03-11,Almeria,Sevilla,2,2,D,14,19,4,6,2023_24,LaLiga
2024-03-15,Sociedad,Cadiz,2,0,H,14,13,6,2,2023_24,LaLiga
2024-03-16,Mallorca,Granada,1,0,H,18,8,8,3,2023_24,LaLiga
2024-03-16,Osasuna,Real Madrid,2,4,A,9,17,4,9,2023_24,LaLiga
2024-03-16,Getafe,Girona,1,0,H,11,13,3,3,2023_24,LaLiga
2024-03-16,Ath Bilbao,Alaves,2,0,H,16,7,4,3,2023_24,LaLiga
2024-03-17,Sevilla,Celta,1,2,A,11,18,4,5,2023_24,LaLiga
2024-03-17,Las Palmas,Almeria,0,1,A,21,3,6,2,2023_24,LaLiga
2024-03-17,Villarreal,Valencia,1,0,H,13,14,7,7,2023_24,LaLiga
2024-03-17,Vallecano,Betis,2,0,H,8,11,4,1,2023_24,LaLiga
2024-03-17,Ath Madrid,Barcelona,0,3,A,12,9,3,5,2023_24,LaLiga
2024-03-29,Cadiz,Granada,1,0,H,13,10,5,2,2023_24,LaLiga
2024-03-30,Getafe,Sevilla,0,1,A,18,10,5,3,2023_24,LaLiga
2024-03-30,Almeria,Osasuna,0,3,A,12,6,5,4,2023_24,LaLiga
2024-03-30,Valencia,Mallorca,0,0,D,14,11,5,3,2023_24,LaLiga
2024-03-30,Barcelona,Las Palmas,1,0,H,14,8,2,0,2023_24,LaLiga
2024-03-31,Celta,Vallecano,0,0,D,13,8,0,2,2023_24,LaLiga
2024-03-31,Girona,Betis,3,2,H,9,7,5,4,2023_24,LaLiga
2024-03-31,Alaves,Sociedad,0,1,A,3,12,0,3,2023_24,LaLiga
2024-03-31,Real Madrid,Ath Bilbao,2,0,H,9,7,4,3,2023_24,LaLiga
2024-04-01,Villarreal,Ath Madrid,1,2,A,11,14,2,8,2023_24,LaLiga
2024-04-04,Granada,Valencia,0,1,A,13,6,3,2,2023_24,LaLiga
2024-04-12,Betis,Celta,2,1,H,15,12,3,5,2023_24,LaLiga
2024-04-13,Ath Madrid,Girona,3,1,H,17,12,4,5,2023_24,LaLiga
2024-04-13,Vallecano,Getafe,0,0,D,11,7,2,0,2023_24,LaLiga
2024-04-13,Mallorca,Real Madrid,0,1,A,6,16,2,9,2023_24,LaLiga
2024-04-13,Cadiz,Barcelona,0,1,A,14,12,3,2,2023_24,LaLiga
2024-04-14,Las Palmas,Sevilla,0,2,A,5,10,2,3,2023_24,LaLiga
2024-04-14,Granada,Alaves,2,0,H,9,8,3,3,2023_24,LaLiga
2024-04-14,Ath Bilbao,Villarreal,1,1,D,13,10,6,2,2023_24,LaLiga
2024-04-14,Sociedad,Almeria,2,2,D,17,7,4,3,2023_24,LaLiga
2024-04-15,Osasuna,Valencia,0,1,A,13,4,2,3,2023_24,LaLiga
2024-04-19,Ath Bilbao,Granada,1,1,D,17,5,6,0,2023_24,LaLiga
2024-04-20,Celta,Las Palmas,4,1,H,21,9,13,4,2023_24,LaLiga
2024-04-20,Vallecano,Osasuna,2,1,H,17,6,6,2,2023_24,LaLiga
2024-04-20,Valencia,Betis,1,2,A,8,12,5,6,2023_24,LaLiga
2024-04-20,Girona,Cadiz,4,1,H,10,12,5,5,2023_24,LaLiga
2024-04-21,Getafe,Sociedad,1,1,D,6,7,4,3,2023_24,LaLiga
2024-04-21,Almeria,Villarreal,1,2,A,24,11,5,3,2023_24,LaLiga
2024-04-21,Alaves,Ath Madrid,2,0,H,8,15,3,4,2023_24,LaLiga
2024-04-21,Real Madrid,Barcelona,3,2,H,14,14,8,6,2023_24,LaLiga
2024-04-22,Sevilla,Mallorca,2,1,H,11,8,4,6,2023_24,LaLiga
2024-04-26,Sociedad,Real Madrid,0,1,A,9,5,3,3,2023_24,LaLiga
2024-04-27,Las Palmas,Girona,0,2,A,10,6,5,3,2023_24,LaLiga
2024-04-27,Almeria,Getafe,1,3,A,21,8,11,5,2023_24,LaLiga
2024-04-27,Alaves,Celta,3,0,H,16,4,8,0,2023_24,LaLiga
2024-04-27,Ath Madrid,Ath Bilbao,3,1,H,8,7,3,1,2023_24,LaLiga
2024-04-28,Cadiz,Mallorca,1,1,D,10,9,2,2,2023_24,LaLiga
2024-04-28,Granada,Osasuna,3,0,H,12,11,4,2,2023_24,LaLiga
2024-04-28,Villarreal,Vallecano,3,0,H,15,20,7,4,2023_24,LaLiga
2024-04-28,Betis,Sevilla,1,1,D,15,10,5,1,2023_24,LaLiga
2024-04-29,Barcelona,Valencia,4,2,H,27,5,13,3,2023_24,LaLiga
2024-05-03,Getafe,Ath Bilbao,0,2,A,34,7,9,2,2023_24,LaLiga
2024-05-04,Sociedad,Las Palmas,2,0,H,9,7,4,1,2023_24,LaLiga
2024-05-04,Real Madrid,Cadiz,3,0,H,19,7,9,2,2023_24,LaLiga
2024-05-04,Girona,Barcelona,4,2,H,9,16,7,7,2023_24,LaLiga
2024-05-04,Mallorca,Ath Madrid,0,1,A,7,9,4,4,2023_24,LaLiga
2024-05-05,Osasuna,Betis,0,2,A,12,10,2,4,2023_24,LaLiga
2024-05-05,Celta,Villarreal,3,2,H,23,11,7,3,2023_24,LaLiga
2024-05-05,Valencia,Alaves,0,1,A,13,14,1,4,2023_24,LaLiga
2024-05-05,Sevilla,Granada,3,0,H,11,8,5,3,2023_24,LaLiga
2024-05-05,Vallecano,Almeria,0,1,A,27,7,10,2,2023_24,LaLiga
2024-05-10,Alaves,Girona,2,2,D,14,15,8,5,2023_24,LaLiga
2024-05-11,Mallorca,Las Palmas,1,0,H,7,7,2,1,2023_24,LaLiga
2024-05-11,Villarreal,Sevilla,3,2,H,25,8,7,4,2023_24,LaLiga
2024-05-11,Granada,Real Madrid,0,4,A,12,13,1,7,2023_24,LaLiga
2024-05-11,Ath Bilbao,Osasuna,2,2,D,15,13,6,3,2023_24,LaLiga
2024-05-12,Cadiz,Getafe,1,0,H,13,10,6,4,2023_24,LaLiga
2024-05-12,Ath Madrid,Celta,1,0,H,21,6,8,2,2023_24,LaLiga
2024-05-12,Valencia,Vallecano,0,0,D,13,12,5,1,2023_24,LaLiga
2024-05-12,Betis,Almeria,3,2,H,14,14,7,7,2023_24,LaLiga
2024-05-13,Barcelona,Sociedad,2,0,H,14,10,5,3,2023_24,LaLiga
2024-05-14,Osasuna,Mallorca,1,1,D,10,10,4,4,2023_24,LaLiga
2024-05-14,Real Madrid,Alaves,5,0,H,22,18,11,10,2023_24,LaLiga
2024-05-14,Girona,Villarreal,0,1,A,22,11,5,3,2023_24,LaLiga
2024-05-15,Sevilla,Cadiz,0,1,A,14,19,3,7,2023_24,LaLiga
2024-05-15,Vallecano,Granada,2,1,H,18,10,9,1,2023_24,LaLiga
2024-05-15,Celta,Ath Bilbao,2,1,H,10,7,4,2,2023_24,LaLiga
2024-05-15,Getafe,Ath Madrid,0,3,A,8,7,3,3,2023_24,LaLiga
2024-05-16,Las Palmas,Betis,2,2,D,16,6,9,4,2023_24,LaLiga
2024-05-16,Almeria,Barcelona,0,2,A,12,16,3,7,2023_24,LaLiga
2024-05-16,Sociedad,Valencia,1,0,H,10,7,5,3,2023_24,LaLiga
2024-05-18,Alaves,Getafe,1,0,H,9,10,2,4,2023_24,LaLiga
2024-05-19,Ath Bilbao,Sevilla,2,0,H,15,9,6,4,2023_24,LaLiga
2024-05-19,Ath Madrid,Osasuna,1,4,A,15,15,2,6,2023_24,LaLiga
2024-05-19,Barcelona,Vallecano,3,0,H,14,15,6,4,2023_24,LaLiga
2024-05-19,Betis,Sociedad,0,2,A,18,5,9,2,2023_24,LaLiga
2024-05-19,Cadiz,Las Palmas,0,0,D,10,9,3,1,2023_24,LaLiga
2024-05-19,Granada,Celta,1,2,A,11,8,3,5,2023_24,LaLiga
2024-05-19,Mallorca,Almeria,2,2,D,29,7,8,3,2023_24,LaLiga
2024-05-19,Valencia,Girona,1,3,A,20,18,6,5,2023_24,LaLiga
2024-05-19,Villarreal,Real Madrid,4,4,D,21,12,7,6,2023_24,LaLiga
2024-05-24,Girona,Granada,7,0,H,16,10,9,2,2023_24,LaLiga
2024-05-25,Osasuna,Villarreal,1,1,D,12,11,6,3,2023_24,LaLiga
2024-05-25,Sociedad,Ath Madrid,0,2,A,14,10,4,4,2023_24,LaLiga
2024-05-25,Almeria,Cadiz,6,1,H,27,12,12,4,2023_24,LaLiga
2024-05-25,Vallecano,Ath Bilbao,0,1,A,17,7,4,1,2023_24,LaLiga
2024-05-25,Real Madrid,Betis,0,0,D,13,11,5,3,2023_24,LaLiga
2024-05-26,Getafe,Mallorca,1,2,A,16,9,6,4,2023_24,LaLiga
2024-05-26,Celta,Valencia,2,2,D,9,12,4,1,2023_24,LaLiga
2024-05-26,Las Palmas,Alaves,1,1,D,10,14,4,4,2023_24,LaLiga
2024-05-26,Sevilla,Barcelona,1,2,A,15,11,6,6,2023_24,LaLiga
2024-08-15,Ath Bilbao,Getafe,1,1,D,7,9,4,2,2024_25,LaLiga
2024-08-15,Betis,Girona,1,1,D,19,13,4,2,2024_25,LaLiga
2024-08-16,Celta,Alaves,2,1,H,6,10,4,2,2024_25,LaLiga
2024-08-16,Las Palmas,Sevilla,2,2,D,13,16,5,5,2024_25,LaLiga
2024-08-17,Osasuna,Leganes,1,1,D,16,10,5,4,2024_25,LaLiga
2024-08-17,Valencia,Barcelona,1,2,A,6,18,1,8,2024_25,LaLiga
2024-08-18,Sociedad,Vallecano,1,2,A,11,12,5,5,2024_25,LaLiga
2024-08-18,Mallorca,Real Madrid,1,1,D,12,13,5,4,2024_25,LaLiga
2024-08-19,Valladolid,Espanol,1,0,H,12,10,3,2,2024_25,LaLiga
2024-08-19,Villarreal,Ath Madrid,2,2,D,8,10,3,5,2024_25,LaLiga
2024-08-23,Celta,Valencia,3,1,H,7,13,5,5,2024_25,LaLiga
2024-08-23,Sevilla,Villarreal,1,2,A,15,6,9,5,2024_25,LaLiga
2024-08-24,Osasuna,Mallorca,1,0,H,15,11,5,2,2024_25,LaLiga
2024-08-24,Barcelona,Ath Bilbao,2,1,H,13,9,5,2,2024_25,LaLiga
2024-08-24,Espanol,Sociedad,0,1,A,13,8,3,4,2024_25,LaLiga
2024-08-24,Getafe,Vallecano,0,0,D,12,3,0,1,2024_25,LaLiga
2024-08-25,Real Madrid,Valladolid,3,0,H,17,8,9,2,2024_25,LaLiga
2024-08-25,Leganes,Las Palmas,2,1,H,10,10,5,5,2024_25,LaLiga
2024-08-25,Alaves,Betis,0,0,D,3,13,1,3,2024_25,LaLiga
2024-08-25,Ath Madrid,Girona,3,0,H,11,13,6,5,2024_25,LaLiga
2024-08-26,Villarreal,Celta,4,3,H,22,18,9,8,2024_25,LaLiga
2024-08-27,Mallorca,Sevilla,0,0,D,12,16,4,7,2024_25,LaLiga
2024-08-27,Vallecano,Barcelona,1,2,A,8,22,4,5,2024_25,LaLiga
2024-08-28,Ath Bilbao,Valencia,1,0,H,13,2,4,0,2024_25,LaLiga
2024-08-28,Valladolid,Leganes,0,0,D,12,8,2,1,2024_25,LaLiga
2024-08-28,Ath Madrid,Espanol,0,0,D,24,8,7,1,2024_25,LaLiga
2024-08-28,Sociedad,Alaves,1,2,A,8,12,1,5,2024_25,LaLiga
2024-08-29,Girona,Osasuna,4,0,H,10,1,5,0,2024_25,LaLiga
2024-08-29,Las Palmas,Real Madrid,1,1,D,7,25,3,8,2024_25,LaLiga
2024-08-31,Barcelona,Valladolid,7,0,H,23,5,10,2,2024_25,LaLiga
2024-08-31,Ath Bilbao,Ath Madrid,0,1,A,8,9,1,2,2024_25,LaLiga
2024-08-31,Espanol,Vallecano,2,1,H,10,17,5,5,2024_25,LaLiga
2024-08-31,Leganes,Mallorca,0,1,A,4,12,2,3,2024_25,LaLiga
2024-08-31,Valencia,Villarreal,1,1,D,22,9,6,3,2024_25,LaLiga
2024-09-01,Alaves,Las Palmas,2,0,H,15,12,5,7,2024_25,LaLiga
2024-09-01,Osasuna,Celta,3,2,H,10,12,4,3,2024_25,LaLiga
2024-09-01,Sevilla,Girona,0,2,A,16,11,5,4,2024_25,LaLiga
2024-09-01,Getafe,Sociedad,0,0,D,16,1,1,0,2024_25,LaLiga
2024-09-01,Real Madrid,Betis,2,0,H,20,12,8,2,2024_25,LaLiga
2024-09-13,Betis,Leganes,2,0,H,14,3,5,0,2024_25,LaLiga
2024-09-14,Mallorca,Villarreal,1,2,A,10,21,5,4,2024_25,LaLiga
2024-09-14,Espanol,Alaves,3,2,H,9,19,4,6,2024_25,LaLiga
2024-09-14,Sevilla,Getafe,1,0,H,10,15,4,4,2024_25,LaLiga
2024-09-14,Sociedad,Real Madrid,0,2,A,11,16,2,7,2024_25,LaLiga
2024-09-15,Celta,Valladolid,3,1,H,14,6,7,1,2024_25,LaLiga
2024-09-15,Girona,Barcelona,1,4,A,9,20,4,9,2024_25,LaLiga
2024-09-15,Las Palmas,Ath Bilbao,2,3,A,15,9,6,4,2024_25,LaLiga
2024-09-15,Ath Madrid,Valencia,3,0,H,14,5,5,1,2024_25,LaLiga
2024-09-16,Vallecano,Osasuna,3,1,H,17,5,6,2,2024_25,LaLiga
2024-09-17,Mallorca,Sociedad,1,0,H,10,13,4,4,2024_25,LaLiga
2024-09-18,Betis,Getafe,2,1,H,18,15,8,5,2024_25,LaLiga
2024-09-19,Leganes,Ath Bilbao,0,2,A,14,10,3,4,2024_25,LaLiga
2024-09-20,Alaves,Sevilla,2,1,H,10,8,4,2,2024_25,LaLiga
2024-09-21,Valladolid,Sociedad,0,0,D,15,14,2,4,2024_25,LaLiga
2024-09-21,Osasuna,Las Palmas,2,1,H,13,11,2,4,2024_25,LaLiga
2024-09-21,Valencia,Girona,2,0,H,7,8,2,3,2024_25,LaLiga
2024-09-21,Real Madrid,Espanol,4,1,H,31,10,14,2,2024_25,LaLiga
2024-09-22,Getafe,Leganes,1,1,D,12,6,3,3,2024_25,LaLiga
2024-09-22,Ath Bilbao,Celta,3,1,H,10,11,7,4,2024_25,LaLiga
2024-09-22,Villarreal,Barcelona,1,5,A,13,17,4,10,2024_25,LaLiga
2024-09-22,Vallecano,Ath Madrid,1,1,D,15,10,3,5,2024_25,LaLiga
2024-09-23,Betis,Mallorca,1,2,A,14,6,6,6,2024_25,LaLiga
2024-09-24,Sevilla,Valladolid,2,1,H,22,8,5,2,2024_25,LaLiga
2024-09-24,Valencia,Osasuna,0,0,D,10,9,2,2,2024_25,LaLiga
2024-09-24,Real Madrid,Alaves,3,2,H,10,12,4,3,2024_25,LaLiga
2024-09-25,Girona,Vallecano,0,0,D,11,2,0,0,2024_25,LaLiga
2024-09-25,Barcelona,Getafe,1,0,H,16,7,4,1,2024_25,LaLiga
2024-09-26,Espanol,Villarreal,1,2,A,11,15,2,4,2024_25,LaLiga
2024-09-26,Las Palmas,Betis,1,1,D,8,14,2,5,2024_25,LaLiga
2024-09-26,Celta,Ath Madrid,0,1,A,9,7,4,2,2024_25,LaLiga
2024-09-27,Valladolid,Mallorca,1,2,A,11,14,1,6,2024_25,LaLiga
2024-09-28,Getafe,Alaves,2,0,H,14,9,8,1,2024_25,LaLiga
2024-09-28,Vallecano,Leganes,1,1,D,15,13,6,3,2024_25,LaLiga
2024-09-28,Sociedad,Valencia,3,0,H,11,9,6,4,2024_25,LaLiga
2024-09-28,Osasuna,Barcelona,4,2,H,11,12,6,5,2024_25,LaLiga
2024-09-29,Celta,Girona,1,1,D,12,9,2,4,2024_25,LaLiga
2024-09-29,Ath Bilbao,Sevilla,1,1,D,13,13,3,4,2024_25,LaLiga
2024-09-29,Betis,Espanol,1,0,H,20,8,12,1,2024_25,LaLiga
2024-09-29,Ath Madrid,Real Madrid,1,1,D,12,12,4,4,2024_25,LaLiga
2024-09-30,Villarreal,Las Palmas,3,1,H,17,7,7,3,2024_25,LaLiga
2024-10-04,Leganes,Valencia,0,0,D,8,6,0,1,2024_25,LaLiga
2024-10-05,Espanol,Mallorca,2,1,H,8,11,3,4,2024_25,LaLiga
2024-10-05,Getafe,Osasuna,1,1,D,11,6,3,2,2024_25,LaLiga
2024-10-05,Las Palmas,Celta,0,1,A,24,8,5,1,2024_25,LaLiga
2024-10-05,Valladolid,Vallecano,1,2,A,13,17,5,3,2024_25,LaLiga
2024-10-05,Real Madrid,Villarreal,2,0,H,11,10,2,1,2024_25,LaLiga
2024-10-06,Girona,Ath Bilbao,2,1,H,14,13,6,4,2024_25,LaLiga
2024-10-06,Alaves,Barcelona,0,3,A,11,14,2,8,2024_25,LaLiga
2024-10-06,Sevilla,Betis,1,0,H,14,11,5,3,2024_25,LaLiga
2024-10-06,Sociedad,Ath Madrid,1,1,D,16,4,8,1,2024_25,LaLiga
2024-10-18,Alaves,Valladolid,2,3,A,10,12,4,4,2024_25,LaLiga
2024-10-19,Ath Bilbao,Espanol,4,1,H,10,5,6,2,2024_25,LaLiga
2024-10-19,Osasuna,Betis,1,2,A,19,11,6,7,2024_25,LaLiga
2024-10-19,Girona,Sociedad,0,1,A,8,14,3,4,2024_25,LaLiga
2024-10-19,Celta,Real Madrid,1,2,A,13,10,5,3,2024_25,LaLiga
2024-10-20,Mallorca,Vallecano,1,0,H,19,10,5,2,2024_25,LaLiga
2024-10-20,Ath Madrid,Leganes,3,1,H,24,5,9,2,2024_25,LaLiga
2024-10-20,Villarreal,Getafe,1,1,D,10,21,4,4,2024_25,LaLiga
2024-10-20,Barcelona,Sevilla,5,1,H,21,7,9,1,2024_25,LaLiga
2024-10-21,Valencia,Las Palmas,2,3,A,14,11,7,6,2024_25,LaLiga
2024-10-25,Espanol,Sevilla,0,2,A,16,6,1,3,2024_25,LaLiga
2024-10-26,Valladolid,Villarreal,1,2,A,7,21,3,9,2024_25,LaLiga
2024-10-26,Vallecano,Alaves,1,0,H,16,15,4,7,2024_25,LaLiga
2024-10-26,Las Palmas,Girona,1,0,H,12,8,3,3,2024_25,LaLiga
2024-10-26,Real Madrid,Barcelona,0,4,A,9,15,4,7,2024_25,LaLiga
2024-10-27,Leganes,Celta,3,0,H,7,18,4,5,2024_25,LaLiga
2024-10-27,Getafe,Valencia,1,1,D,15,2,4,1,2024_25,LaLiga
2024-10-27,Betis,Ath Madrid,1,0,H,24,10,3,3,2024_25,LaLiga
2024-10-27,Sociedad,Osasuna,0,2,A,19,10,9,4,2024_25,LaLiga
2024-10-28,Mallorca,Ath Bilbao,0,0,D,4,20,1,1,2024_25,LaLiga
2024-11-01,Alaves,Mallorca,1,0,H,13,7,3,2,2024_25,LaLiga
2024-11-02,Osasuna,Valladolid,1,0,H,20,7,4,4,2024_25,LaLiga
2024-11-02,Girona,Leganes,4,3,H,15,8,6,5,2024_25,LaLiga
2024-11-03,Ath Madrid,Las Palmas,2,0,H,15,1,3,1,2024_25,LaLiga
2024-11-03,Barcelona,Espanol,3,1,H,14,10,9,3,2024_25,LaLiga
2024-11-03,Sevilla,Sociedad,0,2,A,8,9,0,3,2024_25,LaLiga
2024-11-03,Ath Bilbao,Betis,1,1,D,17,7,8,4,2024_25,LaLiga
2024-11-04,Celta,Getafe,1,0,H,10,10,3,2,2024_25,LaLiga
2024-11-08,Vallecano,Las Palmas,1,3,A,35,11,7,3,2024_25,LaLiga
2024-11-09,Real Madrid,Osasuna,4,0,H,18,2,8,0,2024_25,LaLiga
2024-11-09,Villarreal,Alaves,3,0,H,13,9,3,3,2024_25,LaLiga
2024-11-09,Leganes,Sevilla,1,0,H,8,13,4,2,2024_25,LaLiga
2024-11-10,Betis,Celta,2,2,D,19,3,6,2,2024_25,LaLiga
2024-11-10,Mallorca,Ath Madrid,0,1,A,12,9,6,2,2024_25,LaLiga
2024-11-10,Getafe,Girona,0,1,A,8,3,0,2,2024_25,LaLiga
2024-11-10,Valladolid,Ath Bilbao,1,1,D,6,17,3,1,2024_25,LaLiga
2024-11-10,Sociedad,Barcelona,1,0,H,14,11,6,0,2024_25,LaLiga
2024-11-22,Getafe,Valladolid,2,0,H,12,6,5,3,2024_25,LaLiga
2024-11-23,Valencia,Betis,4,2,H,11,7,5,3,2024_25,LaLiga
2024-11-23,Ath Madrid,Alaves,2,1,H,11,4,8,1,2024_25,LaLiga
2024-11-23,Girona,Espanol,4,1,H,12,9,5,1,2024_25,LaLiga
2024-11-23,Las Palmas,Mallorca,2,3,A,14,10,3,3,2024_25,LaLiga
2024-11-23,Celta,Barcelona,2,2,D,15,9,8,4,2024_25,LaLiga
2024-11-24,Osasuna,Villarreal,2,2,D,4,17,3,7,2024_25,LaLiga
2024-11-24,Sevilla,Vallecano,1,0,H,11,9,3,1,2024_25,LaLiga
2024-11-24,Leganes,Real Madrid,0,3,A,4,16,0,9,2024_25,LaLiga
2024-11-24,Ath Bilbao,Sociedad,1,0,H,12,6,4,1,2024_25,LaLiga
2024-11-29,Mallorca,Valencia,2,1,H,9,7,3,1,2024_25,LaLiga
2024-11-30,Barcelona,Las Palmas,1,2,A,27,5,8,3,2024_25,LaLiga
2024-11-30,Alaves,Leganes,1,1,D,18,6,7,3,2024_25,LaLiga
2024-11-30,Espanol,Celta,3,1,H,9,16,5,2,2024_25,LaLiga
2024-11-30,Valladolid,Ath Madrid,0,5,A,9,13,1,9,2024_25,LaLiga
2024-12-01,Villarreal,Girona,2,2,D,13,13,4,6,2024_25,LaLiga
2024-12-01,Real Madrid,Getafe,2,0,H,13,8,4,3,2024_25,LaLiga
2024-12-01,Vallecano,Ath Bilbao,1,2,A,7,12,4,7,2024_25,LaLiga
2024-12-01,Sociedad,Betis,2,0,H,2,7,1,2,2024_25,LaLiga
2024-12-02,Sevilla,Osasuna,1,1,D,12,7,5,3,2024_25,LaLiga
2024-12-03,Mallorca,Barcelona,1,5,A,6,20,1,9,2024_25,LaLiga
2024-12-04,Ath Bilbao,Real Madrid,2,1,H,9,10,3,5,2024_25,LaLiga
2024-12-06,Celta,Mallorca,2,0,H,12,9,5,4,2024_25,LaLiga
2024-12-07,Las Palmas,Valladolid,2,1,H,11,9,5,2,2024_25,LaLiga
2024-12-07,Betis,Barcelona,2,2,D,12,9,6,3,2024_25,LaLiga
2024-12-07,Valencia,Vallecano,0,1,A,14,6,6,1,2024_25,LaLiga
2024-12-07,Girona,Real Madrid,0,3,A,10,10,4,7,2024_25,LaLiga
2024-12-08,Leganes,Sociedad,0,3,A,11,15,2,5,2024_25,LaLiga
2024-12-08,Ath Bilbao,Villarreal,2,0,H,12,11,4,1,2024_25,LaLiga
2024-12-08,Osasuna,Alaves,2,2,D,16,6,8,3,2024_25,LaLiga
2024-12-08,Ath Madrid,Sevilla,4,3,H,14,4,9,3,2024_25,LaLiga
2024-12-09,Getafe,Espanol,1,0,H,15,9,6,1,2024_25,LaLiga
2024-12-13,Valladolid,Valencia,1,0,H,2,14,1,2,2024_25,LaLiga
2024-12-14,Espanol,Osasuna,0,0,D,9,6,3,0,2024_25,LaLiga
2024-12-14,Mallorca,Girona,2,1,H,8,13,2,1,2024_25,LaLiga
2024-12-14,Sevilla,Celta,1,0,H,8,10,3,2,2024_25,LaLiga
2024-12-14,Vallecano,Real Madrid,3,3,D,14,13,5,6,2024_25,LaLiga
2024-12-15,Ath Madrid,Getafe,1,0,H,11,7,3,1,2024_25,LaLiga
2024-12-15,Alaves,Ath Bilbao,1,1,D,6,9,3,2,2024_25,LaLiga
2024-12-15,Sociedad,Las Palmas,0,0,D,15,9,4,3,2024_25,LaLiga
2024-12-15,Villarreal,Betis,1,2,A,17,10,4,4,2024_25,LaLiga
2024-12-15,Barcelona,Leganes,0,1,A,20,6,4,4,2024_25,LaLiga
2024-12-18,Espanol,Valencia,1,1,D,10,14,3,4,2024_25,LaLiga
2024-12-18,Villarreal,Vallecano,1,1,D,14,18,5,3,2024_25,LaLiga
2024-12-20,Girona,Valladolid,3,0,H,23,1,7,1,2024_25,LaLiga
2024-12-21,Getafe,Mallorca,0,1,A,18,9,5,2,2024_25,LaLiga
2024-12-21,Celta,Sociedad,2,0,H,11,7,7,1,2024_25,LaLiga
2024-12-21,Osasuna,Ath Bilbao,1,2,A,6,13,3,8,2024_25,LaLiga
2024-12-21,Barcelona,Ath Madrid,1,2,A,19,5,7,4,2024_25,LaLiga
2024-12-22,Valencia,Alaves,2,2,D,8,11,3,3,2024_25,LaLiga
2024-12-22,Real Madrid,Sevilla,4,2,H,16,10,8,5,2024_25,LaLiga
2024-12-22,Las Palmas,Espanol,1,0,H,10,9,4,2,2024_25,LaLiga
2024-12-22,Leganes,Villarreal,2,5,A,5,18,3,9,2024_25,LaLiga
2024-12-22,Betis,Vallecano,1,1,D,14,10,5,4,2024_25,LaLiga
2025-01-03,Valencia,Real Madrid,1,2,A,8,17,5,5,2024_25,LaLiga
2025-01-10,Vallecano,Celta,2,1,H,8,23,5,7,2024_25,LaLiga
2025-01-11,Alaves,Girona,0,1,A,11,3,2,1,2024_25,LaLiga
2025-01-11,Valladolid,Betis,1,0,H,12,14,1,3,2024_25,LaLiga
2025-01-11,Espanol,Leganes,1,1,D,15,14,5,6,2024_25,LaLiga
2025-01-11,Sevilla,Valencia,1,1,D,15,5,5,1,2024_25,LaLiga
2025-01-12,Las Palmas,Getafe,1,2,A,15,12,7,3,2024_25,LaLiga
2025-01-12,Ath Madrid,Osasuna,1,0,H,9,6,5,1,2024_25,LaLiga
2025-01-13,Sociedad,Villarreal,1,0,H,6,15,3,5,2024_25,LaLiga
2025-01-17,Espanol,Valladolid,2,1,H,12,11,4,4,2024_25,LaLiga
2025-01-18,Girona,Sevilla,1,2,A,7,14,4,6,2024_25,LaLiga
2025-01-18,Leganes,Ath Madrid,1,0,H,9,19,3,4,2024_25,LaLiga
2025-01-18,Betis,Alaves,1,3,A,7,9,2,5,2024_25,LaLiga
2025-01-18,Getafe,Barcelona,1,1,D,10,21,4,5,2024_25,LaLiga
2025-01-19,Celta,Ath Bilbao,1,2,A,3,14,1,6,2024_25,LaLiga
2025-01-19,Real Madrid,Las Palmas,4,1,H,26,6,13,2,2024_25,LaLiga
2025-01-19,Osasuna,Vallecano,1,1,D,12,8,3,3,2024_25,LaLiga
2025-01-19,Valencia,Sociedad,1,0,H,7,9,2,3,2024_25,LaLiga
2025-01-20,Villarreal,Mallorca,4,0,H,14,9,7,2,2024_25,LaLiga
2025-01-24,Las Palmas,Osasuna,1,1,D,16,16,7,4,2024_25,LaLiga
2025-01-25,Mallorca,Betis,0,1,A,16,8,3,3,2024_25,LaLiga
2025-01-25,Ath Madrid,Villarreal,1,1,D,20,11,8,1,2024_25,LaLiga
2025-01-25,Sevilla,Espanol,1,1,D,25,6,4,1,2024_25,LaLiga
2025-01-25,Valladolid,Real Madrid,0,3,A,6,20,2,4,2024_25,LaLiga
2025-01-26,Vallecano,Girona,2,1,H,17,12,7,5,2024_25,LaLiga
2025-01-26,Sociedad,Getafe,0,3,A,13,13,4,4,2024_25,LaLiga
2025-01-26,Ath Bilbao,Leganes,0,0,D,29,5,3,2,2024_25,LaLiga
2025-01-26,Barcelona,Valencia,7,1,H,22,7,11,2,2024_25,LaLiga
2025-01-27,Alaves,Celta,1,1,D,3,5,1,2,2024_25,LaLiga
2025-01-31,Leganes,Vallecano,0,1,A,5,19,1,3,2024_25,LaLiga
2025-02-01,Getafe,Sevilla,0,0,D,7,13,1,1,2024_25,LaLiga
2025-02-01,Villarreal,Valladolid,5,1,H,22,8,8,2,2024_25,LaLiga
2025-02-01,Ath Madrid,Mallorca,2,0,H,17,10,5,1,2024_25,LaLiga
2025-02-01,Espanol,Real Madrid,1,0,H,5,21,2,7,2024_25,LaLiga
2025-02-02,Barcelona,Alaves,1,0,H,11,3,4,0,2024_25,LaLiga
2025-02-02,Valencia,Celta,2,1,H,8,3,5,2,2024_25,LaLiga
2025-02-02,Osasuna,Sociedad,2,1,H,11,13,4,3,2024_25,LaLiga
2025-02-02,Betis,Ath Bilbao,2,2,D,10,12,6,4,2024_25,LaLiga
2025-02-03,Girona,Las Palmas,2,1,H,12,10,4,2,2024_25,LaLiga
2025-02-07,Vallecano,Valladolid,1,0,H,20,8,6,3,2024_25,LaLiga
2025-02-08,Celta,Betis,3,2,H,14,12,6,5,2024_25,LaLiga
2025-02-08,Ath Bilbao,Girona,3,0,H,23,3,8,1,2024_25,LaLiga
2025-02-08,Las Palmas,Villarreal,1,2,A,20,9,4,4,2024_25,LaLiga
2025-02-08,Real Madrid,Ath Madrid,1,1,D,23,10,9,1,2024_25,LaLiga
2025-02-09,Alaves,Getafe,0,1,A,12,4,4,3,2024_25,LaLiga
2025-02-09,Valencia,Leganes,2,0,H,18,12,4,4,2024_25,LaLiga
2025-02-09,Sociedad,Espanol,2,1,H,13,4,3,1,2024_25,LaLiga
2025-02-09,Sevilla,Barcelona,1,4,A,8,10,4,6,2024_25,LaLiga
2025-02-10,Mallorca,Osasuna,1,1,D,10,19,2,4,2024_25,LaLiga
2025-02-14,Girona,Getafe,1,2,A,14,10,4,6,2024_25,LaLiga
2025-02-15,Leganes,Alaves,3,3,D,8,16,3,7,2024_25,LaLiga
2025-02-15,Osasuna,Real Madrid,1,1,D,11,17,4,6,2024_25,LaLiga
2025-02-15,Ath Madrid,Celta,1,1,D,9,11,3,4,2024_25,LaLiga
2025-02-15,Villarreal,Valencia,1,1,D,13,12,4,3,2024_25,LaLiga
2025-02-16,Espanol,Ath Bilbao,1,1,D,12,14,4,4,2024_25,LaLiga
2025-02-16,Valladolid,Sevilla,0,4,A,7,11,2,6,2024_25,LaLiga
2025-02-16,Mallorca,Las Palmas,3,1,H,14,9,5,4,2024_25,LaLiga
2025-02-16,Betis,Sociedad,3,0,H,24,5,8,1,2024_25,LaLiga
2025-02-17,Barcelona,Vallecano,1,0,H,14,9,5,4,2024_25,LaLiga
2025-02-21,Celta,Osasuna,1,0,H,12,18,5,1,2024_25,LaLiga
2025-02-22,Alaves,Espanol,0,1,A,15,9,5,2,2024_25,LaLiga
2025-02-22,Vallecano,Villarreal,0,1,A,10,10,5,5,2024_25,LaLiga
2025-02-22,Valencia,Ath Madrid,0,3,A,18,11,2,3,2024_25,LaLiga
2025-02-22,Las Palmas,Barcelona,0,2,A,10,15,2,5,2024_25,LaLiga
2025-02-23,Ath Bilbao,Valladolid,7,1,H,29,5,16,3,2024_25,LaLiga
2025-02-23,Real Madrid,Girona,2,0,H,22,6,5,2,2024_25,LaLiga
2025-02-23,Getafe,Betis,1,2,A,10,13,4,6,2024_25,LaLiga
2025-02-23,Sociedad,Leganes,3,0,H,12,8,5,2,2024_25,LaLiga
2025-02-24,Sevilla,Mallorca,1,1,D,19,13,4,2,2024_25,LaLiga
2025-02-28,Valladolid,Las Palmas,1,1,D,23,4,7,3,2024_25,LaLiga
2025-03-01,Girona,Celta,2,2,D,9,10,6,6,2024_25,LaLiga
2025-03-01,Vallecano,Sevilla,1,1,D,20,10,8,5,2024_25,LaLiga
2025-03-01,Betis,Real Madrid,2,1,H,18,9,3,2,2024_25,LaLiga
2025-03-01,Ath Madrid,Ath Bilbao,1,0,H,12,15,4,3,2024_25,LaLiga
2025-03-02,Leganes,Getafe,1,0,H,5,9,1,0,2024_25,LaLiga
2025-03-02,Barcelona,Sociedad,4,0,H,33,0,10,0,2024_25,LaLiga
2025-03-02,Mallorca,Alaves,1,1,D,15,19,4,7,2024_25,LaLiga
2025-03-02,Osasuna,Valencia,3,3,D,12,12,5,5,2024_25,LaLiga
2025-03-08,Celta,Leganes,2,1,H,7,12,4,6,2024_25,LaLiga
2025-03-08,Alaves,Villarreal,1,0,H,5,24,3,2,2024_25,LaLiga
2025-03-08,Valencia,Valladolid,2,1,H,17,11,4,4,2024_25,LaLiga
2025-03-09,Getafe,Ath Madrid,2,1,H,11,4,3,2,2024_25,LaLiga
2025-03-09,Real Madrid,Vallecano,2,1,H,10,20,5,6,2024_25,LaLiga
2025-03-09,Ath Bilbao,Mallorca,1,1,D,8,9,2,2,2024_25,LaLiga
2025-03-09,Betis,Las Palmas,1,0,H,14,8,6,1,2024_25,LaLiga
2025-03-09,Sociedad,Sevilla,0,1,A,7,9,2,4,2024_25,LaLiga
2025-03-10,Espanol,Girona,1,1,D,7,18,4,4,2024_25,LaLiga
2025-03-14,Las Palmas,Alaves,2,2,D,14,9,7,3,2024_25,LaLiga
2025-03-15,Valladolid,Celta,0,1,A,5,10,2,1,2024_25,LaLiga
2025-03-15,Mallorca,Espanol,2,1,H,20,2,7,0,2024_25,LaLiga
2025-03-15,Villarreal,Real Madrid,1,2,A,23,9,10,5,2024_25,LaLiga
2025-03-15,Girona,Valencia,1,1,D,14,12,4,2,2024_25,LaLiga
2025-03-16,Leganes,Betis,2,3,A,10,21,4,6,2024_25,LaLiga
2025-03-16,Sevilla,Ath Bilbao,0,1,A,11,9,4,4,2024_25,LaLiga
2025-03-16,Osasuna,Getafe,1,2,A,12,7,4,4,2024_25,LaLiga
2025-03-16,Vallecano,Sociedad,2,2,D,10,8,5,4,2024_25,LaLiga
2025-03-16,Ath Madrid,Barcelona,2,4,A,7,13,2,6,2024_25,LaLiga
2025-03-27,Barcelona,Osasuna,3,0,H,19,4,5,0,2024_25,LaLiga
2025-03-29,Sociedad,Valladolid,2,1,H,12,12,2,5,2024_25,LaLiga
2025-03-29,Espanol,Ath Madrid,1,1,D,8,13,1,2,2024_25,LaLiga
2025-03-29,Alaves,Vallecano,0,2,A,12,11,4,5,2024_25,LaLiga
2025-03-29,Real Madrid,Leganes,3,2,H,24,10,10,4,2024_25,LaLiga
2025-03-30,Getafe,Villarreal,1,2,A,11,9,4,3,2024_25,LaLiga
2025-03-30,Barcelona,Girona,4,1,H,21,4,9,2,2024_25,LaLiga
2025-03-30,Ath Bilbao,Osasuna,0,0,D,11,5,5,2,2024_25,LaLiga
2025-03-30,Valencia,Mallorca,1,0,H,8,8,2,2,2024_25,LaLiga
2025-03-30,Betis,Sevilla,2,1,H,11,6,3,2,2024_25,LaLiga
2025-03-31,Celta,Las Palmas,1,1,D,19,4,7,2,2024_25,LaLiga
2025-04-04,Vallecano,Espanol,0,4,A,16,15,5,7,2024_25,LaLiga
2025-04-05,Girona,Alaves,0,1,A,11,14,6,3,2024_25,LaLiga
2025-04-05,Real Madrid,Valencia,1,2,A,21,10,9,2,2024_25,LaLiga
2025-04-05,Mallorca,Celta,1,2,A,7,10,2,4,2024_25,LaLiga
2025-04-05,Barcelona,Betis,1,1,D,13,6,5,2,2024_25,LaLiga
2025-04-06,Las Palmas,Sociedad,1,3,A,13,13,5,8,2024_25,LaLiga
2025-04-06,Sevilla,Ath Madrid,1,2,A,11,13,6,5,2024_25,LaLiga
2025-04-06,Valladolid,Getafe,0,4,A,5,16,0,9,2024_25,LaLiga
2025-04-06,Villarreal,Ath Bilbao,0,0,D,12,11,4,2,2024_25,LaLiga
2025-04-07,Leganes,Osasuna,1,1,D,13,14,7,6,2024_25,LaLiga
2025-04-11,Valencia,Sevilla,1,0,H,8,12,6,5,2024_25,LaLiga
2025-04-12,Sociedad,Mallorca,0,2,A,15,7,4,3,2024_25,LaLiga
2025-04-12,Getafe,Las Palmas,1,3,A,11,10,6,5,2024_25,LaLiga
2025-04-12,Celta,Espanol,0,2,A,16,5,6,3,2024_25,LaLiga
2025-04-12,Leganes,Barcelona,0,1,A,6,12,1,3,2024_25,LaLiga
2025-04-13,Osasuna,Girona,2,1,H,13,18,6,8,2024_25,LaLiga
2025-04-13,Alaves,Real Madrid,0,1,A,13,11,6,4,2024_25,LaLiga
2025-04-13,Betis,Villarreal,1,2,A,24,8,5,2,2024_25,LaLiga
2025-04-13,Ath Bilbao,Vallecano,3,1,H,13,11,4,3,2024_25,LaLiga
2025-04-14,Ath Madrid,Valladolid,4,2,H,24,6,9,3,2024_25,LaLiga
2025-04-18,Espanol,Getafe,1,0,H,9,9,3,4,2024_25,LaLiga
2025-04-19,Vallecano,Valencia,1,1,D,11,10,4,3,2024_25,LaLiga
2025-04-19,Barcelona,Celta,4,3,H,18,11,6,8,2024_25,LaLiga
2025-04-19,Mallorca,Leganes,0,0,D,11,15,1,1,2024_25,LaLiga
2025-04-19,Las Palmas,Ath Madrid,1,0,H,8,7,2,2,2024_25,LaLiga
2025-04-20,Valladolid,Osasuna,2,3,A,12,11,5,6,2024_25,LaLiga
2025-04-20,Villarreal,Sociedad,2,2,D,20,4,5,4,2024_25,LaLiga
2025-04-20,Sevilla,Alaves,1,1,D,10,11,2,3,2024_25,LaLiga
2025-04-20,Real Madrid,Ath Bilbao,1,0,H,22,3,7,1,2024_25,LaLiga
2025-04-21,Girona,Betis,1,3,A,11,17,5,9,2024_25,LaLiga
2025-04-22,Valencia,Espanol,1,1,D,16,8,7,3,2024_25,LaLiga
2025-04-22,Barcelona,Mallorca,1,0,H,40,4,13,0,2024_25,LaLiga
2025-04-23,Ath Bilbao,Las Palmas,1,0,H,13,10,4,2,2024_25,LaLiga
2025-04-23,Celta,Villarreal,3,0,H,21,4,9,1,2024_25,LaLiga
2025-04-23,Alaves,Sociedad,1,0,H,10,6,1,0,2024_25,LaLiga
2025-04-23,Getafe,Real Madrid,0,1,A,20,14,6,7,2024_25,LaLiga
2025-04-24,Leganes,Girona,1,1,D,7,8,1,3,2024_25,LaLiga
2025-04-24,Osasuna,Sevilla,1,0,H,9,12,2,3,2024_25,LaLiga
2025-04-24,Ath Madrid,Vallecano,3,0,H,10,12,5,5,2024_25,LaLiga
2025-04-24,Betis,Valladolid,5,1,H,16,10,6,5,2024_25,LaLiga
2025-04-27,Villarreal,Espanol,1,0,H,14,12,5,1,2024_25,LaLiga
2025-05-02,Vallecano,Getafe,1,0,H,13,12,8,1,2024_25,LaLiga
2025-05-03,Alaves,Ath Madrid,0,0,D,8,9,2,2,2024_25,LaLiga
2025-05-03,Villarreal,Osasuna,4,2,H,15,11,5,4,2024_25,LaLiga
2025-05-03,Las Palmas,Valencia,2,3,A,15,10,3,5,2024_25,LaLiga
2025-05-03,Valladolid,Barcelona,1,2,A,5,24,4,7,2024_25,LaLiga
2025-05-04,Real Madrid,Celta,3,2,H,17,14,6,7,2024_25,LaLiga
2025-05-04,Sevilla,Leganes,2,2,D,25,9,7,3,2024_25,LaLiga
2025-05-04,Espanol,Betis,1,2,A,11,20,5,10,2024_25,LaLiga
2025-05-04,Sociedad,Ath Bilbao,0,0,D,12,3,3,1,2024_25,LaLiga
2025-05-05,Girona,Mallorca,1,0,H,13,9,6,1,2024_25,LaLiga
2025-05-09,Las Palmas,Vallecano,0,1,A,11,16,2,5,2024_25,LaLiga
2025-05-10,Valencia,Getafe,3,0,H,10,10,6,3,2024_25,LaLiga
2025-05-10,Celta,Sevilla,3,2,H,8,19,4,10,2024_25,LaLiga
2025-05-10,Girona,Villarreal,0,1,A,7,14,0,5,2024_25,LaLiga
2025-05-10,Mallorca,Valladolid,2,1,H,12,16,4,7,2024_25,LaLiga
2025-05-10,Ath Madrid,Sociedad,4,0,H,13,6,7,1,2024_25,LaLiga
2025-05-11,Leganes,Espanol,3,2,H,13,12,5,6,2024_25,LaLiga
2025-05-11,Barcelona,Real Madrid,4,3,H,23,9,9,5,2024_25,LaLiga
2025-05-11,Ath Bilbao,Alaves,1,0,H,11,4,3,1,2024_25,LaLiga
2025-05-11,Betis,Osasuna,1,1,D,10,16,5,5,2024_25,LaLiga
2025-05-13,Valladolid,Girona,0,1,A,11,13,4,5,2024_25,LaLiga
2025-05-13,Sociedad,Celta,0,1,A,15,6,5,2,2024_25,LaLiga
2025-05-13,Sevilla,Las Palmas,1,0,H,10,14,3,3,2024_25,LaLiga
2025-05-14,Alaves,Valencia,1,0,H,11,10,5,3,2024_25,LaLiga
2025-05-14,Villarreal,Leganes,3,0,H,17,23,7,6,2024_25,LaLiga
2025-05-14,Real Madrid,Mallorca,2,1,H,39,4,13,2,2024_25,LaLiga
2025-05-15,Vallecano,Betis,2,2,D,20,10,6,3,2024_25,LaLiga
2025-05-15,Osasuna,Ath Madrid,2,0,H,9,9,3,5,2024_25,LaLiga
2025-05-15,Espanol,Barcelona,0,2,A,9,12,1,4,2024_25,LaLiga
2025-05-15,Getafe,Ath Bilbao,0,2,A,11,9,1,2,2024_25,LaLiga
2025-05-18,Ath Madrid,Betis,4,1,H,20,12,11,7,2024_25,LaLiga
2025-05-18,Barcelona,Villarreal,2,3,A,24,7,9,3,2024_25,LaLiga
2025-05-18,Celta,Vallecano,1,2,A,24,7,7,2,2024_25,LaLiga
2025-05-18,Las Palmas,Leganes,0,1,A,12,11,3,4,2024_25,LaLiga
2025-05-18,Mallorca,Getafe,1,2,A,7,10,1,4,2024_25,LaLiga
2025-05-18,Osasuna,Espanol,2,0,H,16,16,3,6,2024_25,LaLiga
2025-05-18,Sevilla,Real Madrid,0,2,A,6,16,1,6,2024_25,LaLiga
2025-05-18,Sociedad,Girona,3,2,H,15,9,9,5,2024_25,LaLiga
2025-05-18,Valencia,Ath Bilbao,0,1,A,6,10,2,4,2024_25,LaLiga
2025-05-18,Valladolid,Alaves,0,1,A,7,14,1,4,2024_25,LaLiga
2025-05-23,Betis,Valencia,1,1,D,14,9,4,2,2024_25,LaLiga
2025-05-24,Real Madrid,Sociedad,2,0,H,16,9,8,1,2024_25,LaLiga
2025-05-24,Espanol,Las Palmas,2,0,H,8,10,3,4,2024_25,LaLiga
2025-05-24,Leganes,Valladolid,3,0,H,16,6,6,2,2024_25,LaLiga
2025-05-24,Alaves,Osasuna,1,1,D,14,19,5,5,2024_25,LaLiga
2025-05-24,Getafe,Celta,1,2,A,6,15,1,8,2024_25,LaLiga
2025-05-24,Vallecano,Mallorca,0,0,D,27,9,8,2,2024_25,LaLiga
2025-05-25,Girona,Ath Madrid,0,4,A,2,19,1,11,2024_25,LaLiga
2025-05-25,Villarreal,Sevilla,4,2,H,12,17,7,6,2024_25,LaLiga
2025-05-25,Ath Bilbao,Barcelona,0,3,A,10,13,1,4,2024_25,LaLiga
